State@City@Address
NA@AHILYA NAGAR@Office No.201, 2nd Floor, Kalika Pride, Near Swasthya Hospital Laltaki Road, Ahilya Nagar - 414001
NA@AHMEDABAD@Office No. 302,303,304, 3rd Floor, 3rd Eye Vision, Opposite Shivalik Plaza, Near IIM, Panjra Pol, Ahmedabad, 380009
Tamil Nadu@AMBATTUR@1st Floor, No 43/2,Red Hills Road, Vinayagapuram,Oragadam, Ambattur, Chennai, Tamil Nadu-600053
Karnataka@BANGALORE@1st Floor, NPR Chambers, No 746, 80 Feet Road, Koramangala 4th Block, Bengaluru, 560034, Karnataka
Karnataka@BELAGAVI@1st Floor, Sharada Plaza,Plot  No 2351, C.T.S No.9632, Sector No 11,  Mahantesh Nagar, Belagavi, 590016 - Karnataka
NA@BHAVNAGAR@2nd Floor, Shop no. 215, Imperial Arc, Waghawadi Road, Near Shyamal Das College Gate, Bhavnagar - 364002
Punjab@CHANDIGARH@2nd Floor, SCO No. 149-150, Sector 8-C, Madhya Marg, Chandigarh, Punjab -160017
Tamil Nadu@CHENGALPATTU@1st Floor, No 187/96, G.S.T Road, Chengalpattu - 603001, Tamil Nadu
Tamil Nadu@CHENNAI@7th and 8th Floor, Kochar Tower, Old Door No. 10, New Door No.19, Venkatnarayanan Road, T. Nagar, Chennai-600017, Tamil Nadu
NA@CHHATRAPATI SAMBHAJI NAGAR@100, 1st Floor, Siddharth Arcade, CTS No. 18349/1/8, Opp. MTDC Holiday Camp, Station Road, Chhatrapati Sambhaji Nagar - 431005
Tamil Nadu@COIMBATORE@2nd Floor,No 60/61, D B Road, R S Puram, Coimbatore, Tamil Nadu-641002
Delhi@DELHI@First Floor, 3B, Rajendra Park, Pusa Road, New Delhi, 110005
Tamil Nadu@DINDIGUL@First Floor, No. 1, Scheme Road, Near Head Post Office, Dindigul -624001, Tamil Nadu
NA@ELURU@No. 25/13/1,T. S. No-44, 2nd Floor, K.G.N Shariff Arcade, NR Pet, Main Road, Eluru-534006
Tamil Nadu@ERODE@2nd Floor, Kandhakkottam,No 141, Sathy Road, Erode, Tamil Nadu-638003
Gujarat@HIMATNAGAR@2nd Fl, Gala No -  201, Sun Complex-1, Motipura, NH-8, Himatnagar  Gujarat  383001
Tamil Nadu@HOSUR@1st Floor, No. 11/6C, Kamaraj Colony, 2nd Cross, Hosur - 635109, Tamil Nadu
Karnataka@HUBLI@2nd Floor, V.A. Kalburgi Square, Desai Cross Road, Deshpande Nagar, Hubballi, 580029, Karnataka.
Telangana@HYDERABAD@4th Floor, Janaki Avenue, Premises house bearing Nos. 1-11-220/15 on Plot No.15, in Survey no. 54 situated at Brindavan Colony, Begumpet, Hyderabad, Secunderabad Circle, Telangana - 500016
Madhya Pradesh@INDORE@Office No 406-407, 4th Floor, D.M. Tower, Plot No 21/1, Racecourse Road, Indore, 452001, Madhya Pradesh
NA@JAIPUR@Office No 103 B, 1st Floor, K J City Tower, Plot No. E-2, Ashok Marg, C-Scheme, Jaipur 302001
NA@JALGAON@Trade Centre, 1st Floor, Office No.101, Plot No. 21, Sy. No. 243/1, C.T.S. No. 7067, Jalgaon - 425001
NA@JAMNAGAR@4th Floor, Swastik Avenue commercial building, Ward no.10, Near State Bank of India, Lal Bunglow Road, Jamnagar - 361001.
NA@JUNAGADH@Second Floor, Motibaug Campus, Opp. Gate No.2. Timbawadi Road, Junagadh, 362001
NA@KALYAN@Sardar Vallabhai Patel Road, Swami Sahajanand Chowk, Kalyan - 421301
Tamil Nadu@KANCHIPURAM@No 22, 1st Floor,Kamarajar Street, Kanchipuram, Tamil Nadu-631501
Telangana@KARIMNAGAR@2nd floor, H-No 8-7-308, Hyderabad Road, Kothirampur, Karimnagar - 505001, Telangana
Tamil Nadu@KARUR@Karur Town Ward no. 1, Block no. 57, Door No. 32A, 1st Floor, Old by pass road, Opp: State Bank of India, Karur - 639001, Tamil Nadu
Telangana@KHAMMAM@2nd Floor, No. 8 & 9, Venkata Sai Ram Arcade, No.309 & 310, Old CPI office, Nehru Nagar, Khammam, 507002, Telangana
Maharashtra@KOLHAPUR@Galaxy Tower ,2nd Floor,Office Unit No.2 & 3,E Ward,New Shahupuri, Kolhapur, Maharashtra-416001
NA@KOLKATA@Saket Building, 9th floor, 44, Park Street, Kolkata – 700 016
Tamil Nadu@KUMBAKONAM@No 49, 1st Floor,Ayekulam Road, Kumbakonam, Tamil Nadu-612001
Andhra Pradesh@KURNOOL@Shop No. FF- 19A, First Floor, T.J. Shopping Mall, Near SBI Circle, R.S. Road, Kurnool, Andhra Pradesh - 518002
Punjab@LUDHIANA@Office no. 301, 3rd floor, San Plaza building, SCO no.15, Khasara no. 720, Feroze Gandhi Market, Village : Karabara, H. B. No. 161, Abaddi known as Ferozepur Road, Dist. Ludhiana, Punjab - 141 001.
Tamil Nadu@MADURAI@1st Floor, RKVK Square, No 30 and 31, Sundararajapuram, AA Road, Jaihind Puram, Madurai - 625011, Tamil Nadu
NA@MEHSANA@Off. No.8, 2nd Floor, Orbit Business Hub, Radhanpur Road, Mehsana, 384002
NA@MUMBAI@Tower 3, Wing B, Kohinoor City Mall, Kohinoor City, Kirol Road, Kurla(W),Mumbai – 400070
NA@MYSORE@Unit 2, No 1335/A, 2nd floor, C & D Block, Opp to Gnanaganga School, Panchamanthra Road, Kuvempunagar, Mysuru - 570023
Maharashtra@NAGPUR@Office No. 404, Glass Box, Plot No. 5, West High Court Road, Dharampeth Nagpur, Maharashtra 440012
NA@NAMAKKAL@Parasakthi Complex, 1st  Floor, No –86  Tiruchengode Main   Road,   Namakkal -637001
NA@NASHIK@Plot No. 62, S.N 715/B62, F.P No. 456/B, Thatte Nagar, Off College Road, Opp. BYK College, Nashik - 422005
Andhra Pradesh@NELLORE@3rd Floor, Sankara Agraharam, Indira Bhavan Road, Municiple Ward no. 16, Old door no. 644, 708, New Door No 16-2.561, S.P.S.R. Nellore District, Nellor, Andhra Pradesh-524001
NA@PANVEL@A-205, Neelkanth Landmark, Plot No-365\1, 365\2, Behind Orion Mall,Vijay Sales, Panvel, Raigad-410206
Pondicherry@PONDICHERRY@No303/307,1st Floor,Maraimalaiadigal Salai, Nelithope, Pondicherry, Pondicherry-605005
NA@PUDUKKOTTAI@Sakthi Tower, T. S. No 5469-5470 / 2, 1st Street, Marthandapuram, Pudukottai, 622001
Maharashtra@PUNE@Office Premises No. 407,408, 409 & 410, 4th Floor, Kakade Bizz Icon, Survey no. 132/A-2-1, Situate at Ganeshkhind Road, Shivaji Nagar (Bhamburde), Taluka Haveli, District Pune, Maharashtra. 411005
NA@RAIPUR@Office No 207, Progressive Point, 2nd Floor, Near Fruit Market, lalpur, Raipur, Chattisgarh, 492001
Andhra Pradesh@RAJAMUNDRY@1st Floor, Door No 6-11-1/2 (Old door no. 6-11-2), T.S. No. 163 P, Kankatala Vari Street, T.Nagar, East Godavari District, Rajahmundry  District - Registry, Rajahmundry, Innispeta, Palakodeti Vari Street, Rajahmundry - 533101, Andhra Pradesh.
NA@RAJKOT@"3rd Floor, ""Shiv Darshan"", Dr. Radhakrisnan Road, Corner of 5-Jagnath Plot off Yagnik Road, Rajkot, 360001"
Tamil Nadu@SALEM@Ground floor, Survey No. 103/1E4 103/1E6, Door 1/14 Raja Arcade, Alagapuram, Sriram Nagar, Salem - 636016, Tamil Nadu
NA@SOLAPUR@CTS No.8296/4-3, Shraddha Empire, Office No.8 And 9, Railway Lines, Solapur - 413001
NA@SURAT@Office No.B430-B431, International Trade Center, Majura Gate Crossing, Ring Road, Surat, 395002
NA@SURENDRANAGAR@Second Floor, Unit No.210-211, Mega Mall - 1, Main Road, Surendranagar, 363001
Tamil Nadu@THANJAVUR@First Floor, Sri Lakshmi Complex, Plot No. 11 & 12, Kalanjiyam Garden, Thanjavur - 613005, Tamil Nadu
Tamil Nadu@THIRUVALLUR@No.169, Second Floor, JN Road, Thiruvallur - 602001, Tamil Nadu.
NA@TIRUNELVELI@1st floor, Shree complex, No.10 C, NGO Colony, RTO office main road, Palayamkotti, Tirunelveli, 627007
Andhra Pradesh@TIRUPATI@No.19/8/112/D, 3rd Floor, Air Bypass Road, Kora Towers, Near Annamayya Circle, Tirupati-517501 Andhra Pradesh
Tamil Nadu@TIRUPUR@Dhanam Towers, 2nd Floor,No 1, Binny Main Road, Tirupur, Tamil Nadu-641601
Tamil Nadu@TIRUVANNAMALAI@2nd Floor, Rr Tower, No 15polur Road, Thiruvanamalai, Tamil Nadu-606601
Tamil Nadu@TRICHY@3rd Floor, Selva Nirmala Complex,C-87,5th Cross, Thillai Nagar, Tiruchirappalli, Tamil Nadu-620018
NA@TUTICORIN@First Floor, 17 B, Palayamkottai Road, Tuticorin-628002
NA@VADODARA@Office no. 201, Second Floor, Atlantis K-10, at Mouje : Vadivadi, Vadodara, 390007
Gujarat@VAPI@3rd Floor, Office No. 8 And 9,Girnar Khushboo Plazaplot No.209, Near Reliance Mall,Gidc, Vapi, Gujarat-396195
NA@VELLORE@Hari Tyres No. 620/6, First Floor, Katpadi Taluka,Vellore -632 007
Andhra Pradesh@VIJAYAWADA@D. No: 59-14-2,2nd floor, Shanthi Plaza, above SBI NRI branch, NH5, Gayatri Nagar, Near Benz Circle, Vijayawada, Andhra Pradesh - 520008.
NA@VISHAKHAPATNAM@2nd Floor, No. 43-9-146 & 147, T.S.N. Colony, Main Road, Visakhapatnam, 530016
Telangana@WARANGAL@2nd Floor, K.S.R. Sastry Business Park, Nayeem Nagar, K U Cross Roads, Hanamkonda, Warangal, Telangana-506001
