State,City,Branch,Address
Delhi,Central Delhi,Connaught Place,L 13 Connaught Place Outer Circle Near Haldiram New Delhi 110001 New Delhi India
Delhi,Central Delhi,Karol Bagh,"Pvt. No. GF-3, 18/7-8, Ground Floor,Arya Samaj Road, WEA, Karol Bagh, New Delhi - 110005"
Delhi,North Delhi,Model Town,"Property No. B-6, Gujranwala Town, Part-1, Model Town, Delhi - 110 009"
Delhi,South East Delhi,Lajpat Nagar,"20-A, Lajpat Nagar-4 Ring Road Opposite Haldirams Delhi 110024 Delhi India"
Delhi,South West Delhi,Naraina,"Plot No. E-26, Upper Ground Floor,Naraina Vihar, New Delhi -110 028"
Goa,Goa,Bicholim,Shop No. 8 & 9 Ground Floor Shetye Resicom. Bicholim Goa 403504 Goa India
Goa,Goa,Mapusa,Jessma business centre Morod Near Registrar office Mapusa 403507 Goa India
Goa,Goa,Margao,Hira Niketan Comba Nr loyola high school Margao 403601 Goa India
Goa,Goa,Panjim,Mustifund Sanstha Bldg. Dewoolwada Dr. Dada Vaidya Road Near Mahalaxmi Temple Panjim 403001 Goa India
Goa,Goa,Ponda,Hotel Prakash Heritage Super Market Complex Ponda Goa 403401 Goa India
Goa,Goa,Porvorim,Shop no 1&1A Ground FLoor Cosme Costa Nucleus Porvorim NH17 Opp Goa scan centre Porvorim 403421 Goa India
Goa,Goa,Sankhali,Taramahal Taranagar Harvalem Ravindra bhavan Sankhali 403505 Goa India
Goa,Goa,Sanvordem,"Meghkunj, Opp Police station. Sanguem Road. Curchorem - Sanvordem. Goa 403706 Goa India"
Goa,Goa,Vasco,Murgaon Mutt Sankul F.L.Gomes Murgaon Mutt Vasco 403802 Goa India
Gujarat,Ahmedabad,Anand Nagar,"16, Shangrila Arcade, Satellite Shyamal Cross Road, Anand Nagar Road. Nr. Sharma Hyundai Ahmedabad 3800015 Gujrat India"
Gujarat,Ahmedabad,Bapu Nagar,"B/2 Arvind Estate, Opp. Vadilal Park, Near Indica Lab, Next to Star Hospital, L. B. Shastri Marg, Bapunagar, Ahmedabad - 380 025."
Gujarat,Ahmedabad,CG Road,"Unit no.7 & 8, 3rd Eye Complex Panchvati Panch Rasta C G Road Opp. Centre point Ahmedabad 380006 Gujarat India"
Gujarat,Ahmedabad,Ghatlodia,"8 And 9, Kalasagar Shopping, Hub,Near Sattadhar Cross Road, Ghatlodia, Ahmedabad 380061"
Gujarat,Ahmedabad,Isanpur Ahmedabad.,"Dev castle, unit no 1 &2 Govindwadi Below Topaz restaurant Ahmedabad 382443 Gujarat India"
Gujarat,Ahmedabad,Maninagar,3&4 Shyam Darshan Complex Maninagar Maninagar Char Rasta Beside Sales India Maninagar Ahmedabad 380008 Gujarat India
Gujarat,Ahmedabad,Naranpura- Wadaj,"Unit No.10 & 11 Shivalik Yash Naranpura Wadaj, Ring Road, Opp. Shashtri Nagar BRTS Bus Stop Ahmedabad 380013 Gujarat India"
Gujarat,Surat,Adajan,"Shop No.4,5 And 6, Western Corridor, Pal Hajira Road Adajan, Surat 395009"
Gujarat,Surat,Ring Road,"Legend Textile Market, Ground floor, opposite Sahara Darwaja, Ring Road Surat 395002, Gujarat, India"
Gujarat,Surat,Varachha Road,"B/101, Yash Plaza,Ground Floor. Opp. Dhanmal Silk Mills, Varachha Main Road Varachha Surat 395006 Gujarat India"
Gujarat,Vadodara,Alkapuri,"Shop Nos. 44 & 45, Ground Floor, Emerald One, Near Gujarat Kidney Hospital, Jetalpur Road, Alkapuri, Vadodara - 390 007."
Gujarat,Vadodara,Fatehganj,"“Airavat” , Ground Floor,Plot No.3,4, Sadhanagar Co-op. Society, Opp. Rangoli Restaurant, Fatehganj, Main Road, Vadodara Fatehganj Vadodara 390002 Gujarat India"
Gujarat,Vadodara,Karelibaug,"A/49 Ranchod Park Housing Society, Gr.Floor, Karelibaug, Amit Nagar Circle, VIP Road, new Vip road Amit Nagar Circle VADODARA 390018 Gujarat India"
Gujarat,Vadodara,Manjalpur,"A/ 8, Shreeji Dham Society, Village Manjalpur,Deep Chamber Road, Vadodara -390011"
Gujarat,Vapi,Vapi,"Shop no.2B,3 & 4, Gr Floor, Shanti Complex,Plot No. P/50/1 GIDC Gunjan Road Near Reliance Mall,GIDC, Vapi 396195 Gujarat India"
Haryana,Faridabad,Faridabad NIT,"2D / 10, B P, Ground floor,Plot No. 7, Part A + B, 1&2 Chowk, Neighborhood No. 2, New Township, Faridabad NIT,Faridabad -121 001, Haryana"
Haryana,Gurgaon,Gurgaon,"Sector No. 15, S.CO. No. 62, Old Judicial Complex, Gurgaon-122 001, Haryana"
Karnataka,Belgaum,Belgaum,SAMADEVI COMPLEX SAMADEVI GALLI OPPOSITE GSB SAMAJ OFFICE BELGAUM 590002 KARNATAKA India
Karnataka,Belgaum,Tilakwadi,Mahalaxmi Plaza Tilakwadi Khanapur Road Rpd Cross BELGAUM 590006 Karnataka India
Karnataka,Bengaluru,Banashankari- Bengluru,"Chandan Building Jayanagar 7th Block 1st B Main Road, 4th Cross Road Opp NSVK High School Bengaluru 560070 Karnataka India"
Karnataka,Bengaluru,Chamrajpet,"Ambika, Site No. 10 Shankarmath Road K.G.Nagar Chamrajpeth Bengaluru 560018 KARNATAKA India"
Karnataka,Bengaluru,Gandhi Nagar,Pamadi towers Gandhinagar 1st Main road Bangalore 560009 Karnataka India
Karnataka,Bengaluru,Jayanagar,Sri Venkateshwara Arcade . 33rd Cross 4th T Block Jayanagar Extension Bengaluru 560004 KARNATAKA India
Karnataka,Bengaluru,Koramangala,"Site no 47, Sogo Properties 4th Block, Koramangala 100 Feet Road Opp.Pai International, Near Sony World Signal Bengaluru 560034 Karnataka India"
Karnataka,Bengaluru,Malleswaram,"MALLESWARAM 52/2, 8th Main, 16th Cross Bangalore 560055 Karnataka India"
Karnataka,Davangere,Davangere,Near Mallikarjuna Motor and Scooter Mart Jayadeva Circle Jayadeva Circle Road Near Bata Showroom Davangere 577002 Karnataka India
Karnataka,Dharwad,Dharwad,"Laksh Avenue, Plot No. 5/2, R. S. No. - 63/6, Opp. Modern Hall, Dharwad 580001 Karnataka India"
Karnataka,Hubli,Hubli,Upper Ground Floor Divate Complex Club Road Hubli 580029 Karnataka India
Karnataka,Mangalore,Bhavanthi Street,"Ground Floor, Venkatramna Arcade, Bhavanthi Street, Mangalore"
Karnataka,Mangalore,Chilimbi,Manasa Residency Chilimbi Lady Hill Chilimbi Opp Sai Mandir Near Sony world Mangalore 575006 Karnataka India
Karnataka,Mangalore,M.G.Road,Shop No. 1 To 7 Manasa Tower Kodialbail M G Road Near P. V. S Building Mangalore 575003 Karnataka India
Karnataka,Mangalore,Udupi,Ballal Towers Jodukatte Court Road Opp. Y. M. C. A. Udupi 576101 Karnataka India
Karnataka,Mysore,Mysore,2909 SARASWATHIPURAM NEW KANTHRAJ URS ROAD NEAR FIRE STATION MYSORE 570009 KARNATAKA India
Karnataka,Tumkur,Tumkur,Hotel Vigneshwar Comforts 1st Floor Opposite Tumkur University B.H. Road Tumkur 572101 Karnataka India
Madhya Pradesh,Indore,Annapurna Road,"Unit No. 1-5, 7-8, Decent Tower,Sacchidanand Nagar, Annapurna Main Road, Indore 452009"
Madhya Pradesh,Indore,Indore,"G-10 Shreevardhan Complex, 4 R.N.T. Marg Indore 452001"
Maharashtra,Ahilya Nagar,MIDC,"Plot No X-31/2, MIDC Area, Nimbalak Road, Near IT Building, Ahilya Nagar, 414111, Maharashtra India"
Maharashtra,Ahilya Nagar,Savedi Road,Ram Kisan Savedi Nagar Manmad Road Near Deepak Hospital Ahilya Nagar 414003 Maharashtra India
Maharashtra,Akola,Tilak Road - Shukrawar Peth,"Shiv Daya Complex, Ground Floor, Opp. Uday Talkies Tilak Road Akola 444001 Maharashtra India"
Maharashtra,Chhatrapati Sambhaji Nagar,CIDCO,"Plot No 6 Town Centre, C-2 Near Cidco Bus Stand Cidco Aurangabad 431003 Maharashtra India"
Maharashtra,Chhatrapati Sambhaji Nagar,Gajanan Maharaj Temple (GMM),"C T S No 15308/71/72 Gajanan Maharaj Complex Opp Gajanan Maharaj Temple,Garkheda Gajanan Maharaj Temple Aurangabad 431005 Maharashtra India"
Maharashtra,Chhatrapati Sambhaji Nagar,Khadkeshwar,"Madhuleni, Khadkeshwar, Chhatrapati Sambhaji Nagar, 431001, Maharashtra India"
Maharashtra,Chhatrapati Sambhaji Nagar,MGM Medical College,Ground Floor Ramdev Towers Plot No. 16 Seven Hills Jalna Road Aurangabad 431005 Maharashtra India
Maharashtra,Chhatrapati Sambhaji Nagar,MIT Hospital,"Shop No 5-9, F-1-33, Akshay Apartment, Opposite Tirupati Park N-4, Cidco Sector-F , Chhatrapati Sambhaji Nagar, 431003, Maharashtra, India"
Maharashtra,Chhatrapati Sambhaji Nagar,Station Road,"Kanchan chambers, Osmanpura Railway station road, Kranti chowk, Chhatrapati Sambhaji Nagar 431005 Maharashtra India"
Maharashtra,Chhatrapati Sambhaji Nagar,Tv Centre,"Adarsha Vidyaniketan Society, Plot No.2&3, K-Sector, N-9, Jaiswal Hall Building, Aurangabad - 431003"
Maharashtra,Chhatrapati Sambhaji Nagar,Waluj,"Plot No. X-23, Waluj Industrial Area, Near Hotel Oasis, Waluj, Dist- Chhatrapati Sambhaji Nagar, 431136, Maharashtra, India"
Maharashtra,Jalgaon,Baliram Peth,"R.K.Arcade, 9, Baliram Peth, M.G.Road, Opp.M.G.Market, Jalgaon - 425001 Maharashtra India"
Maharashtra,Jalgaon,Jalgaon,"Kanchan, Plot no.02, opp JDCC Bank, Ring Road, Jalgaon 425001 Maharashtra India"
Maharashtra,Kolhapur,Ichalakarnji,"Mohan Market, Old Station Rd Near S T Stand, Ichalkaranji, Kolhapur 416115 Maharashtra India"
Maharashtra,Kolhapur,Mahapalika,"2127, C Ward, Bhausingaji Road, Near Kolhapur Mahapalika, Kolhapur - 416002 Maharastra India"
Maharashtra,Kolhapur,Mangalwar Peth,"A ward, Sambhaji Nagar, Mangalwar Peth, Opp Swami Samarth Mandir, Kolhapur 416001. Maharashtra India"
Maharashtra,Kolhapur,New Shaupuri,"E-Ward, 514/1/B, Dabholkar Corner Station Road, New Shahupuri, Near C. B. S., Kolhapur - 416001. Maharashtra India"
Maharashtra,Kolhapur,Rajarampuri,"CTS No. 1716, 'E' Ward Rajarampuri 7th Lane Kolhapur 416008 Maharashtra India"
Maharashtra,Mumbai,Andheri - MIDC,"Premier House, Plot No. 38 MIDC Midc Central Road, Andheri east Opp. Tunga Paradise Hotel MUMBAI 400093 Maharashtra India"
Maharashtra,Mumbai,Andheri (E) - J. B. Nagar,"Ground Floor, G2/G3, Silverline Co-op. Hsg. Soc. Ltd., J.B. Nagar, Andheri (East), Mumbai - 400059."
Maharashtra,Mumbai,Andheri (E) - M.V. Road,"33, Shiv Chhaya Andheri East Sir M.V.Road Near Ganapati Temple Mumbai 400069 Maharashtra India"
Maharashtra,Mumbai,Andheri (E) - Marol,"Ground Floor, “Sarla Software Park”, Plot No. 369, Marol-Maroshi Road, Marol, Andheri (East), Mumbai- 400059"
Maharashtra,Mumbai,Andheri (E) - Pump House,"NIRVANA CORPORATE PUMPHOUSE, JIJAMATA ROAD, NEAR AMBIKA TOWER, ANDHERI E, MUMBAI 400093. Maharashtra India"
Maharashtra,Mumbai,Andheri (W) - Barfiwala Road,"Shop 1, 2 & 3, Arunoday Building Andheri West C. D. Barfiwala Marg Opp. New India Colony Mumbai 400058 Maharashtra India"
Maharashtra,Mumbai,Andheri (W) - Lokhandwala,SHLOK HOUSE ANDHERI WEST OFF K L WALAWALKAR ROAD NEAR SAMARTHA AANGAN CHS MUMBAI 400053 Maharashtra India
Maharashtra,Mumbai,Andheri (W)- Veera Desai Road,Bharat ARC Veera Desai Road Near Andheri Sports Complex Mumbai 400053 Maharashtra India
Maharashtra,Mumbai,Andherl (E) - Sakinaka,"K/8, Ansa industrial estate Sakinaka Saki Vihar road Near Hotel Shiv Sagar Mumbai 400072 Maharashtra India"
Maharashtra,Mumbai,Antop Hill - Kalpak Estate,"Kiran CHS Ltd, Kalpak Estate, Antop Hill, S.M. Road, Near CGS Colony, Mumbai -400037 Maharashtra India"
Maharashtra,Mumbai,Ballard Estate - Wakefield House,"Wakefield House, Ground floor, Shiv Sagar Ram Gulal Marg. Ballard Estate, Mumbai 400001 Maharashtra India"
Maharashtra,Mumbai,BANDRA (E) - Government Colony,"Chetana's Institute of Management & Research. Survey No. 341, ground flr Government Colony, Next to Hanuman Mandir, BANDRA East Mumbai 400051 Maharashtra India"
Maharashtra,Mumbai,Bandra (W) - National Library,"National Library S. V. Road Opp. Bandra Lake Bandra West, Mumbai 400050 Maharashtra India"
Maharashtra,Mumbai,Bandra Kurla Complex,"Ground Floor, Madhava Commercial Premises Co Operative Society Ltd, Plot No C-4, Block E, Bandra Kurla Complex, Bandra East, Mumbai - 400051"
Maharashtra,Mumbai,Bhandup (W) - Jayshree Plaza,"Jayashree plaza, Ground Floor Bhandup west LBS MARG Near Dream Mall Mumbai 400078 Maharashtra India"
Maharashtra,Mumbai,Borivali (E) - Carter Road,"Shop Nos.1 to 4, 5 (Part) and 6 (Part), Ground floor, Wing No. C, Sale Building No. 2, Tuljai C - Wing CHS Ltd., Kasturba Cross Road No. 4, Borivali East, Mumbai 400 066 Maharashtra India"
Maharashtra,Mumbai,Borivali (E) - Nancy Colony,"Kshipra Co-op Hsg Soc Ltd, Gr. Floor Green View Complex, Next to S T Depot, Nancy Colony Borivali E, Mumbai - 4000 066"
Maharashtra,Mumbai,Borivali (W) - Chandavarkar Lane,"Shop No.1, Basement and Ground floor, Shop No.101, First floor, HL House, Chandavarkar Road, Borivali West, Mumbai - 400092."
Maharashtra,Mumbai,Borivali (W) - I. C. Colony,"Shop No 1 & 2, Borivali Ruby Co-op Hsg Soc. Ltd., I.C.Colony, Holy Cross Road, Near M M Hospital Borivali (w) 400103 Maharashtra India"
Maharashtra,Mumbai,Borivali (W) - Saibaba Nagar,"SHOP-8, HAPPY HOME CHS LTD SAIBABA NAGAR NEAR J.B. KHOT SCHOOL BORIVALI 400092 Maharashtra India"
Maharashtra,Mumbai,Borivali (W) - Shimpoli Road,Star apartment Shimpoli naka S V Road Borivali west Mumbai 400092 Maharashtra India
Maharashtra,Mumbai,C.S.T - Excelsior Cinema,Gr Floor Taj Bldg Amrit Keshav Nayak Marg Near Excelsior Cinema CST Mumbai 400001 Maharashtra India
Maharashtra,Mumbai,Carnac Bunder - Vyapar Bhavan,"VYAPAR BHAVAN, 1ST FLOOR, MASJID BUNDER P. D, MELLO ROAD CARNAC BUNDER MUMBAI 400009 Maharashtra India"
Maharashtra,Mumbai,Chembur - Collector's Colony,"Shop No.1, Safal Ganga, Mahul Road, R.C. Marg, Chembur, Mumbai – 400 074. Maharashtra India"
Maharashtra,Mumbai,Chembur - Sion Trombay Road,"Sri Sunder Apartment CHS Ltd, Plot No- 560, Sion Trombay Road, Opp. Diamond Garden, Acharya Udyan, Chembur, Mumbai-400071 Maharashtra India"
Maharashtra,Mumbai,Chembur (W) - Tilak Nagar,"Amrapali Working Womens' Hostel, Tilak Nagar Township Colony, Opp. Municipal Primary School, Tilak Nagar, Chembur (W), Mumbai - 400089 Maharashtra India"
Maharashtra,Mumbai,Colaba,"Shop No.4 & 5, Ground floor, Colaba Kartar Bhavan Premises Co-op. Society Ltd., Survey No.383, Plot No.121, Shahid Bhagat Singh Road, Colaba Causeway, Mumbai - 400005."
Maharashtra,Mumbai,Corporate Banking Branch,"Office No. B1-G01 Marathon Innova Nextgen Complex Ganpatrao Kadam Marg,Opp Peninsula Tower Lower Parel Mumbai 400013 Maharashtra India"
Maharashtra,Mumbai,DADAR (E) - Dadasaheb Phalke Road,"12, FramRose Court,60/60B,Dadasaheb Phalke Road, Near Dadar (Central Rly) Station,Dadar (E),Mumbai - 400 014"
Maharashtra,Mumbai,Dadar (E) - Hindu Colony,"Indian Education Society,Ground Floor, Plot No.135-145, Nabar Gurji Path (6th Lane), Raja Shivaji Vidyasankul, Hindu Colony, Dadar (East), Mumbai 400014 Maharashtra India"
Maharashtra,Mumbai,Dadar (W) - Gadkari Chowk,"Shop no.10, Shivsena Bhavan Ram Ganesh Gadkari Chowk 177, N.C.Kelkar Road Shivaji Park, Dadar (W) Mumbai 400028 Maharashtra India"
Maharashtra,Mumbai,Dadar (W) - Madhukendra,"Madhukendra, Off. N.C.Kelkar Road,Patil Wadi Lane, Kolsa Galli, Dadar,Mumbai 400 028."
Maharashtra,Mumbai,Dadar (W) - Portuguese Church,"IES Nabar Guruji Bhavan, Ground Floor, Plot No. 274, T.P.S - IV, S. K. Bole Road, Opp Portuguese Church, Dadar (West), Mumbai-400 028."
Maharashtra,Mumbai,Dahisar (E) - Maratha Colony,"Suman kunj Maratha colony Off. Harishankar joshi road Opp jain mandir Dahisar east, mumbai 400068 Maharashtra India"
Maharashtra,Mumbai,Dahisar (W) - L.T. Road,"Leelawati Apt.,Shop No. S1, S2 & B2,Ground Floor,L.T.Road, Dahisar (W), Mumbai- 400 068."
Maharashtra,Mumbai,Dharavi - 60ft Road,JAI GANESH CHSL DHARAVI 60 FEET ROAD OPP URBAN HEALTH CENTRE MUMBAI 400019 Maharashtra India
Maharashtra,Mumbai,Fort - Veer Nariman Road,"Shop No 2 And 3, Ground floor Yusuf Building, Veer Nariman Road, Flora Fountain, Fort, Mumbai 400023 Maharashtra India"
Maharashtra,Mumbai,Gamdevi - Nana Chowk,"Shop No. 2 to 5, Chandra Bhuvan, Ground Floor, Street No. 17, Pandita Ramabai Road, Opp. Mani Bhavan, Nana Chowk, Mumbai-400 007."
Maharashtra,Mumbai,Ghatkopar (E) - Railway Station,"Sai Plaza, Opposite Ghatkopar Railway Station, Jawahar Road, Ghatkopar (E), Mumbai 400 077 Maharashtra India"
Maharashtra,Mumbai,Ghatkopar (W),Bhaveshwar Arcade Opposite Shreyas Cinema LBS Marg Ghatkopar West Mumbai 400086 Maharashtra India
Maharashtra,Mumbai,Ghatkopar (W) - Barve Nagar,"GROUND FLOOR, SANTOSHIMATA CO OP HSG SOC LTD ASALFA GHATKOPAR WEST R. B. KADAM MARG, BHATWADI OPP. VIVEK HOSPITAL, NEAR JAGRUTI NAGAR METRO STATION MUMBAI 400084 Maharashtra India"
Maharashtra,Mumbai,Ghatkopar (W) - Maneklal Estate,"Silver Harmony, Shop No.A 1, New Maneklal Estate, Off L B S Rd, Ghatkopar West - 400086"
Maharashtra,Mumbai,Girgaum - S. V. Sovani Path,"Madhukosh, Girgaum"
Maharashtra,Mumbai,Goregaon (E) - HUB,Manthan House Opp. Udyog Bhavan Sonawala Road Goregaon HUB Goregaon East Mumbai 400063 Maharashtra India
Maharashtra,Mumbai,Goregaon (E) - Nagari Niwara - Dindoshi,"Shop No.27, Plot No.28, Vaibhav Nagari Niwara Comm & Resi CHS LTD Nagari Niwara Housing Project Junction of D.P.Road No.1&2, Goregaon (East) MUMBAI 400065 Maharashtra India"
Maharashtra,Mumbai,Goregaon (E) - Walawalkar Wadi,"Ground floor, Unit No.1, and Basement Unit No. 4, A - Wing, Balkrishna Apartment, Hetali Balkrishna CHS Ltd, Gogate WadiRoad, Opp. Sanmitra High School, Goregaon East, Mumbai – 400063."
Maharashtra,Mumbai,Goregaon (W) - Filmistan Studio,"1, Pratiksha Apartment, Opp. Filmistan Studio, S.V.Road, Goregaon West Mumbai 400062 Maharashtra India"
Maharashtra,Mumbai,Goregaon (W) - Link Road,"Madhumalti, Plot No.86,Lokmanya Tilak Road, Off M.G. Road, Goregaon (W), Mumbai – 400104."
Maharashtra,Mumbai,Govandi East,"Shop Nos. 10 & 11, Neelkanth Gardens CHS Ltd., Bhaktakavi Shivjibai Devashi Road, Opposite Jain Mandir, Govandi (E), Mumbai 400088."
Maharashtra,Mumbai,Jogeshwari (E) - HFS Road,"Shop No.1, 2 & 3, Ground floor, AIM Avenue, Plot No.9, C.T.S. No.187, Survey No.3 Part, Hindu Friend's Society Road, Jogeshwari (East), Mumbai - 400060."
Maharashtra,Mumbai,Jogeshwari (E) - Majaswadi,"Saidham, Ground Floor Jogeshwari (E) Majaswadi Opp. Ganesh Hotel Mumbai 400060 Maharashtra India"
Maharashtra,Mumbai,Juhu - Juhu Church,Madhusagar Juhu N S Road No 13 Near Juhu Church Mumbai 400049 Maharashtra India
Maharashtra,Mumbai,Kalbadevi Branch - Princess Street,"Ground Floor,285, Princess Street, Kalbadevi,"
Maharashtra,Mumbai,Kandivali (E) - Thakur Complex,"12,13 Vaishnav Villa Thakur Complex Kandivli East Near Avenue Hotel Mumbai 400101 Maharashtra India"
Maharashtra,Mumbai,Kandivali (E) - Thakur Village Branch,"Thakur Public School Near Thakur Village Ground, Thakur Village W.E. Highway Kandivali (East) Mumbai 400101 Maharashtra India"
Maharashtra,Mumbai,Kandivali (w) - Charkop,"Charkop Kuluwasi CHS Charkop, sector 4, Kandivli west Mumbai 400067 Maharashtra India"
Maharashtra,Mumbai,Kandivali (W) - M.G.Road,"Shop No.1 & 2, Tara Galaxy, Ground Floor, M.G. Road Kandivali (W), Mumbai 400067"
Maharashtra,Mumbai,Kandivali (W) - S.V. Road Junction,"Dhavalgiri, Plot No.CIS 383-A, Kandivali West Junction off S.V. Road & Jamnadas Adukia Road, Near Bal Bharati College, Mumbai 400067 Maharashtra India"
Maharashtra,Mumbai,Kandivali (w) -Dahanukar Wadi,"C/27, Bhoomi Enclave Dahanukarwadi Mahavir Nagar Opp.Murlidhar Sweet Mumbai 400067 Maharashtra India"
Maharashtra,Mumbai,Kandivli (w) - (Govt.Ind.Estate) G.I.E,"Shop no.13,14 Rock Avenue CHS Ltd Hindustan Naka, Kandivali West Near Ajanta Pharma Mumbai 400067 Maharashtra India"
Maharashtra,Mumbai,Khar - Pali Hill,"Shop No. 3, Ground Floor, Joy Legend CHS Ltd, Ambedkar Road, Khar West, Mumbai -400052 Maharashtra India"
Maharashtra,Mumbai,Khar (w) - Linking Road,"Ameya, Plot No. 346-B, Opp. Hotel Only Paratha Linking Road, Khar West, Mumbai 400052 Maharashtra India"
Maharashtra,Mumbai,Kurla (E) - Nehru Nagar,"Shirin Shelter, Ground Floor, Shop No.15, Nehru Nagar, S. G. Barve Road, Kurla (East), Mumbai-400 024."
Maharashtra,Mumbai,Lower Parel - N.M. Joshi Marg,Shop No. 14 Ground Floor Orbit Eternia N.M.Joshi Marg Lower Parel. Mumbai 400013 Maharashtra India
Maharashtra,Mumbai,Mahim - G.S.B. Temple Building,"G.S.B. Temple Trust Building, Sitladevi Temple Road, Mahim"
Maharashtra,Mumbai,Malad (W) - Jankalyan Nagar,"Ground floor, Shop No. 8, Scorpio, Divya Park, Jankalyan Nagar, Malad (West), Mumbai 400095."
Maharashtra,Mumbai,Malad (W) - Mamledarwadi,Gr.Floor Patel Complex MamlatdarWadi Road Malad west Mumbai 400064 Maharashtra India
Maharashtra,Mumbai,Malad (w) - Orlem,SIDDHI APARTMENTS ORLEM MARVE ROAD NR GARDEN COURT RESTURANT MUMBAI 400064 Maharashtra India
Maharashtra,Mumbai,Malad East,"Shop Nos. 1 & 2, Ground floor, Office No. 102, 1st floor, Jawahar Milan CHS Ltd., Opposite Central Plaza, Daftary Road, Malad (E), Mumbai – 400 097."
Maharashtra,Mumbai,Malad Link Road,"Parija Co-op Hsg Society, Chincholi Bunder, Opp. Chincholi Fire Brigade, Link Road, Malad West, Mumbai 400064 Maharashtra India"
Maharashtra,Mumbai,Masjid Bunder,"80-82, Pragraj Building Masjid Bunder West Issaji Street Mumbai 400009 Maharashtra India"
Maharashtra,Mumbai,Matunga (E) CR,"Pioneer high school building, Telang road, BMC office F - North ward, Matunga east (CR), Mumbai 400019 Maharashtra India"
Maharashtra,Mumbai,Mazgaon - Love Lane,"19, Ground Floor,Chetak Apartment, S.M.S.Marg, Love Lane, Mazgaon, Mumbai - 400 010."
Maharashtra,Mumbai,Mulund (E) - Shreenath Plaza,"101-104, Shreenath Plaza L.T Road Mulund East 400081 Maharashtra India"
Maharashtra,Mumbai,Mulund (W) - M.G. Road,"Eknath Apartments, First Floor, M.G. Road, Mulund (West), Mumbai - 400 080."
Maharashtra,Mumbai,Mulund (W) - R R T Road,"G - 1-3, Ground Floor, Marathon Zaver Arcade, Opp. Chedda Dry fruits, Zaver Road, S. L. Road Corner, Mulund West, Mumbai 400 080"
Maharashtra,Mumbai,Mulund (w) - Sarvodaya Nagar,"A/13, Padham Apartment, Sarvodaya Parshwanath Nagar, Nahur Road, Mulund west, Opp Jain Mandir, Mumbai 400080 Maharashtra India"
Maharashtra,Mumbai,Mulund (W)- Veena Nagar,"Shop No.5, Runwal R Square, LBS Road, Mulund (W), Mumbai - 400080 Maharashtra India"
Maharashtra,Mumbai,Mumbai Central,"B-3/4, SHRI SANTOSHIMATA CHS LTD MUMBAI CENTRAL DR. D.B. MARG BELOW RELIANCE SMART MUMBAI 400008 Maharashtra India"
Maharashtra,Mumbai,Parel (W) - Dr. S.S. Rao Road,"M.D.Education Society Shri Mangaldas Varma Chowk 25,Dr. S.S. Rao Road Parel Mumbai 400012 Maharashtra India"
Maharashtra,Mumbai,Powai - IIT,"Shop Nos. 4, 5 & 6, Ground Floor, Maruti Darshan CHS, JVLR Road, Adi Shankaracharya Marg, Opposite IIT Main Gate, Near Petrol Pump, Powai Mumbai- 400 076."
Maharashtra,Mumbai,Powai -Hiranandani,"102, Delta building Hiranandani Gardens Powai Chemtex lane Near Chemtex House Mumbai 400076 Maharashtra India"
Maharashtra,Mumbai,Prabhadevi - Ravindra Natya Mandir,"Urvashi, Opp Ravindra Natya Mandir, Prabhadevi"
Maharashtra,Mumbai,Santacruz - Kalina,"BKC Insignia Building, Kalina, Santacruz (E), Mumbai – 400 098."
Maharashtra,Mumbai,Santacruz (E) - Nehru Road,"Shop No. 2, Orion, Ground floor, Near Hotel Vihar, Nehru Road, Opp. Bank of Baroda, Santacruz (E), Mumbai 400055 Maharashtra India"
Maharashtra,Mumbai,Santacruz (W) - Station Road,"Fashqua Shopping Centre, Kalakar Kanu Desai Marg, Station Road, Santacruz (West), Mumbai 400 054 Maharashtra India"
Maharashtra,Mumbai,Sion - Ganesh Bhavan,"Ganesh Bhuvan, Opp Municipal School, Swami Vallabhadas Road, Sion (W), Mumbai 400 022 Maharashtra India"
Maharashtra,Mumbai,Vidyavihar - Damji Shamji Trade Centre,"1,2,3 Damji Shamji Trade Centre Near Railway Station (W) Vidyavihar Railway Station Road Vidyavihar (w) Bus Depot Mumbai 400086 Maharashtra India"
Maharashtra,Mumbai,Vikhroli (E) - Haryali Village,"11-14, Sai Suman, B-wing, Behind Bus Depot, Vikhroli (E), Mumbai 400 083 Maharashtra India"
Maharashtra,Mumbai,Vikhroli (W) - Station Road,"Shop No.1 & 2, Ground floor, Metro Crown, Plot No.43, LBS Marg, Vikhroli West, Mumbai – 400 079."
Maharashtra,Mumbai,Vile Parle - SME,"Unit Nos. 1 & 2, Ground Floor, The Kollage, Near Regency Hotel, Dr. N. S. Phadke Marg, Sai Wadi, Andheri (E), Mumbai - 400 069"
Maharashtra,Mumbai,Vile Parle (E) - Nehru Road,"66, Phatak building, Nehru road, Vile Parle (East), Mumbai 400057. Maharashtra India"
Maharashtra,Mumbai,Vile-Parle (W) - Besant Road,Nisarg apartment Vile parle west Beasant road Off bajaj road Near shubham hall Mumbai 400056 Maharashtra India
Maharashtra,Mumbai,Wadala - R.A. Kidwai Road,"86, Usha, R.A.Kidwai Road, Wadala, Mumbai 400 031."
Maharashtra,Mumbai,Worli - Passport Office,"266,Kanchwala Building, Opp. Old Passport Office, Dr. Annie Besant Road Worli"
Maharashtra,Nagpur,Chapru Nagar,"Plot no 91, Chapru Nagar, Square C A Road, Nagpur 440 008 Maharashtra India"
Maharashtra,Nagpur,Gandhi Baug,"Viddyabhavan, 74B Gandhibaug Central Avenue Seva Sadan Square Nagpur 440018 Maharashtra India"
Maharashtra,Nagpur,Hingna Road,"Singh Complex, House No. 1273, Opp. VIP Industries, Hingna Road, Digdoh, Hingna, Nagpur – 440016."
Maharashtra,Nagpur,KALAMANA,"APMC, Kalamna Market, Bhandara Road, Nagpur 440 035 Maharashtra India"
Maharashtra,Nagpur,Pratap Nagar,"Ground Floor,22, Income Tax Colony,Main Road, Pratap Nagar Nagpur 440022 Maharashtra India"
Maharashtra,Nagpur,Wardha Road,"Ground Floor,Building of Maharashtra State Mining Corporation(MSMC), Plot No.7, Ajni Square, Wardha Road, Nagpur 440015 Maharashtra India"
Maharashtra,Nashik,Gangapur Road,Gadhakh sadan ground floor Near pumping bus stop Gangapur road Nashik 422013 Maharashtra India
Maharashtra,Nashik,Jail Road Br.,"Madhura Bldg, Dasak Shivar, Jail Road, Nashik Road, Nashik - 422 101."
Maharashtra,Nashik,Mahatma Nagar,"182 Suman Apt., Opp. Ganapati Mandir, Behind Cricket Ground, Mahatma nagar Nashik 422007 Maharashtra India"
Maharashtra,Nashik,Main Road,"G-4 & G-5, Suyojit Ratan Mall, Opp. Nehru Garden, Shalimar, Nashik- 422 001 Maharashtra. India"
Maharashtra,Nashik,Musalgaon,"Shop No. 61-64, Industrial complex, Sinnar Taluka Co-op Industrial Estate, Sinnar-Shirdi Road, Post-Musalgaon, Tal- Sinnar, Dist-Nashik 422103 Maharashtra India"
Maharashtra,Nashik,Nasik Cidco,"Plot no 1/2, MargShirsha Sector, Behind CIDCO Office, Nashik 422 009 Maharashtra India"
Maharashtra,Nashik,Sharanpur Road,"G-1&2, Suyojit Trade Center, Opp. Rajiv Gandhi Bhavan, (Nmc) Sharanpur Road, Nashik - 422 002"
Maharashtra,Nashik,Ambad MIDC,"Satya Arcade, Plot No. 30,Gate No.15/2A,Satpur - Ambad Link Road, Nashik – 422 010"
Maharashtra,Navi Mumbai,Airoli - Sector 7,"Shop No - 1-3, Ground Floor and 1st Floor, Shreeji Dham Complex, Sector-7, Airoli, Near McDonalds, Navi Mumbai 400 708 Maharashtra India"
Maharashtra,Navi Mumbai,Apmc Vashi - Sector 19,"Plot no. 50, Opp. APMC Sector 19D APM petrol pump Navi Mumbai 400705 Maharashtra India"
Maharashtra,Navi Mumbai,CBD Belapur - Sector 11,"Shop Nos. 20,21,37,38, Shree Nand Dham, Sector 11, C.B.D. Belapur"
Maharashtra,Navi Mumbai,Ghansoli,"Shop No.13, 14 & 15, Satyam Imperial Heights CHS Ltd., Plot No.11, Sector No.11, Ghansoli, Navi Mumbai - 400701."
Maharashtra,Navi Mumbai,Kamothe - Sector 7,"Greenscape Royale,Shop Nos.1,2,3 & 4, Ground Floor, Plot No.25, Sector 7 Kamothe, Navi Mumbai 410209 Maharashtra India"
Maharashtra,Navi Mumbai,Kharghar - Sector 7,"Office Nos. 15 To 18, Ground Floor, Swarna Building, Sector 7, Kharghar, Navi Mumbai - 410 210"
Maharashtra,Navi Mumbai,Koparkhairane - Sector 20,"Shop no 5,6,7&8, Shree Ravechi Apartment Sector 20, koparkhairane Sector 20 Near SSD Hospital Navi Mumbai 400709 Maharashtra India"
Maharashtra,Navi Mumbai,Nerul (E) - Sector 21,"1-7, Agarwal Corner, Plot No. 21,Sector 21, Nerul (E), Navi Mumbai - 400 706."
Maharashtra,Navi Mumbai,Nerul (W) - Sector 4,The great eastern galleria Sector 4 Plot 20 Near rajiv Gandhi bridge Nerul 400706 Maharashtra India
Maharashtra,Navi Mumbai,Sanpada - Sector 4,"Vivekanand Sankul, Sector 4, Sanpada, 400705 Maharashtra India"
Maharashtra,Navi Mumbai,Seawood Branch - Sector 42 - A,"Shop no.11 to 14,Ground Floor,Ambika Apartment, Plot no.10,Sector 42 A, Nr. Dmart, Seawoods 400706 Maharastra India"
Maharashtra,Navi Mumbai,Turbhe - Sector 19,"1012 - 1014, Mayuresh Trade Centre,(Citi Mall), Plot No.4, Sector 19, A Wing, Vashi - Turbhe Road, Turbhe, Navi Mumbai 40070"
Maharashtra,Navi Mumbai,Vashi - Sector 12,"Ground Floor, Om Niwas Plot No 186, Sector 12 Vashi Opp. S.K.Brothers, Near Fab Hotel Navi Mumbai 400703 Maharashtra India"
Maharashtra,Navi Mumbai,Vashi - Sector 17,"Madhushree, Plot No -85, District Business Centre, Sector 17, Near Axis Bank, Vashi, Navi Mumbai 400703 Maharashtra India"
Maharashtra,Palghar District,Boisar - Amey Park,AMEY PARK BUILDING NO. 2-A BOISAR NAVAPUR ROAD BOISAR 401501 Maharashtra India
Maharashtra,Palghar District,Nallasopara (West) Branch,"Shop Nos.1 to 6, Ground floor, Krupasindhu Apartment, Survey No.106, Plot No.A, Patankar Park Road, Nallasopara (W), Vasai Taluka, District - Palghar 401203."
Maharashtra,Palghar District,Palghar - Kacheri Road,"First floor, Alco Arcade Palghar West Kacheri Road Opp. Lions Club Community Hall Palghar 401404 Maharashtra India"
Maharashtra,Palghar District,Vasai (E) - Rashmi Residency,Hall B Rashmi Residency Vasai NalaSopara Link Road Next to OBC Bank Vasai East 401209 Maharashtra India
Maharashtra,Palghar District,Vasai (W) - Ambadi Road,"Ashokvan Building, Vasant Krishma Complex, Ambadi Road, Vasai (W) 401202"
Maharashtra,Palghar District,VIRAR (E) - Bazar Ward,"Parijat II, Bazar Ward, Virar (East). Dist.Thane 401305 Maharashtra India"
Maharashtra,Palghar District,VIRAR (W) - Arnala,Tirodkarwadi At post Arnala Virat west Near Mahalaxmi hospital Thane 401302 Maharashtra India
Maharashtra,Palghar District,Virar (W) - Station Road,"Shrikrishna Bhuvan, Opp. Vitthal Mandir, Agashi Road, Virar West, Dist. Palghar 401303"
Maharashtra,Pune,Akurdi - B.G. Corner,B.G.Corner Mumbai-Pune Road Behind Nigdi Bus Stand Akurdi Pune 411044 Maharashtra India
Maharashtra,Pune,Aundh - Yogita Park,Yogita Park Opposite ITI ITI Road Aundh Pune 411067 Maharashtra India
Maharashtra,Pune,Baner Road - Daulat Complex,Shop no 1 Daulat Complex Opp Veritas Baner Road Next to idea show room Pune 411045 Maharashtra India
Maharashtra,Pune,Bavdhan - Aditya Shagun Mall,"Shop No - 26/27/28, Aditya Shagun Mall, Bavdhan Pashan Road, Near Hotel La Bali, Bavdhan, Pune 411027 Maharashtra India"
Maharashtra,Pune,Bhosari Branch,"Shinde Grand, Survey No - 690, Shital Baug Society, Opp. Tulja Bhavani Temple & Hotel Ashoka, Bhosari, Pune-Nashik Highway, Pune 411 039 Maharashtra India"
Maharashtra,Pune,Bhusari Colony - Bandal Capital,"Bandal Capital, Ground Floor, Shop nos. 1,2,3,8,9,10, Near PMT Bus Stand Depot, Bhusari Colony, Kothrud, Pune 411 038 Maharashtra India"
Maharashtra,Pune,Bibvewadi - Pune Satara Road,"Shop Nos.8 & 9, Ground floor, Mudra Housing Society, Pune - Satara Road, Pune - 411037."
Maharashtra,Pune,Budhwar Peth - Appa Balwant Chowk,Pragati heights shop no 1&2 Apps balwant Chowk Budhwar Peth Near N M V school Pune 411002 Maharashtra India
Maharashtra,Pune,Chakan - Talegoan Chowk,"Shubhmangal plaza,Beside Kohinoor Centre Chakan Pune Nashik Highway Talegaon Chowk Chakan Pune 410501 Maharashtra India"
Maharashtra,Pune,Chinchwad - Elpro Commercial Complex,"Shop No. 1,2 and 3.Ground Floor, Elpro Commercial Complex. Plot No. 4270, Chichwad Pune 411033 Maharashtra India"
Maharashtra,Pune,Chinchwad - Thermax Chowk,"Showroom on Upper Ground Floor, Maruti House, G Block, Plot No. G/P-187, Thermax Chowk, Chinchwad MIDC, Pune, Maharashtra - 411 019."
Maharashtra,Pune,Dahanukar Colony - Opp. Cummins Ind Ltd,"Indranagari Society, Opp.,Cummins Ind Ltd, Dahanukar Colony, Kothrud, Pune 411029. Maharashtra India"
Maharashtra,Pune,F C Road - Bhandarkar Road,"Lohia Jain House, Ground Floor, 893/6, Bhandarkar Road,Goodluck Chowk,Deccan Gymkhana"
Maharashtra,Pune,Fatima Nagar - KPCT Mall,"Showroom No.A, ‘C’ Wing, Kpct Mall, Fatima Nagar"
Maharashtra,Pune,Ganesh Khind Rd - College Of Agriculture Banking,"College of Agricultural Banking, Ganesh Khind Road, Pune 411 005 Maharashtra India"
Maharashtra,Pune,Ganeshnagar - Nr Pratidnya Mangal Karayalay,"Datar Complex, S.No.36/2/1, Plot No.100-101 Ganesh Nagar Near Pratidnya Mangal Karyalay Pune 411052 Maharashtra India"
Maharashtra,Pune,Hadapsar - Near Akashwani,"S.no 221,ground floor,Ravi Darshan, Pune-Solapur road, Near Akashwani, Hadapsar, Pune 411028 Maharashtra India"
Maharashtra,Pune,Hinjewadi - MIDC,"Plot no 9, Midc, Rajiv Gandhi Infotech Park Phase 1, Near Hinjewadi Police station, Mulshi, Hinjewadi, Pune 411057 Maharashtra India"
Maharashtra,Pune,Karve Road - Madhuban,"8/3, Erandvana, Karve Road"
Maharashtra,Pune,Katraj - Sugandha Tara Arcade,"""Sugandha Tara Arcade.Survey No. 83/84. Katraj Circle. Katraj Pune 411028 Maharashtra India"""
Maharashtra,Pune,keshav nagar,"Shri Mahaganesh Nagari, Ground floor, S. No. 36/1/A, Keshavnagar, Mundhwa, Pune – 411 036"
Maharashtra,Pune,Kharadi - Nr To Radission Hotel,"Shop No.4,5 And 6, Ground Floor, Ground Floor, Survey No.08-1C,Kharadi,By-Pass Rd, Kharadi By-Pass Road, Next To Radisson Hotel, Kharadi"
Maharashtra,Pune,Kondhava - Pikaso Kedari Icon,"Shop No. 3, Aditya Business Center, S. No. 1A, NIBM Chowk, Near Jyoti Restaurant, Kondhva, Pune 411048 Maharashtra India"
Maharashtra,Pune,Koregaon Park,"Shop No.10, Jewel Square, Upper Ground floor, Beside Hotel St. Laurns, Koregaon Park, Pune – 411001."
Maharashtra,Pune,Moshi,"Shop Nos. 17, 18 & 23, Prasanna Goldfields Apartment Condominium, Commercial Plot No. 1, Sector No. 11, Moshi High Street, Moshi, Pune – 411 070"
Maharashtra,Pune,Narayan Peth - Nr Modi Ganpati Temple,"House no.324, Narayan peth, Behind Modi Ganapati Temple, Pune 411030 Maharashtra India"
Maharashtra,Pune,Narhe - Ganesh Plaza,"Shop 14-18, Ganesh Plaza S No 50/24-28 Narhe Dhayari Road Behind Navale Medical College Pune 411041 Maharashtra India"
Maharashtra,Pune,Pashan - Orange Life,"Shop no.G-1&2, Orange Life, S.no.140/2 Pashan Pashan Sus road Opposite Datta Mandir Pune 411021 Maharashtra India"
Maharashtra,Pune,Paud Road - Rambaug Colony,Commerce avenue Kothrud Paud road Opp. Krishna hospital Pune 411038 Maharashtra India
Maharashtra,Pune,Pimple Nilakh - Jagtap Dairy,"25, Shop NO-1 &2, Ground Floor, Vishal Nagar, Pimple NIlakh, Pune 411027 Maharashtra India"
Maharashtra,Pune,Pimple Saudagar - Dwarka Lords,"Dwarka Lords, Shop No. 30,31,32 & 33, S No. 122/1+2+3, Ground Floor, Pimple Saudagar, Pune 411027 Maharashtra India"
Maharashtra,Pune,Pimpri - Mohan Nagar,S.No.127 Mohan nagar Telco road Opp Hotel Double Tree Pune 411019 Maharashtra India
Maharashtra,Pune,Punawale Branch,"Shop No. 2 & 3, Sai Millennium, Mumbai – Bangalore Highway, Punawale, Pune 411033."
Maharashtra,Pune,Rajgurunagar - Vyapari Sankul Bldg,"1st Floor, Vyapari Sankul Bldg., Krushi Uttpan Bajar Samiti, Shree Chhatrapati Shivaji Market Yard, Rajgurunagar, Khed, Pune 410505 Maharashtra India"
Maharashtra,Pune,Ranjangaon - Nr Ranjangaon Ganpati,"Ground floor, Gat No. 1828, House No. 703/1 At Post Ranjangaon, Taluka - Shirur Pune Nagar Road Mahaganpati Mandir Pune 412208 Maharashtra India"
Maharashtra,Pune,ravet,"Shop Nos. 2, 3 & 4, Plot Nos.1 & 2, Sector No. 32-A, Near Rajyog Colony, Ravet, District - Pune - 412 101"
Maharashtra,Pune,Sahkar Nagar - Pentagon Building,"Pentagon Building, Plot No.477 A, Ground Floor, Shop nos. 1 to 5, Parvati, Kalpanamati Housing Society, Sahakar Nagar, Pune – 411 009 Maharashtra India"
Maharashtra,Pune,Shivane - Ingale Colony,"Shop No. 1, 2 & 3, Ground Floor, Rajmata Jijau Complex, S. No. 13/1 Ingale Colony, Opp Rajarshi Shau Bank, At Post Shivane, Pune- 411023"
Maharashtra,Pune,Sinhgad Road - Anand Nagar,"Shop No.101 And 102, Sun Orbit, Survey No.12, Anand Nagar Vadgaon Budruk Sinhgad Road"
Maharashtra,Pune,Somwar Peth - Sun Orbit,"329,Narpatgiri Chowk, Somwar Peth,"
Maharashtra,Pune,Talegaon Dabhade - P L Khandge Plaza,P L Khandge Plaza Shop no 33-39 Talegaon station Talegaon Chakan Road Talegaon station Talegaon dabhade Tal. Naval DIST. Pune 410507 Maharashtra India
Maharashtra,Pune,Tilak Road - Shukrawar Peth,"991, Shukrawar Peth Tilak Road Near Hirabaug Pune 411002 Maharashtra India"
Maharashtra,Pune,Undri Branch,"Shop No.3, Gagan Arena Kad Nagar Chowk Undri Road Opp. Misty Moors Pune 411060 Maharashtra India"
Maharashtra,Pune,Vamnicom - Pune University,Near Pune University Shivaji Nagar Pune 411005 Maharashtra India
Maharashtra,Pune,Viman Nagar - Nico Annexe,"Ground Floor, Neco NX, Viman Nagar, Adjoining Neco Garden, S.No.209(Part), Pune 411 014 Maharashtra India"
Maharashtra,Pune,Vishrantwadi - Kasturba CHS,"Kanakdhara, A/11, Kasturba Chs Ltd, Vishrantwadi, Pune - 411 015."
Maharashtra,Pune,Wagholi - Shiva Palace,"Shop No.6,7,8 Plot No 2&3, Shiva Place 1, CHS Ltd., Bakori road , Next BJS College , Wagholi, Pune- 412027."
Maharashtra,Pune,Wakad - Dutta Mandir Road,"Ground Floor, Sunder Heights, Survey No. 190/191, Datta Mandir Road, Wakad, Pune 411 057."
Maharashtra,Pune,Warje - Malwadi,"Survey No -116, Near Rahul Park, Opp. Wallstreet 24, Mumbai-Bangalore Highway, Warje, Malwadi, Pune 411058 Maharashtra India"
Maharashtra,Raigad,Alibaug,"1ST FLOOR, HOTEL MEERA MADHAV RAIGAD ALIBAUG BEACH ROAD OPPOSITE ST STAND ALIBAUG ALIBAUG 402201 Maharashtra India"
Maharashtra,Raigad,"Khanda Colony, Panvel","Shop no. 21 to 25, Tulsi Harmony Plot no. 26 & 27 Khanda Colony Sector 1, New Panvel Opposite National Co op bank Navi Mumbai 410206 Maharashtra India"
Maharashtra,Raigad,Mahad,"Mahad Trade Center, 'B' Wing, 1st Floor Off. M. G. Road Near Shivaji Chowk Mahad 402301 Maharashtra India"
Maharashtra,Raigad,New Panvel,"Shop No. 7, Ground floor, Vardhman CHS Ltd., Plot No. 46, Sector 5, New Panvel (E) 410206."
Maharashtra,Raigad,Panvel - Mcch Society,"Hara Madhav Niwas, Plot No. 48 M.C.C.H Society Panvel, Navi Mumbai 410 206 Maharashtra India"
Maharashtra,Raigad,Panvel - Swami Nityanand Rd.Br.,"Shop No.1 to 8, Shree Balaji Apartment, Swami Nityananda Road Near Pioneer Society Panvel 410206 Maharashtra India"
Maharashtra,Raigad,Pen,"Shop No. 53 - 55 & 62 -64, Pen Municipal Corporation Bldg., Chinchpada, Next to Pen ST Depot., Pen, Raigad - 402107 Maharashtra India"
Maharashtra,Raigad,Roha,"Ground Floor, Kunte Wada City Survey No 465 to 468 Main Road Roha 402109 Maharashtra India"
Maharashtra,Raigad,Ulwe Branch,"Neelsidhi Joya, Shop 17 To 20, Plot No 183, Sector 20, Gr Floor, Ulwe, Tal Panvel, Raigad 410206"
Maharashtra,Raigad,Uran,"First Floor, Madina Complex Uran Karanja Road Opp Anand Nagar Uran 400702 Maharashtra India"
Maharashtra,Ratnagiri,Chiplun - Central ST Stand,"Janrang, Opp. Central ST Stand, Burum Tali, Chiplun, Dist Ratnagiri 415605 Maharashtra India"
Maharashtra,Ratnagiri,Lanja - New English School,"House no 1538, Ground floor, Opp. New English School, Lanja, on Mumbai-Goa Highway, Next To Dr. Patki Hospital, Ratnagiri 416701. Maharashtra India"
Maharashtra,Ratnagiri,Lavel - Git Campus,"GIT campus, Gharda Institute of Technology, Lavel, Tal-Khed Ratnagiri 415708 Maharashtra India"
Maharashtra,Ratnagiri,Rajapur - Main Road,Rajapur Shikshan Prasarak Mandal Muncipal House No.129 Main Road.Rajapur Main Road Rajapur 416702 Maharashtra India
Maharashtra,Ratnagiri,Ratnagiri Branch,"Shop Nos. 7, 8 and 9 , Ground floor,Arihant Mall, Opp. S. T. Stand, Ratnagiri - 415612"
Maharashtra,Sangli,Kupwad,"C S No 473/18, 473/38/2, Plot no 10, Main Road, At post Kupwad, Taluka Miraj, Sangli 416425 Maharashtra India"
Maharashtra,Sangli,Mahavir Nagar,"102A, Mahavir Nagar, Opp Jain Mandir Vakharbhag, Sangli 416416. Maharashtra, India"
Maharashtra,Sangli,Shastri Chowk,"Ground Floor, 1068/4, Padmavati Complex, Shastri Chowk, Maruti Road, Near S.T. Stand, Sangli 416 416. Maharashtra India"
Maharashtra,Sangli,SHIVAJI NAGAR (MRSB),"Ranjit Towers, South Shivaji Nagar, Sangli Miraj Road, Opp. ZP Building, Pudhari Bhavan, Sangli- 416416 Maharashtra India"
Maharashtra,Sangli district,Miraj - Laxmi Market,"Shop Nos.1 and 2, Renuka Tower, Gandhi Chowk, Sangli - Miraj Road, Miraj 416 410"
Maharashtra,Sangli district,Vita,"Shop No. 14,15 & 16, Sai Heights, Near Jai Multipurpose Hall, Mayani Road, Vita – 415311 Maharashtra India"
Maharashtra,Satara,Karad - Budhwar Peth,"109, Budhwar Peth, , Opposite Cottage Hospital, Karad 415110"
Maharashtra,Satara,Satara - Sadar Bazar,"Shop No. 9 & 10, Ground Floor, Raje Bhonsle Heights, 501, Sadar Bazar, Satara - 415 001."
Maharashtra,Sindhudurg,Devgad - College Road Corner,Patankar complex Ho.No.2268 Deogad College Road Corner Opp.college road Devgad 416613 Maharashtra India
Maharashtra,Sindhudurg,Kankavali - Rameshwar Plaza,"Rameshwar Plaza Ground Floor S.No.186 A, H. No.12, Near Prant Office, Mumbai-Kankavli-Goa Road, At & Post -Kankavli Sindhudurga - 416602 Maharashtra India"
Maharashtra,Sindhudurg,Kudal - Near Kudal School,"Pratham Apartment, Near Kudal School, Kudal, Sindhudurg 416520 Maharashtra India"
Maharashtra,Sindhudurg,Malvan - Somwarpeth,"Madhu Sindhu, Somwarpeth, Tal. Malvan, Dist. Sindhudurga 416 606"
Maharashtra,Sindhudurg,Sawantwadi - Moti Talav,"Rameshwar Plaza, Near Moti Talav, SPK College Road, Moti Talav, Sawantwadi 416510 Maharashtra India"
Maharashtra,Sindhudurg,Vaibhavwadi - Bazarpeth,"253, GROUND FLOOR, VAIBHAVWADI BAZARPETH, VAIBHAVWADI PHONDA ROAD, VAIBHAVWADI 416810 Maharashtra India"
Maharashtra,Sindhudurg,Vengurla - Khardekar Road,"Khardekar Road, Opp.Hotel Aroma, Vengurla 416516 Maharashtra India"
Maharashtra,Solapur,"Budhwar Peth, Near Neelanagar","""Rathi Tower"", Ground Floor, F.Plot No.I+23/B, Budhwar Peth, Near Neelanagar, Solapur 413002 Maharashtra India"
Maharashtra,Thane,Thane - Vartak Nagar,Ground Floor Shree Rameshwar Bhavan Pokharan No.1 Thane (W) Thane 400606 Maharashtra India
Maharashtra,Thane,Thane - Vijaynagari,"Shop no.5 &6, Vijay Appt J wing Vijaynagri Waghbil Ghodbunder Road Waghbil naka Thane 400615 Maharashtra India"
Maharashtra,Thane,"Thane Naupada, Off. Gokhale Road",Aai Baji Prabhu Deshpande Marg Veer Savarkar Chowk Off. Gokhale Road Naupada Thane (W) Thane 400602 Maharashtra India
Maharashtra,Thane,Thane-Brahmand,Shop no 13 & 14 Raj Arcade Brahmand Phase 5 Off GB Road Azad Nagar Thane West 400607 Maharashtra India
Maharashtra,Thane,Thane-Hiranandani Meadows,"Shop No.1 & 15 Block No.1, Emerald Plaza, Off Pokharan Rd No 2, Hiranandani Medows, Thane (W) 400 610 Maharashtra India"
Maharashtra,Thane,Thane-Jambhli Naka,"Vishwadurga, Patwardhan Building Jambhali Naka Agyari Lane Near Chintamani Jewellers Thane 400601 Maharashtra India"
Maharashtra,Thane,Thane-Kasarwadavli,"6-10, Om Sai Plaza, Kasarvadvali, Ghodbunder Road, Ghodbunder Road, Thane west 400615 Maharashtra India"
Maharashtra,Thane,"Thane-Khopat, L.B.S. Road","G-1, SMC SQUARE, Ground floor, Khopat Naka, L.B.S.Road, Near S.T.Stand, Thane (w) 400602 Maharashtra India"
Maharashtra,Thane,"Thane-Kopri, Kopri Colony","6-11, Saitirth Tower , Siddharth Nagar, Kopri Colony Thane East 400603 Maharashtra India"
Maharashtra,Thane,"Thane-Panchpakadi, Opp. Municipal Corporation","Nakshatra Tower, Opp. Thane Municipal Corporation, Panchpakhadi, Thane West 400602"
Maharashtra,Thane,Thane-Wagle Estate,"3&4, Jaydeep Emphasis Wagle Industrial Estate Road no 16 Near Aplab Ltd, Mulund Check-Naka THANE 400604 Maharashtra India"
Maharashtra,Thane District,"Ambarnath (E), Near Shreerath Hotel",Chandrama Plot No. 24 Ground Floor Suryodaya CHSL Station Road Near Shreerath Hotel Ambernath East 421501 Maharashtra India
Maharashtra,Thane District,Badlapur (E) - Old Kartap Nagar,Madhukunj Apartment Katrap Old Katrap Road Opp. Sai Baba Mandir Badlapur 421503 Maharashtra India
Maharashtra,Thane District,Bhayandar East,"Ramdev Esquire, Survey No. 188/10, Deepak Hospital Road, Near S. K. English School, Near Tirupati Dream CHS Ltd., Bhayandar (E), Thane 401105."
Maharashtra,Thane District,Bhayander (W) - 60 Ft Road,"Ground Floor, Narayani Kutir, 60 Ft Road, Bhayander (West)"
Maharashtra,Thane District,Bhiwandi - Opp. BSNL,"Shop Nos. 1-6, J.P,Tower, Gauri Pada, Near B.S.N.L Telephone Exchange, Dhamankar Naka, Bhiwandi, Dist Thane 421302"
Maharashtra,Thane District,Dombivali (E) - Bhagat Singh Road,Silver Coin Apartment Bhanu Nagar Bhagat Sing Road Near P.P Chember Dombivali 421201 Maharashtra. India
Maharashtra,Thane District,Dombivali East MIDC,"Shop Nos. 2A, 2B , 3 & 4 the Count, Plot No. 172/1, MIDC Phase II, Residential Zone, Next to Hotel Nandi Palace, Dombivli (E), Thane District 421203"
Maharashtra,Thane District,Dombivli (W) - M G Cross Road,"Ground floor, Bilwakunj building, Dombivali west M.G.Road, Near Dombivali railway station, Dombivali 421202 Maharashtra India"
Maharashtra,Thane District,Kalwa - Station Road,Kishor Smruti Chs Kalwa Station road Opp cream chills icecream Thane 400605 Maharashtra India
Maharashtra,Thane District,Kalyan - Gokuldham Complex,"Om Gokuldham Complex, Murbad Road, Near Syndicate Naka, Kalyan (W), Thane 421301 Maharashtra India"
Maharashtra,Thane District,Kalyan (E) - Kolshewadi,shop no. 3 to 7 ganesh lahar villa katemanivali pune link road opp nitinraj hotel kalyan east 421306 Maharashtra India
Maharashtra,Thane District,Kalyan (W) - Shill Road,"Shop No.A/3, Charms Star, Bail Bazaar, Near D Mart, KALYAN 421301 Maharashtra India"
Maharashtra,Thane District,"Kalyan (W)-Khadakpada, Birla College Highway","Mohan Heights.Vayle Nagar. Birla College Highway. Khadakpada, Kalyan (W) – 421 301."
Maharashtra,Thane District,Mira Road - Sector 10,"Ground Floor, Olympia CHS Royal Complex Opp. Shanti Nagar Sector 10 Near Ayapa Mira Road East District Thane 401107 Maharashtra India"
Maharashtra,Thane District,Mira Road East,"Ground Floor, Shop No. 21, 22, 23, Vinay Heritage, Opp. Vinay Nagar, Off Mira Bhayandar Road, Pleasant Park, Near Hatkesh, Mira Road East, Thane – 401107"
Maharashtra,Thane District,Titwala East,"Shop No. 7, Ground floor, Regency Sarvam, Ganpati Mandir Road, Manda, Titwala (E), Thane 421605."
Maharashtra,Thane District,Ulhasnagar - Aman Talkies Road,"Ground Floor, Regency House Near Aman talkies Opp. Vishnu Darshan CHS ULHASNAGAR - 2 Ulhasnagar 421002 Maharashtra India"
Uttar Pradesh,Noida,Noida - Sector 63,"H 1a/24,Sector 63, Noida, Uttar Pradesh – 201 301"