State,City,Branch,Address,Latitude,Longitude,Pincode,api_pincode
Chhattisgarh,BEMETARA,BEMETARA,"GROUND FLOOR, SUNDARNAGAR, MAIN RAIPUR ROAD,BEMETARA,CHHATTISGARH - 491335",21.711463,81.537494,491335,
CHHATTISGARH,BHILAI,BHILAI,"1st Floor, Office No. A9/A10, Veer Savarkar Market, GE Road, Bhilai , CG-490023",21.2526803,81.321415,490023,
Chhattisgarh,Bilaspur,BILASPUR,"B-206, 2nd Floor, Shri Narayan Plaza, Link Road, Near Motilal Khurana Petrol Pump, Bilaspur, Chhattisgarh -495001",22.075537,82.154714,495001,
Chhattisgarh,Dhamtari,DHAMTARI,"2nd Floor, Above SBI Bank, Ratnabandha Road, Infront of Shahu Samaj Bhawan, Vivekanand Nagar, Dhamtari – 493773, Chhattisgarh, India",20.707439,81.542282,493773,
Chhattisgarh,Durg,DURG,"Upper Floor, Suraj Compound ,Opp To Ujjalla Bhavan, Near Shree Shivam Mall, Station Road, Durg -491001 (Chhattisgarh)",21.194659,81.283435,491001,
Chhattisgarh,Janjgir-champa,JANJGIR CHAMPA,"1st Floor, Mahakali Empire, Link Road Jangir, Distt, Jangir Champa-495668 (Chattisgarh)",22.01164,82.578658,495668,
Chhattisgarh,MAHASAMUND,MAHASAMUND,"1st Floor, P.H. No. 142/42, Dewangan Complex, Raipur Road, Above PNB Bank, Mahasamund, Chhattisgarh 493445",21.1166985,82.0876197,493445,
Chhattisgarh,Raipur,RAIPUR,"B-1 Second Floor, Nagdev Plaza, Kutchery Chowk, Opposite Punjab Palace Hotel, Raipur (C.G) - 492001",21.247622,81.641973,492001,
Chhattisgarh,Raipur,Raipur BILASPUR ROAD,"Shop No. 89, 104, 105,106, 107, 108, & 109, 1st Floor,D.M. Tower,Ravabhata, Bilaspur Road, Raipur-492331 (CG)",21.310868,81.637159,492331,
DELHI,DELHI,DELHI,"1st Floor, Plot No.65, Village - Nawada, Sewak Park, Dwarka Mod, New Delhi -110059.",28.618771,77.033201,110059,
DELHI,Delhi-netaji-subhash-place,DELHI NETAJI SUBHASH PLACE,"1ST FLOOR, SHOP NO 103, ITL TWIN TOWER, NETAJI SUBHASH PLACE , PITAMPURA-DELHI 110034",28.691162,77.152648,110034,
DELHI,Delhi-rajendra-place,DELHI RAJENDRA PLACE,"Flat No.  701, Vikram Tower Building, Rajendra Place,  New Delhi  110 008",28.64281,77.1766,,110008
DELHI,DELHI,DELHI VIKAS MARG,"1st Floor, A-1, Swasthya Vihar Main, Vikas Marg, Near Nirman Vihar Metro Station, Delhi-110092",28.638474,77.290005,110092,
DELHI,Okhla,OKHLA,"2nd Floor, E-49/12, E-Block, Okhla Industrial Area, Phase II- New Delhi -110020",28.53691,77.267614,110020,
GUJARAT,Ahmedabad,AHMEDABAD,"3rd Floor, Amola Complex, Opp. Girish Cold Drink,  C. G. Road, Ahmedabad 380009 Gujrat",23.032278,72.559529,380009,
Gujarat,AHMEDABAD,AHMEDABAD ASHOKA COMPLEX,"ASHOKA COMPLEX, SHOP NO. 102, IST FLOOR, SARDAR PATEL STADIUM RD, NEAR SAVIOUR HOSPITAL, CHAITANYA NAGAR, NAVRANGPURE, AHMEDABAD,GUJRAT - 380014 ",23.0469354,72.5767699,380014,
Gujarat,Ahmedabad-chandkheda,AHMEDABAD CHANDKHEDA,"Office No 207 & 208, Second Floor, Sangath Mall 1, Visat- Gandhinagar Hiway, Chandkheda , Ahmedabad 382424",23.104702,72.597374,382424,
Gujarat,Amreli,AMRELI,"Shop No. 202-203-204, City Point, opp. R.D. Petrol Pump, Bus Stand Road, Amreli-365601 Gujarat",21.603224,71.22256,365601,
Gujarat,Anand,ANAND,"3 Rd Floor 305 Office no Maruti sharnam Complex Anand Vidyalaya nagar Road Opp Nand Bhumi, Anand : 388120",22.549587,72.953566,388120,
Gujarat,BARDOLI,BARDOLI,"Office No. 101, 1st floor, Rajaram complex,M.N park, Acharya tulsi marg, Bardoli,Dist - Surat,Gujrat - 394601",21.125921,73.116867,394601,
Gujarat,Bayad,BAYAD,"Shop No : 158, Shree ji Dada complax,Nr.Market Yard, Bayad- Kapdvanj Road,Bayad- 383325",23.225138,73.215529,383325,
Gujarat,Bharuch,BHARUCH,"Shop no .32, Aditya comlex, Kasak circle, Bharuch -392012",21.704294,73.002238,392012,
Gujarat,Bhavnagar,BHAVNAGAR,"Office No. 202, 2nd Floor, Siddhivinayak Complex, Opp.Domino's Pizza, Waghawadi Road, Bhavnagar. - 364002 ",21.7494214,72.105866,364002,
Gujarat,BHUJ,BHUJ,"1ST FLOOR, OFFICE NO. 104- 105, PLOT NO. 4, PLANET-9 SPACE, COMMERCE COLLEGE ROAD, BHUJ, DISTRICT KUTCH, GUJARAT -370001",23.24489831,69.66617253,370001,
Gujarat,Bodeli,BODELI,"SHOP NO :- 21 & 22,GROUND FLOOR, JINDAL COMPLEX, ALIPURA, BODELI 391135 GUJARAT",22.274157,73.719651,391135,
Gujarat,Botad,BOTAD,"Shop No 1, Mastarma Complax,Mastaram Mandir Road,Botad",22.172765,71.665011,,364710
Gujarat,Surendranagar,CHOTILA,"Shop No: F1, Shri Hari Madhav Complex, 1st Floor , First Floor, Taluka:, Chotila, Gujarat 363520",22.4263482,71.199232,363520,
Gujarat,Dahod,DAHOD,"Shop No. F-21, F-22 & F-32, 1st Floor, GLK Tower, Station Rd, Near Bus Depot, Dahod 389151 - Gujarat",22.84214,74.25085,389151,
Gujarat,Dholka,DHOLKA,"OFFICE NO.A-102,FIRST FLOOR, ROYAL BUSINESS PARK. A-OPP GOVERNMENT CIRCUIT HOUSE. KALIKUND, DHOLKA. 382225 GUJRAT",22.44227,72.2723,382225,
Gujarat,Gandhi-nagar,GANDHI NAGAR,"Shree Ugati Corporate Park , Shop No :- 301& 302 ,3rd Floor ,Urjanagar 1, Kudasan, Gandhinagar,Gujarat 382421",23.179109,72.636838,382421,
Gujarat,Gandhidham,GANDHIDHAM,"OFFICE NO 202 , 2ND FLOOR,ABOVE YES BANK,PLOT NO -345 ,WARD NO.- 12/B,OPP. ICICI BANK, GANDHIDHAM, GUJARAT -370201",23.065739,70.138338,370201,
Gujarat,Godhra,GODHRA,"1st Floor,Shop No.7,Gayatri Complex,Opp.S.K. Tower,Lunwada Road,Godhra-389001",22.787777,73.61614,389001,
Gujarat,Halwad,HALWAD,"1st floor, Shop No.-101 &102 ,Jiny Complex, Bus stand road, Opp. Halvad Nagar Palika, Halvad,District - Morbi, Gujarat",23.014029,71.183462,,363330
GUJARAT,Himmatnagar,HIMMATNAGAR,"115, 1st Floor, SUN Complex-2, Behind Navjivan Dalbati, Motipira Circle, Motipura, Himmatnagar, Gujarat ? 383001",23.57995,72.959403,383001,
Gujarat,Idar,IDAR,"Damodar Complex, First Floor, Unit No.112 & 113, Javanpura, Taluka-IDar, Dist -Sabarkantha, Gujarat",23.837789,73.001605,,383430
GUJARAT,Jamnagar,JAMNAGAR,"Office no : 311, Kuber Avenu, Gurudwara circle,Jamnagar",22.4738,70.065361,,361006
GUJARAT,Jetpur,JETPUR,"SHOP NO -3 ,TIN BATTI CHOWK, OPP GARDEN PARK, PGVCL STREET, JETPUR 360370",21.754555,70.618775,360370,
GUJARAT,Junagadh,JUNAGADH,"Office no. 305,Rayinagar Shopping Center, Motibag,Junagadh - 362001",21.510797,70.451837,362001,
Gujarat,Kadi,KADI,"Shop No.G-42 ,Ground Floor,Neptune Arcade Shopping,Kundal, Kadi, District- Mehsana,Gujarat",23.294741,72.347441,,384440
GUJARAT,Mehsana,MEHSANA,"Shop No-8 & 9, 2nd Floor, Orbit Business Hub, Near Dena Bank, Radhanpur Road, Mehsana-384002 (GJ)",23.607517,72.377812,384002,
GUJARAT,Morbi,MORBI,"Office no :- 37, 38, 2nd floor, Capital market, Ravapar Rd, above BJP office, Canal Chokdi, Ravapar, Morbi, Gujarat 363641",22.811495,70.830533,363641,
GUJARAT,Naroda,NARODA,"Shop No. -211,Akshar Arcade,Near Devsya International School,Opp. Shyam Villa-2,Nikol-Naroda Road,Nikol,Naroda, Ahmedabad",23.0613473,68.4528361,,
GUJARAT,Narol,NAROL,"Office No -201, 2nd Floor, Shrimad Square,Narol - Aslali Highway,Nr.Bhagirath ICON,N.H.-8,Narol,Ahmedabad-382405",22.955759,72.592136,382405,
Gujarat,Navsari,NAVSARI,"Shop No.101 , Upper level Floor, Rajratan Complex,  House No.1169/1,Ward No.9, Navsari – Gujarat",20.953106,72.92603,,396445
GUJARAT,Palanpur,PALANPUR,"Shop no - 7,2nd Floor,Maruti complax, Opp.income tax Office,Abu highway,Palanpur",24.178779,72.418744,,385001
GUJARAT,Patan,PATAN,"2nd Floor, Krishnam Plaza, Opp.District Court, Patan, Gujarat - 384265",23.839108,72.12754,384265,
GUJARAT,Rajkot,RAJKOT,"905, 9th Floor King's plaza, Astron chowk, Rajkot-360001(Gujarat)",22.291692,70.788112,360001,
Gujarat,Rajkot,RAJKOT AYODHYA CHOWK,"Office No. 201, 2nd Floor, Time Square 2, Ayodhya Chowk, 150 Ft Ring Road",24.653146,75.937275,,326519
Gujarat,RAJKOT,RAJKOT VIRAL HEIGHTS,"3RD FLOOR, OFFICE NO. 308 & 309,310 7 311, VIRAL HEIGHT , NEAR AYODHYA CHOWK, 150 RING ROAD, RAJKOT ,GUJARAT- 360005",22.321255,70.767268,360005,
Gujarat,SANAND,SANAND,"1st Floor, Shiv Krupa Society, Above Bank of Baroda Ahmedabad Road, Sanand, Dist - Ahmedabad, Gujrat - 382110",23.0112763,72.3671799,382110,
Gujarat,Surat,SURAT,"301 REGENT SQUARE, ABOVE D-MART,ADAJAN, SURAT-395009",21.195417,72.79306,395009,
GUJARAT,Surat Kamrej,SURAT KAMREJ,"F.11, First Floor, Dharam Empire, District- Surat, Taluka- Kamrej, Moje- Navagam, Gujarat",21.267081,72.955487,,394185
Gujarat,Surat,SURAT SACHIN,"1ST FLOOR, PLOT NO: 414/1, ROAD NUMBER-4, ABOVE KOTAK MAHINDRA BANK, GIDC INDUSTRIAL ESTATE, GIDC, SACHIN, SURAT-394230, GUJARAT-INDIA",21.1151633,72.8263796,394230,
GUJARAT,Surendranagar,SURENDRANAGAR,"Office no 308/309,3rd Floor, Megamall, Bus Station Main Road, Surendranagar, Gujarat ? 363001",22.724145,71.639333,363001,
Gujarat,Tharad,Tharad,"1st Floor , Office No. 7 & 8, Rajgadh Empire, Block B, Opposite Pipliya Lake, Near HDFC Bank, Tharad, Gujarat - 385565",24.390703,71.6256889,385565,
GUJARAT,Udhana-surat,UDHANA SURAT,"404 & 405, 4th Floor, Milestone Vibrant,Behind Reliance Mall,Udhana Darwaja,Udhana,Surat- 395001",21.182724,72.830929,395001,
Gujarat,Umargaon,UMARGAON,"1st Floor, B 105 & 106, Komal Complex, Village-Solsumba, Tehsil – Umargaon, Dist. Valsad – 396165, Gujrat, India",20.157247,72.783439,396165,
GUJARAT,Vadodara,VADODARA,"115,116,1st Floor, Atlantis, Sarabhai Road, Vadodara -Gujarat",22.31711,73.167785,,390023
Gujarat,Vadodara-waghodia-road,VADODARA WAGHODIA ROAD,"SHOP NO:- 5 & 6 ,1ST FLOOR, SUN RISE COMPLEX, WAGHODIA ROAD, NEAR VRUNDAVAN CROSSING,CHANDA NAGAR, VRUNDAVAN,WAGHODIA, VADODARA,GUJARAT 390019",22.30069,73.238409,390019,
GUJARAT,Vapi,VAPI,"Shop No-122,1th Floor,M/S Girnar Packiging, Plot no 209,  Girnar Khushboo Plaza, Village - Vapi, Taluka-  Pardi , Dist. Valsad",20.369553,72.924924,,396195
Gujarat,Veraval,VERAVAL,"SHOP NO:- 11&12, 1ST FLOOR, VINAYAK PLAZA - 1, RAJENDRA BHUVAN ROAD, VERAVAL, GUJARAT - 362265",20.910147,70.364124,362265,
Haryana,Ambala,AMBALA,"Ground Floor, Triloki Chambers ,Opp. ,Municipal Corporation,Ambala Cant, Haryana -133001,India",30.341777,76.844799,133001,
Haryana,BAHADURGARH,BAHADURGARH," 1st Floor, Plot No 11/12, Gali No 2, Dayanand Nagar, Najafgarh Road, Opp. Bus Stand, Bahadurgarh, Haryana -124507",28.689878,76.935808,124507,
HARYANA,Bhiwani,BHIWANI,"1st Floor, Halwasiya Mall, Hansi Road, Bhiwani ,Haryana-",28.80156,76.134222,,127021
Haryana,Faridabad,FARIDABAD,"SHOP No. 104 to 106 First Floor, Om Shubham Tower, Neelam Bata Road, N.I.T, Faridabad",28.390315,77.306509,,121001
Haryana,Fatehabad,FATEHABAD,"Scheme No. 1, Nagar Sudhar Mandal, Devi lal Market, 1st Floor, Plot No. 23, opp. SDM Court, near HDFC Bank, Fatehabad, Haryana 125001",29.509674,75.4575171,125001,
HARYANA,Gurgaon,GURGAON,"1st Floor, SCO No. 36, HUDA Market, Sector 15, Part-II, Gurugram- Haryana-122001",28.458849,77.043647,122001,
HARYANA,Hisar,HISAR,"SCO, 150-151, First Floor Red Square Market, Hisar, Haryana-125001",29.158532,75.720124,125001,
Haryana,KAITHAL,KAITHAL,"1ST FLOOR PLOT NO. DS 262, HUDA SEC-20, OPP. COMMUNITY CENTRE, KAITHAL, HARYANA-136027",29.81308261,76.41868194,136027,
HARYANA,Karnal,KARNAL,"1st Floor, SCO - 216 P, Sector – 12 - I, Urban Estate ,Karnal, Haryana – 132001",29.695128,77.00161,132001,
HARYANA,Kurukshetra,KURUKSHETRA,"2nd Floor, SCO-4, Sector-17, Kurukshetra, Haryana – 136118",29.969617,76.838778,136118,
Haryana,Narnaul,NARNAUL,"1st Floor, Plot No 206/3, Opp Sp & Dc Residence, Above Bank Of Baroda, Mahendragarh Road",28.056796,76.107605,,123001
Haryana,Panipat,PANIPAT,"1st Floor, SCO1, Sector12, Huda, Panipat, Haryana 132001",29.382137,76.984878,132001,
Haryana,Pinjore,PINJORE,"SHOW ROOM NO.2, ABOVE YES BANK, PINJORE KALKA ROAD, ABDULLAPUR- PINJORE - Haryana, 134102",30.807904,76.91657,134102,
HARYANA,Rewari,REWARI,"1st Floor,346 -L, Model Town, Bawal Road, Near Vijaya Bank, Rewari ,Haryana-123401",28.187232,76.614017,123401,
Haryana,Rohtak,ROHTAK,"1st Floor, Rajendra Kinna Tower, Delhi Road, Rohtak , Haryana -124001",28.892211,76.602348,124001,
HARYANA,Sirsa,SIRSA,"1st Floor, Dabwali Road, Near Punjab National bank, Sirsa, haryana-12055",29.542811,75.028985,,125055
Haryana,Sohna,SOHNA,"Ground Floor , Opp. Vishal Mega Mart, Delhi - Alwar Road, Sohna, Gurgaon, Haryana -122103",28.2442993,77.0715773,122103,
Haryana,Sonipat,SONIPAT,"1st Floor,23L,Near ICICI bank, Model town,  Sonipat ,Haryana-131001",28.98669,77.021208,131001,
Haryana,TOHANA,TOHANA,"Office No. 68A/1/3, 1st FLOOR, ABOVE AXIS BANK, CHANDIGARH ROAD, TOHANA, HARYANA, PIN- 125120",29.708717,75.907283,125120,
HARYANA,Yamunanagar,YAMUNANAGAR,"1st Floor, SCO-142, Sector - 17 , Huda, Jagadhri , Haryana,135003",30.154608,77.292774,135003,
Himachal Pradesh,Mandi,MANDI,"1st Floor, 118/9, Sahib Complex, Mandi-175001, Himachal Pradesh",31.707849,76.932575,175001,
Himachal Pradesh,Shimla,SHIMLA,"Rain Basara Building, 1st Floor, Adj. Reliance, Main Road, Opp HDFC Life, Khalini, Shimla-171002",31.089808,77.171095,171002,
Himachal Pradesh,Solan,SOLAN,"Mehta Complex, 1st Floor, Adjoining Tehsil Gate, Rajgarh Road, Solan -173212",30.9042704,77.105049,173212,
Himachal Pradesh,Una,UNA,"1st Floor, Basant Tower, Ward No. 3, Una-Hamirpur Road – UNA-174303 (HP)",31.5193479,76.2631241,174303,
Karnataka,ANEKAL,ANEKAL,"Aavas Financiers - Home Loan Anekal, 1st Floor, Plot No. 8, 147, Shamrao Layout, Shivaji Circle, Anekal, Karnataka 562106",12.716772,77.700323,562106,
Karnataka,ATHANI,ATHANI,"RS No. 1225/B No.10, 1st floor, Halliyannu gokak road, Near tipu sultan circle, above Goudara medical store, Athani, Karnataka 591304",16.7162237,75.0582238,591304,
Karnataka,Bagalkote,BAGALKOTE,"1st Floor, Balulamath Complex-17, Cross Road, Near Bank Of India, Vidayagiri, Bagalkote, Karnataka-587102",16.1745008,75.6585835,587102,
Karnataka,BAILHONGAL,BAILHONGAL,"1st Floor, Property No. 435, Haddi Muragonda Road, Near Sangoli Rayanna Circle, Bailhongal, Karnataka 591102",15.8185547,74.8598233,591102,
Karnataka,Belgaum,BELGAUM,"2ND FLOOR, 201/B, SHRI DATTA ARCADE, KHANAPUR ROAD, TLAKWADI, BELGAUM, KARNATAKA-590006",15.8375524,74.507609,590006,
Karnataka,BELLARY,BELLARY,"Plot No 18, Cts No.12/2a/153, Office No. 3, 2nd Floor, S.L.V. Tower, Parvati Nagar Road (Main), Bellary-583101, Karnataka",15.1528744,76.9278361,583101,
Karnataka,CHAMRAJNAGAR,CHAMRAJNAGAR,"3RD FLOOR,K.H.NO.1173/B & 1122/B C-DIVISION BR HILLS ROAD, CHAMARAJANAGAR, KARNATAKA - 571313",26.743037,75.8196482,571313,
Karnataka,Chikkaballapur,CHIKKABALLAPUR,"1st floor, D.V, Narayana Swamy Complex, Vapsandra, Chikkaballapur, Karnataka - 562101",13.44294,77.73396,562101,
Karnataka,CHIKKODI,CHIKKODI,"1st Floor, Anant Empire, N M road, Chikkodi, Distt. Belagavi,, Chikkodi, Karnataka 591201",16.4250164,74.581943,591201,
Karnataka,CHITRADURGA,CHITRADURGA,"1st Floor, Jalgaluru Mahalingappa Tower, 4th Block, Davangere Road, Near K S R T C Bus Stand, Chitradurga, Chitradurga, Karnataka 577501",14.2279855,76.3930791,577501,
Karnataka,DAVANGERE,DAVANGERE,"Plot No 829/1a, 1st Floor, Front Office, P.P. Square, P. B. Road, Opp. Arun Theater, Davangere, Karnataka - 577002",14.4674654,75.9126374,577002,
Karnataka,Doddaballapura,DODDABALLAPUR,"FIRST Floor, Tank Rd, adjacent to NIVEDITHA ENGLISH SCHOOL, Doddaballapura, Karnataka 561203",13.2855415,77.5437786,561203,
Karnataka,Gadag,GADAG,"FIRST FLOOR, SATYA COMPLEX, 3812/1/4, OPP. MGM HOSPITAL, NEW BUS STAND ROAD, GADAG, KARNATAKA-582101.",15.4220533,75.6360438,582101,
Karnataka,GANGAVATHI,GANGAVATHI,"1st Floor, Plot No. 3-4-103/3-4-62, Pinjor ONI, Ganesh Circle, Beside BOI Bank, Gangavathi, Karnataka 583227",15.4320724,76.5296622,583227,
Karnataka,HASSAN,HASSAN,"1st Floor, 579, Goda Krishna Mansion LLP, Municipal Khatha No. 579, A.R. No.556/579, Situated at North Layout, Hassan, Karnataka 573201",13.012704,76.099298,573201,
Karnataka,HAVERI,HAVERI,"2nd Floor, H.N. 3334/11B, Hanagalla Road, Haveri Town, Next to Indian Oil Petrol Bunk, Haveri, Karnataka 581128",14.7870193,75.3966178,581128,
Karnataka,HOSKOTE,HOSKOTE,"1st Floor, HCS Square, Kr Extention, Kr Road, No. 2218/1841/1616/1210, Next To Chemmanur Jewelers, Hoskote, Karnataka- 562114",13.1901044,77.4497466,562114,
Karnataka,Jaipur,HOSPET,"3rd Floor, 383 to 388, Virat Plaza, Shanbhag Circle, College Road, Hospet, Distt. Bellary, Karnataka 583201",15.2759011,76.3878164,583201,
Karnataka,HUBLI,HUBLI,"Shop No. 101 To 104, Wali Nirvana Trade Winds, CTS No. 123/45, Opp. Old KSRTC Depot/ Hosur Resional Bus Terminal, Vidyanagar, Hubli-Karnataka-580029",15.356627,75.1276696,580029,
Karnataka,Hunsur,HUNSUR,"FIRST FLOOR , PARVATAMMA BASAVARAJ COMPLEX OLD BM ROAD NEAR BUS STAND HUNSUR, KARNATAKA 571105",12.3115896,76.2921689,571105,
Karnataka,Jayanagar,JAYANAGAR,"2nd Floor, Sri Lakshmi Complex, No. 20, 9th Main Road, 5th Block, Jayanagar, Bengaluru, Karnataka - 560041",12.91997,77.58375,560041,
Karnataka,Kanakapura,Kanakapura,"Rice Mill, Second Floor, SHIVA SQUARE, BUSSTOP BENGALURU ROAD, ARCH, kallahalli, Kanakapura, Karnataka 562117",12.567733,77.427014,562117,
Karnataka,BENGALURU,KENGERI,"2ND FLOOR, #16 SHRUSHTI, 80 FT RING ROAD, RR LAYOUT, OPP. SHIVSHAKTI HOSPITAL, NAGADEVANHALLI, KENGERI, BENGALURU, KARNATAKA 560056",12.940437,77.4935015,560056,
Karnataka,KOLAR,KOLAR,"1ST FLOOR. BANGARPET ROAD, TGB COMPLEX, BLOCK 02, WARD NO. 05, KANAKANA PALYA, BEHIND SNR HOSPITAL, KOLAR , KARNATAKA - 563101",12.99284424,78.17650934,563101,
Karnataka,KUNIGAL,KUNIGAL,"1st Floor, Opposite Suzuki Bike Showroom, Beside Ravinder Toyota, KRS Agrahara, BM Road, Kunigal, Distt. Tumkur, Karnataka 572130",13.0219836,77.0171348,572130,
Karnataka,MADDUR,MADDUR,"2nd Floor, Plot No. 15, 1-3-107, Bazar Street, Near Mahaveer Talkies, Maddur, Karnataka 571428",12.5922865,77.0518051,571428,
Karnataka,Mysore,MYSORE,"2924, Basava Arcade, 1st Floor, 1st Main & 5th Cross Road, Saraswathipuram, Mysore-570009, Karnataka",12.30108,76.63413,570009,
Karnataka,NELAMANGALA,NELAMANGALA,"First Floor, Plot NO. 2663/1906, Muttaiah Layout Nelamangala Taluk, Nelamangala Town, Bengaluru, Nelamangala Town, Karnataka 562123",13.097827,77.3996412,562123,
Karnataka,RAICHUR,RAICHUR,"Ground Floor, BT COMPLEX, OFFICE NO.2, ASHAPURA ROAD, BEHIND APPOLLO PHARMACY, RAICHUR, KARNATAKA-584101",16.1850477,77.3407192,584101,
Karnataka,RAMANAGARA,RAMANAGARA,"1st Floor , SITE NO 23, SHIVASIRI RAJESHWARI LAYOUT, CHENNAMANAHALLI, RAMANAGARA, KARNATAKA- 562159",12.7111277,77.2732498,562159,
Karnataka,BENGALURU,SARJAPUR ROAD BANGALORE,"2ND FLOOR, NIRANJAN ARCADE, ABOVE KIA MOTORS, SARJAPURA ROAD, BENGALURU-562125, KARNATAKA",12.8870198,77.7425308,562125,
Karnataka,SHIMOGA,SHIMOGA,"2nd Floor, War No. 28, Maruthi FS Arcade, Near Bus Stand, Ameer Ahmed Circle, B H Road, Shimoga, Shimoga, Karnataka 577201",13.9299127,75.5691916,577201,
Karnataka,TIPTUR,TIPTUR,"2nd Floor, NO 12/1, Vinayakanagar, Near Janatha Deluxe Lodge, Tiptur Town, Distt. Tumkur, Karnataka 572201",13.2603726,76.4700179,572201,
Karnataka,Tumkur,TUMKUR,"2nd Floor, Mahalakshmi Central, B.H. Road, Ashok Nagar, Tumkur - Karnataka - 572103",13.33555,77.12086,572103,
Karnataka,Bijapur,VIJAYPUR,"FIRST FLOOR, USTAD COMPLEX, BAGALKOT ROAD, OPP. DISTRICT COURT, NAVRASPUR COLONY- BIJAPUR / VIJAYPUR, KARNATAKA",16.8104998,75.7174494,,586109
Karnataka,Yelahanka,YELAHANKA,"1st Floor, BRS Complex, No.7. MIG, 4th Phase, 1st Main Road, Yalahanka, New Town, Bengaluru - Karnataka 560064",13.10313,77.57695,560064,
Madhya Pradesh,Agar-malwa,AGAR MALWA,"Office No. 1, 1st Floor, Mali Khedi road, above ICICI Bank ,Near Dr. K C Goyal, New Bus Stand, Agar, MP -465441",23.71449,76.004864,465441,
Madhya Pradesh,Alot,ALOT,"1st floor,Dhakad Trade Center, Above AU small bank, Kargil Chouraha ,Station Road ,Alot, M.P.- 457114",23.767391,75.543391,457114,
Madhya Pradesh,Ashoknagar,ASHOK NAGAR,"Plot No. 963, 1st Floor, Ward No. 07, Near HDFC Bank Chouraha, Vidisha Road, Ashok Nagar, Madhya Pradesh - 473331",24.5694893,77.7351318,473331,
Madhya Pradesh,Ashta,ASHTA,"IN FRONT OF HP PETRIOL PUMP, PARVATI THANA ROAD ASHTA DISTT SEHORE 466116",23.0305137,76.7045451,466116,
Madhya Pradesh,Badnagar,BADNAGAR,"157/10 Shikshak Colony, Near BOI ATM, Badnagar 456771, Madhya Pradesh, India",23.041328,75.370184,456771,
Madhya Pradesh,BALAGHAT,BALAGHAT,"1ST FLOOR, WARD NO.22,CIRCUIT HOUSE ROAD,BALAGHAT, MADHYA PRADESH - 481001",21.812456,80.188461,481001,
Madhya Pradesh,Barwani,BARWANI,"House No. 165/10, Ekta Nagar, Near Anjad Naka, Barwani, MP- 451551.",22.030378,74.911602,451551,
Madhya Pradesh,Betul,BETUL,"1st Floor, Plot No 1/80, JH College Road, Near PNB Bank, Civil Lines, Betul, Madhya Pradesh - 460001",21.90526,77.906663,460001,
Madhya Pradesh,Khargone,BHIKANGAON,"1st Floor, Sony Colony, Sanawad Rd, Soni Colony, Bhikangaon, Madhya Pradesh 451331",21.8664947,75.9615923,451331,
Madhya Pradesh,Bhopal,BHOPAL,"1st Floor,18-B Press Complex, M P Nagar Zone – I, Bhopal MP 462011",23.237568,77.434837,462011,
Madhya Pradesh,Bhopal,BHOPAL KOLAR ROAD,"Shop No. 5 & 6, First Floor, Ultimate Arcada, Kolar Road, Bhopal, Madhya Pradesh 462041",23.1856383,77.4172983,462041,
Madhya Pradesh,Biaora,BIAORA,"GUNA BYPASS TIRAHA, OLD AB ROAD, BIAORA, DIST -RAJGARH, M.P.-465674",23.931222,76.914975,465674,
Madhya Pradesh,BINA,BINA,"P.H. No. 17/51, 1st Floor Singh Tower, In Front of Punjab National Bank Station Road, Dist, Bina, Madhya Pradesh 470113",24.1807764,78.1993317,470113,
Madhya Pradesh,Burhanpur,BURHANPUR,"OFFICE NO.7 ,3RD FLOOR, SHREE BUILDING, RAVER ROAD, A-3, INDIRA COLONY, BURHANPUR, M.P. -450331",21.3122969,76.2134566,450331,
Madhya Pradesh,Chattarpur,CHATTARPUR,"1st Floor, Garg Plaza, Opposite Stadium, Panna Road, Chattarpur 471001",24.900288,79.589233,471001,
Madhya Pradesh,Chhindwara,CHHINDWARA,"Dawarka Tower,Adarsh Nagar,Opp Om Aditya Dham,Parasiya Road,Chhindwara,M.P.",22.064279,78.913137,,480001
Madhya Pradesh,DABRA,DABRA,"1st Floor, Pratap Plaza, Dr. Goundke Pass, Harshi Bhitarwa, Subhashganj, Dabra, Distt. Gwalior, Madhya Pradesh-475110",25.8860217,78.3313538,475110,
Madhya Pradesh,Damoh,DAMOH,"1ST FLOOR, SAMRIDHI TOWER, BALAKOT ROAD, KILLAI NAKA, DAMOH, M.P -470661",23.826419,79.434231,470661,
Madhya Pradesh,Dewas,DEWAS,"Diamond Tower,1st Floor, Tilak Nagar, A.B.Road, Dewas,M.P. -455001",22.95905,76.042754,455001,
Madhya Pradesh,DHAMNOD,DHAMNOD,"GROUND FLOOR,AB ROAD,OPPOSITE HP PETROL PUMP,DHAMNOD,DIST - DHAR - 454552 - MADHYA PRADESH",22.203846,75.470427,454552,
Madhya Pradesh,Dhar,DHAR,"101, 1st Floor, Kanchan Classic, 20, Kashibag ,Indore AH Road, Dhar, M.P.",22.602642,75.310624,,454001
Madhya Pradesh,GUNA,GUNA,"1ST FLOOR, K K TOWER, (OPPOSITE SOMYA MALL), AB ROAD, GUNA, MADHYA PRADESH - 473001",24.638546,77.298238,473001,
Madhya Pradesh,Gwalior,GWALIOR,"1st Floor, 904, Patel Nagar, City Center, Gwalior, MP 474011",26.20774,78.190271,474011,
Madhya Pradesh,Harda,HARDA,"Office No.- 02, 1st Floor, Shri Vishal Plaza, Above YES Bank ,Near Pratap Talkies, Harda, M.P. 461331",22.341537,77.089861,461331,
Madhya Pradesh,Hosangabad,HOSANGABAD,"1st Floor, Near Fouzdar Petrol Pump,Itarsi road,NH-69,Rasuliya,Hoshangabad (M.P.)-461001",22.744364,77.719089,461001,
Madhya Pradesh,Indore,INDORE,"Office No. 303 3rd  Floor, The Grace, Plot No. 1 & 2, Kibe Compound, Madhumilan Sqaure, Indore, Madhya Pradesh 452001",22.713761,75.874269,452001,
Madhya Pradesh,Indore-annapurna-road,INDORE ANNAPURNA ROAD,"07,Vishal Nagar, Beside Narmada Jhabua Gramin Bank, Annapurna Road, Indore, MP- 452009",22.677415,75.833836,452009,
Madhya Pradesh,INDORE,INDORE VIJAY NAGAR,"EC-70 (NEW ROAD), SCHEME NO 94 C , 1ST FLOOR, NEAR BOMBAY HOSPITAL, RING ROAD",22.7246302,75.7999609,,452005
Madhya Pradesh,ITARSI,ITARSI,"Ward No-11, Indira Colony, GROUND FLOOR, LIG-46, Zone-1, Itarsi, Madhya Pradesh 461111",22.6171822,77.7692459,461111,
Madhya Pradesh,Jabalpur,JABALPUR,"3rd Floor,Digamber Tower,Near Chanchala Bai Collage,Wright Town,Jabalpur-482001",23.167679,79.926869,482001,
Madhya Pradesh,Katni,KATNI,"1st Floor, Above Mira Stores, Opposite Shri hospital, bargawa, Katni, MP- 483501",23.829572,80.387684,483501,
Madhya Pradesh,Khandwa,KHANDWA,"Murlidhar Business Park. Block-D. 2nd Floor. Shop No. 202. City Khandwa. Tehsil & Dist-Khandwa. Upper Zudio, Mansingka Tiraha; Pandhana Road Khandwa 450001. Madhya Pradesh",21.823321,76.345169,450001,
Madhya Pradesh,Khargone,KHARGONE,"MAYA DEVI COMPLEX, PHASE-1, 1st FLOOR, SHOP NO 04, KHARGONE- M.P 451001",21.8156106,75.6171889,451001,
Madhya Pradesh,Manasa,MANASA,"Shop No. 10 Laxminarayan Plaza Ground Floor Infront Of  BSNL office Manasa, M.P. - 458110",24.473361,75.143086,458110,
Madhya Pradesh,Dhar,Manawar,"Ground Floor , WARD NO 14, MAA SEVA, Singhana Rd, behind SARDAR PATEL SCHOOL, Manawar, Madhya Pradesh - 454446",22.231642,75.0835468,454446,
Madhya Pradesh,MANDLA,MANDLA,"1ST FLOOR, PLOT NO 7/35, TILAK WARD, MANDLA, MADHYA PRADESH - 481661",22.5986947,80.37137089,481661,
Madhya Pradesh,Mandsaur,MANDSAUR,"Plot No. 164, 1st Floor, Opp. Herbal Garden Gandhi Market, Near National Insurance, Mhow-Neemuch Road, Mandsaur - 458002",24.070284,75.072139,458002,
Madhya Pradesh,NAGDA,NAGDA,"Agrawal Building 116/A, 1st Floor, Kota Fatak, Near ICIC Bank , Ujjain Road, Nagda MP - 456335",23.45469,75.428886,456335,
Madhya Pradesh,Neemuch,NEEMUCH,"Plot No.51  First floor 14/3 Vikash Nagar lic road, Near Suzuki showroom Neemuch-458441",24.467272,74.868696,458441,
Madhya Pradesh,PANDHURNA,PANDHURNA,"First Floor, Plot No. 237, In Front of Shah H.P. Petrol Pump, PND Nagpur Road, Rani Durgawati Ward No. 24, Pandhurna, Distt. Chhindwara, Pandhurna, Madhya Pradesh 480334",21.5903886,78.5358322,480334,
Madhya Pradesh,Pipariya,PIPARIYA,"GROUND FLOOR, INDRA PALIWAL HOUSE, MAHARANA PRATAP WARD,INFRONT OF PATHAK CHAWL, SANDIYA ROAD, SBI ATM, PIPARIYA-M.P. 461775",22.7615113,78.3531822,461775,
Madhya Pradesh,Pithampur,PITHAMPUR,"Office No.- 5, 1st Floor, Indrasan Tower, Sector. No.- 1, Mhow-Neemuch Road, Pithampur, District ? Dhar, MP- 454774",22.606731,75.685939,454774,
Madhya Pradesh,RAJGARH,RAJGARH,"WARD NO-15, 1st Floor , H.NO-7/820, PLOT NO-23/24, BY PASS ROAD, ZONE -1, Rajgarh, Madhya Pradesh 465661",24.0025899,74.7218818,465661,
Madhya Pradesh,Ratlam,RATLAM,"1st Floor,Plot No.18, Near Dat Ki Puliya, Opp. DRM Office, DO Batti, Ratlam,MP-457001.",23.334801,75.045636,457001,
Madhya Pradesh,Rewa,REWA,"1st Floor, P-9, Above Union Bank of India , Satna Road, NH-7, Dhekaha, Rewa, Madhya Pradesh 486001",24.5433123,81.2732423,486001,
Madhya Pradesh,Sagar,SAGAR,"1st Floor, Beside HDFC Bank, Jabalpur Road, Sadbhavana Nagar, Makronia Sagar (M.P) - 470004",23.854443,78.794181,470004,
Madhya Pradesh,Sanawad,SANAWAD,"Ward No. 02, Station Road, Beside Gurudwara, Sanawad, MP -451111",22.174687,76.074483,451111,
Madhya Pradesh,Satna,SATNA,"2nd Floor, N K Chambers, Opposite Agarwal Tractors, Panna Naka, Satna-485001 M.P.",24.575827,80.814772,485001,
Madhya Pradesh,Sehore,SEHORE,"Shop No. 11 & 12, Upper Floor,Tamrakar Super Market,Ganga Ashram, Sehore, M.P. -466001",23.198159,77.08478,466001,
Madhya Pradesh,Seoni,SEONI,"1st Floor,Plot No. 64/2, Beside LIC Office, Above Kalyani Coffee House, Jabalpur Road, Seoni, MP- 480661",22.098088,79.548767,480661,
Madhya Pradesh,Shahdol,SHAHDOL,"1st Floor, 136, Ward No.18, Rama Bai Chowk, Shahdol",23.296266,81.376042,,484001
Madhya Pradesh,Singrauli,SINGRAULI,"487 , Ground Floor, Main road, Below Mahendra Finance , Waidhan, District- Singrauli, Madhya Pradesh - 486886",24.072812,82.618484,486886,
Madhya Pradesh,TIKAMGARH,TIKAMGARH,"PLOT NO. 39,GROUND FLOOR, WARD NO 18, OLD SHAHAR JHANSI ROAD, TIKAMGARH, MADHYA PRADESH - 472001",24.7636871,78.6936518,472001,
Madhya Pradesh,Ujjain,UJJAIN,"1st Floor, Khanna Opticals, Opp. Narang Complex, Freeganj, Ujjian-456010(MP)",23.17841,75.791591,456010,
Madhya Pradesh,Vidisha,VIDISHA,"Gourav Business Square, Above MRF Show Room, 2nd Floor, Sanchi Road, Near Manohar Talkies, Vidhisha-464001 MP",23.519701,77.799401,464001,
Maharashtra,Ahmednagar,AHMEDNAGAR,"Office No-8 ,1st Floor,AMARDEEP COMPLEX,Above Laptop Bazaar,Sarjepura, Ahmednagar-414001",19.1037578,74.7369461,414001,
Maharashtra,Akola,AKOLA,"1st Floor, Unit No 34 & 36, Yamuna Tarang Complex, Amravati Road, Akola Maharas, Maharashtra 444001",20.698884032028,77.012811941397,444001,
MAHARASHTRA,Amaravati,AMARAVATI,"Vimaco Tower, 2nd Floor, Near Usmania Masjid,Bus stand Road, Amravati-444601",20.9297926,77.7589845,444601,
MAHARASHTRA,Aurangabad,AURANGABAD,"Office No.3,1st Floor,Decent Enclave ,Opp.More Mall,Dargha Road,Aurangabad, Maharashtra -431005",19.8615596,75.3354977,431005,
Maharashtra,AURANGABAD,AURANGABAD AJINKYA PLAZA,"AJINKYA PLAZA, Ist FLOOR, GUT NO 107 &108 PLOT NO. 18(P),19,20,21,SATARA PARISAR, ABOVE HDFC BANK,BEED BYPASS ROAD, AURANGABAD - 431105 ",23.3240754,73.8613341,431105,
Maharashtra,Badlapur,BADLAPUR,"RAGHUNANDAN APARTMENT,103,FIRST FLOOR,KATRAP CHOWK,AMBERNAT-BADLAPUR MIDC HIGHWAY,BADLAPUR (EAST)421503.",19.168248,73.230092,421503,
Maharashtra,PUNE,BANER,"Second Floor , ARIA TOWER, 2ND FLOOR, OFFICE NO.201, ABOVE PANJAB NATIONAL BANK, BANER- MAHALUNGE ROAD, BANER,PUNE. MAHARASHTRA-411045",18.5645584,73.774862,411045,
MAHARASHTRA,Baramati,BARAMATI,"Abhinkur Building, Mezzanine Floor, Plot No 12, Sr. No 40/3/A/1, Nira Road, Kasba , Baramati, Dist-Pune , Maharastra – 413102",18.1440935,74.5313178,413102,
MAHARASHTRA,Belapur,BELAPUR,"Casablanca , Office No. 305, 3rd Floor, Sector II, C.B.D. Navi Mumbai, Belapur-400614, Maharastra",19.015858,73.0393795,400614,
Maharashtra,Bhandaraa,BHANDARA,"Shop/office No.301, Katakwar Building, 3rd floor, Main Road, Station Road, near Jalaram Mange Karyalaya, Bhandara, Maharashtra 441904",21.173877,79.6562597,441904,
MAHARASHTRA,Boisar,BOISAR,"SHOP NO. 236B,259B & B237,B258, 2ND FLOOR, OSTWAL EMPIRE, ARIHANT E-TYPE, TAL-DIST- PALGHAR-BOISAR, MAHARASHTRA-401501",19.799761,72.758794,401501,
MAHARASHTRA,Borivali,BORIVALI,"No. III, BEARING C, OFFICE NO-2, 2ND FLOOR, FORTUNE AVIRAHI, A-WING, JAMBHLI GULLY, BORIVALI WEST, 104A OF, TPS Rd, near JAIN TEMPLE, Borivali, Maharashtra 400092",19.226494204296,72.853361553451,400092,
Maharashtra,Chakan,CHAKAN,"3rd Floor, A-Wing, Office no - 301,Ghanwat Plaza, Talegaon-Chakan Rd, Chakan, Maharashtra 410501",18.756898,73.85911,410501,
MAHARASHTRA,Chandrapur,CHANDRAPUR,"1st Floor, Yergude Complex, Above Yergude Bichayat Kendra, Opposite Anjikar Automobiles, Bapat Nagar, Chandrapur.  442402",19.975445,79.284111,442402,
Maharashtra,Chiplun,CHIPLUN,"Ramkrishna,1st Floor, Office No.001, Chiplun Karad Road, Markandi, Chiplun-415605, Maharashtra",17.526083,73.525728,415605,
Maharashtra,Dhule,DHULE,"Office No.111, First Floor, Kai. Abasaheb R. R. Patil, Vyapari Sankul, Parola Road, Dhule 424001 (Maharashtra)",20.90257,74.779353,424001,
MAHARASHTRA,Hadapsar,HADAPSAR,"Mate Hights, 2nd floor, Office no. 201-202, sr. no.- 15/12/3, Above Canara Bank, Magarpatta Road, Hadapsar- Pune- 411028",18.504496,73.92647,411028,
MAHARASHTRA,Hinjawadi,HINJAWADI,"Office No. 104, 1st Floor, Sanskriti Arcade, Near PCMC School, Kaspate Vasti, Wakad, Hinjawadi, Pune -411057, Maharastra, India",18.5950293,73.7741757,411057,
MAHARASHTRA,Jalgaon,JALGAON,"SHOBHA SMRUTI, 1ST FLOOR, 100 FEET MAIN ADHARSH NAGAR ROAD, ABOVE ICICI BANK, JALGAON-425002, MAHARASTRA",21.01148,75.567942,425002,
Maharashtra,Kalyan,KALYAN,"Shop No 3, Ground floor, Aricia Altis, Agra Rd, near patri pool, near Sanai banquets, Bhanunagar Kalyan(West), Bail Bazar, Bhoiwada",19.2354728,73.1163174,,421301
Maharashtra,KALYAN,KALYAN VALLIPEER ROAD,"C J, JOSHI COMPLEX HS LTD, OFFICE NO. 202, 2ND FLOOR, VALLIPEER ROAD, OPP, KALAYAN RAIWALY STATION, ABOVE FEDRAL BANK, KALYAN, MAHARASTRA 421301",19.2357427,73.1295224,421301,
Maharashtra,Karad,KARAD,"Office No F-5,Laxmi Madhav Trade Center, First Floor, Opp Bus Stand Next To Alankar Hotel, Shanwar Peth, Karad, Maharashtra, India 415110",17.2834058,74.1815516,415110,
Maharashtra,Karjat,KARJAT,"Office No. 102, Shivkrupa CHS, Opposite Sunil Chikki,old court road, Karjat (West)",18.910602,73.322873,,410201
Maharashtra,Kharadi,KHARADI,"1st Floor, Office No.101 & 102, Above IDBI Bank, Sr. No.5/2/2/1/, Kharadi Mudhwa Bypass,Gold Crest, Pune-411014",18.549511,73.942847,411014,
MAHARASHTRA,Kolhapur,KOLHAPUR,"Shop No. 109,1st Floor, REVOLUTION, E- Ward, Kolhapur Station Rd, New Shahupuri, Kolhapur, Maharashtra 416001",16.70499,74.242793,416001,
Maharashtra,Latur,LATUR,"Office No. 202, 2nd Floor, Sonavna Tower, Main Road, Mini Market Chowk, Above Bank Of Maharashtra, Latur-413512",18.39882,76.575684,413512,
MAHARASHTRA,MAHAD,MAHAD,"MADHYAMA TRI CITY,A WING,1ST FLOOR,OFFICE NO.16,NEAR CHAVDARTALE,DONGRI POOL,MAHAD,DIST - RAIGAD MAHARASHTRA - 402301",18.080215,73.419552,402301,
Maharashtra,Mumbai,MUMBAI,"D-313, 3rd Floor, Kanakia Zillion, Junction of CST and LBS Road, Kurla West, Mumbai - 400070",19.075416,72.87662,400070,
MAHARASHTRA,Nagpur,NAGPUR,"2nd Floor,Swami Sadan,Jhanda Chowk,Dharmpeth,Near Joshi Uphar Gruh,Nagpur,Maharashtra",21.141662,79.064652,,440010
MAHARASHTRA,Nagpur-besa-road,NAGPUR BESA ROAD,"Shop No.204, 2nd Floor, Shanti Heights, Shanti Park,Above SBI Bank,Manish Nagar, Besa Road,Nagpur-440037, Maharashtra",21.088263,79.081108,440037,
Maharashtra,NANDED,NANDED,"MILLENNIUM TOWER, OFFICE NO. 302, 3RD FLOOR, NANDED MALEGAON ROAD, NANDED , MAHARASTRA -431605",19.1871676,76.3002658,431605,
MAHARASHTRA,Nasik,NASIK,"Midas Tower, 1st Floor, At Survey Number 717/1B/2B, Final Plot No. 459, College Road, TP Scheme No. II, Village, Nashik -425002, Maharashtra",19.984491,73.782902,425002,
Maharashtra,Panvel,PANVEL,"Neelkant Landmark,5th Floor,Office No.502,Behind Orion Mall,Near ST Stand,Old Panvel -410206",18.994548,73.116124,410206,
Maharashtra,Pen,PEN,"Mhatre Bhuvan,2nd Floor, Office No.4, Chinchpada Road, Near Urdu School, oppt. Trimurti Adhar Hospital, Near Alishan Super Market, At post Taluka-PEN-Dist- Raigad-402107- Maharashtra",18.733453,73.092681,402107,
MAHARASHTRA,Pimpri,PIMPRI,"Office No. 2/22, Ground Floor, Mahalaxmi Height, Morwadi, Near Bank of Maharashtra, Pimpri, Pune - 411018",18.632325,73.801491,411018,
MAHARASHTRA,Pune,PUNE,"Office No.201, Atharva Plaza, 2nd Floor, Pune Satara Road, Dhankawadi, Pune-411043",18.47019386,73.85716248,411043,
Maharashtra,Ratnagiri,RATNAGIRI,"106, 1st Floor, Arihant Space Center, Maruti Mandir Circle, Near Lotlikar Hospital, Ratnagiri -415612",16.991099,73.3147349,415612,
MAHARASHTRA,Sangli,SANGLI,"Stilt Floor, Shivratan Apartment, Shop No. M-1, College Corner, Sangli, Maharashtra 416416.",16.862286,74.576084,416416,
MAHARASHTRA,Satara,SATARA,"OFFICE NO.7,2ND FLOOR,ADARSH CORNER,SR.NO.287/1 TO 7/6, PLOT NO. 3 OF FINAL PLOT NO.12,RADHIKA ROAD,OPP. HOTEL RAJTARA,KARANJE SATARA-415001",17.690942,73.998989,415001,
Maharashtra,Shirur,SHIRUR,"OFFICE NO.103,1ST FLOOR, SAI BUSINESS COURT, SURAJNAGR, SHIRUR, TAL-SHIRUR, DIST-PUNE ,MAHARASHTRA- 412210",18.5904807,73.9972394,412210,
Maharashtra,Pune,SHIVAJI NAGAR PUNE,"Office No. 702, 7th floor, Kohinoor B zone, metro station, opposite to Shivaji nagar, Narveer Tanaji Wadi, Shivajinagar, Pune, Maharashtra 411005",18.533672,73.852739,411005,
MAHARASHTRA,Shrirampur,SHRIRAMPUR,"AARIHANT TOWER, 1ST FLOOR, OFFICE NO 1, BELAPUR ROAD, SHRIRAMPUR, MAHARASTRA-413709",19.615303,74.657397,413709,
MAHARASHTRA,Solapur,SOLAPUR,"2nd Floor, ‘Saraswati Height’,Plot No. 5, Narsinh Nagar, Opp. D-Mart, Jule Solapur, Solapur-413008",17.634569,75.913694,413008,
MAHARASHTRA,Thane,THANE,"1st Floor, A.D.J. Residency, Royal House, Behind Wood Mall, LBS Marg, Thane (W) Maharashtra 400601",19.185265,72.958743,400601,
MAHARASHTRA,Titwala,TITWALA,"Shop/office No. 101,UMA DEEP,Ganesh Mandir Road, Titwala -421605, Maharashtra",19.299396,73.219165,421605,
Maharashtra,Vasai,VASAI,"B-204 to 207,Royal Shopping Center, Ambadi Road, Vasai West, Thane ,Maharashtra - 401202",19.385967,72.826812,401202,
Maharashtra,VASAI,VASAI AMBADI ROAD,"Flat No. A2, Second Floor, Sai Tower CHS Ltd., Ambadi Road, Vasai, Maharashtra 401202",19.3854303,72.826764,401202,
Maharashtra,Virar,VIRAR,"Office No.3 &4,3rd Floor,Viva-Gokul Arcade,Virar,Mumbai, Maharashtra 401305 ",19.447542,72.800949,401305,
Maharashtra,Wagholi,WAGHOLI,"Office No. A-214, 2nd Floor, Oxy Primo, A Wing, G.NO. 559/1, BAKORI PHATA , WAGHOLI, Maharashtra -412207",18.590303,73.997459,412207,
MAHARASHTRA,Wardha,WARDHA," 1ST FLOOR, MANGALAM BUILDING, INFRONT OF SHIVA VAIBHAV MANGAL KARYALAY, GANDHI NAGAR, BACHLOR RODA, WARDHA-442001, MAHARASHTRA",20.7517211,78.5999401,442001,
Maharashtra,Washim,WASHIM,"Shop No-30, Patni Commercial Complex, Risod Naka Road, Washim, Maharashtra 444505",20.109965,77.127161,444505,
MAHARASHTRA,Yavatmal,YAVATMAL,"Pride Plaza, Shop No. 3 & 4, 1st floor, Main Road Civil Lane, Poonam Chowk, Yavatmal-445001",20.3935795,78.1291832,445001,
Odisha,BARGARH,BARGARH,"1st Floor, Khata No 2414/5432, NH-06, Bhatli Rd, Near Kishore Nursing home, above Mannapuram Gold Loan, Bargarh, Odisha 768028",21.3430841,83.6098516,768028,
ODISHA,Berhampur,BERHAMPUR,"First Floor, Khodasingi Main Road, Near Indian Oil Petrol Pump, Berhampur, Odisha - 760010",19.31118,84.83432,760010,
ODISHA,BHUBANESHWAR,BHUBANESHWAR,"N5/123, First Floor, Jaydev Vihar, Near Biju Pattnaik College, Bhubaneshwar, Odisha 751015",751015,85.81664,751015,
Odisha,Cuttack,CUTTACK,"Plot No. 1035/1159, First Floor, Near Axis Bank, Jagatpur,",20.4948937,85.9335854,,754021
Odisha,JAJPUR,JAJPUR,"1st Floor, Office No. 01, Plot No. 636, Biswal Building NH-215, Near Dev Plaza, Jajpur, Odisha 755019",20.9395311,86.1533103,755019,
Odisha,PURI,PURI,"2nd Floor, Samanta Chandrashekhar Nagar, VIP Road, Near PKDA",19.806316,85.832855,,752001
Punjab,ABOHAR,ABOHAR,"1st Floor, SCO-2, Abha City Square, Near Bus Stand, In Front of BSNL Office, Abohar, Distt. Fazilka, Abohar, Punjab 152116",30.1445365,74.2015345,152116,
Punjab,KHARAR,KHARAR,"1ST FLOOR SCO-BO 023/397, SEC-125 CHANDIGARH-KHARAR ROAD, ,KHARAR, DISTRICT MOHALI, PUNJAB -140301",30.7484534,76.64255098,140301,
PUNJAB,Mohali,MOHALI,"SCO -1, 2nd Floor, Sabji Mandi, Phase -11,Sector -65,Mohali -160055,Punjab",30.677042,76.748886,160055,
PUNJAB,Rupnagar,RUPNAGAR,"1st Floor, SCO No. 39, BSA Nagar, Bella Road, Rupnagar – 140001 – Punjab",30.962359,76.51981,140001,
Punjab,ZIRAKPUR,ZIRAKPUR,"SHOP/OFFICE NO.24, 3RD FLOOR, MOHALI CITY SQUARE, PATIALA ROAD, ZIRAKPUR, DISTRICT. MOHALI, PUNJAB- 140603",30.63989241,76.80379627,140603,
RAJASTHAN,Abu-road,ABU ROAD,"1st Floor, Choudhary Complex, Near Chamtkari Hanuman Temple, Mount Road, Manpur, Abu Road-307026 (Raj)",24.49607,72.789098,307026,
Rajasthan,Ajeetgarh,AJEETGARH,"1st Floor, Shri Sai Naryan Complex, Shahpura Rd, opp. Triveni Marraige Garden, Ajeetgarh, Rajasthan 332701",27.411531,75.789957,332701,
Rajasthan,Ajmer,AJMER,"Hariom Complex, Plot No. 1, 1st Floor, Makarwali Rd, above Canara Bank, Ajmer, Rajasthan 305001",26.4989644,74.628186,305001,
RAJASTHAN,Alwar,ALWAR,"1ST FLOOR, ABOVE BANK OF BARODA, PLOT NO.6, LAJPAT NAGAR, SCHEME NO.2, ALWAR-301001, RAJASTHAN INDIA",27.569267,76.614199,301001,
RAJASTHAN,Anoopgarh,ANOOPGARH,"Plot No.67, 1st Floor, Near SBI Bank, Railway Station Road, Anupgarh - Rajasthan -335701",29.1955343,73.2062239,335701,
Rajasthan,Asind,ASIND,"Shop No.1, Albhashar Complex, Bhim Road, Chungi Naka, Asind, Dist-Bhilwara-311301 Rajasthan",25.7418435,74.3271066,311301,
Rajasthan,Bagru,BAGRU,"1st Floor, Balaji Plaza, Baba Market, Bagru, Dist.- Jaipur-303007 Rajasthan",26.821159,75.54296,303007,
RAJASTHAN,Balotra,BALOTRA,"1st floor, Shiv complex, khed road, Balotra - 344022, Rajasthan",25.834183,72.230585,344022,
RAJASTHAN,Banswara,BANSWARA,"1st Floor, R S Square, Shop No 115, Opp. Mahi Colony, Near Housing Board Circle,Udaipur Road, Banswara- 327001 (Rajasthan)",23.556816,74.436929,327001,
Rajasthan,Banswara,BANSWARA DUNGARPUR ROAD,"Prince Galaxy Tower, Plot No. 15A & 15B, 1st Floor, Dungarpur Road, Banswara, Rajasthan - 327001",23.5460188,74.4383279,327001,
RAJASTHAN,Baran,BARAN,"2nd Floor, Satya Place Building, Kota Road, Baran 325205, Rajasthan",25.098772,76.504705,325205,
Rajasthan,Barmer,BARMER,"1ST FLOOR, VANKAL TOWER, RAI COLONY ROAD, BARMER, RAJASTHAN-344001",25.751434,71.393935,344001,
Rajasthan,Jaipur,BASSI,"1st Floor. Prabhu Colony, Potlya Market, Bassi , Jaipur - 303301",26.838316,76.052314,303301,
RAJASTHAN,Beawar,BEAWAR,"2nd Floor, Shree Siddhi Vinayak Market ,Opp. City cinema Station Road Beawar 305901",26.10426,74.313434,305901,
RAJASTHAN,Begun,BEGUN,"Ward No.1, Chittor Road, Near HDB Financial , Begun,  Chittorgarh-Rajasthan 312023.",24.99533,75.013575,312023,
Rajasthan,Bhadra,BHADRA,"1st floor dariya singh plaza,opp BJP office Sahwa Rd, Bhadra, Rajasthan 335501",29.101939,75.164387,335501,
Rajasthan,Bharatpur,BHARATPUR,"1st Floor, Exhibition Road, Kumher Gate Circle, Above Bharat Bajaj, near Bank Of Baroda",27.218053,77.481837,,321001
RAJASTHAN,Bhilwara,BHILWARA,"Ground Floor, Commercial Plot No. 2751/1 & 2751/2, K K Tower, Revenue Village Bhilwara, Sancheti Colony, Near Mirchi Mandi, Bhilwara - 311001, Rajasthan.",25.345687,74.621092,311001,
Rajasthan,BHIM,BHIM,"IST FLOOR, DHANLAXMI TOWER, NEAR TRUCK CHAURAHA, BHIM, DISTRICT, RAJSAMAND, RAJASTHAN - 305921",25.737028,74.07753,305921,
RAJASTHAN,Bhinmal,BHINMAL,"Shop No- 31, Shree Sai Complex, Above Axis Bank, Station Road, Bhinmal, Bhinmal Dist- Jalore (Raj), Bhinmal, Rajasthan 343029",25.00385,72.278195,343029,
Rajasthan,Bhiwadi,BHIWADI,"D-203,1st Floor,Bhagat Singh Colony,Above Axis Bank,Alwar bhiwadi bypass,Bhiwadi,Dist-Alwar",28.205307,76.808629,,301019
RAJASTHAN,Bijaynagar,BIJAYNAGAR,"ASHIRWAD PLAZA, 1st  Floor,  Beawar Road, Near Pragya School,Bijaynagar,Dist- Ajmer ,Rajasthan- 305624",25.927476,74.635292,305624,
RAJASTHAN,Bikaner,BIKANER,"2nd Floor,Plot No.8, Gopali Sadan, Nr. Railway overbrigge, Rani Sati, Bazaar, Bikaner-334001",28.007302,73.322921,334001,
Rajasthan,Bikaner-sriganganagar-road,BIKANER SRIGANGANAGAR ROAD,"1ST FLOOR, CR TOWER,OPP.RCP COLONY, SRIGANGANAGAR ROAD,BIKANER- 334001",28.047083,73.328072,334001,
Rajasthan,BILARA,BILARA,"1ST FLOOR, PLOT NO.1, YADUVEER SINGH COMPLEX, POLIYAWAS, AJMER ROAD, NEAR HDFC BANK, BILARA, DISTRICT JODHPUR, RAJASTHAN -342602.",26.1782452,73.70746774,342602,
Rajasthan,Bundi,BUNDI,"1st Floor, Ambedkar Circle, Lanka Gate Road, Income Tax Office, Bundi, Rajasthan 323001",25.4343882,75.637387,323001,
Rajasthan,Chhabra,CHHABRA,"Ground Floor Opp. ADJ Court, Kumbraj Road, Chhabra, Rajasthan-303702",24.669715,76.83703,303702,
RAJASTHAN,Chhitorgarh,CHHITORGARH,"PLOT NO -3, KAILASH NAGAR, CHAMTI KHERA CHOWK, CHAMTI KHERA ROAD, CHITTORGARH-312001,RAJASTHAN",24.8820747,74.6309021,312001,
Rajasthan,Chirawa,CHIRAWA,"1st Floor, Above Axis Bank, Pilani Road, Chirawa,Jhunjhunu-Rajasthan,333026",28.247783,75.650212,333026,
RAJASTHAN,Chomu,CHOMU,"First Floor Opp. Indian patrol pump, Jaipur Road, Chomu, Jaipur, Rajasthan-303702",27.165053,75.71881,303702,
RAJASTHAN,Churu,CHURU,"First Floor, Above SBI Bank, Opp. Rishi School, Purani Sadak, Churu, Dist.- Churu, Rajasthan-331001",28.292483,74.955816,331001,
RAJASTHAN,Dausa,DAUSA,"Opp Tiwari Dharm Kanta ,Near Choudhary Petrol Pump,1st Floor, Above Tip top Furniture,Agra Road,Dausa-- 303303.",26.8360259,75.500574,303303,
RAJASTHAN,Deedwana,DEEDWANA,"Shop No.29 & 30, Ground Floor, Hospital Circle, Didwana, Nagaur, Rajasthan- 341303.",27.402163,74.564814,341303,
Rajasthan,DEGANA,DEGANA,"1ST FLOOR. KILAK PLAZA, BEHIND PANDIYA BHAWAN. NEAR MIDDLE GIRL’S SCHOOL, DEGANA, DISTRICT NAGAUR, RAJASTHAN-341503",26.89589826,74.32185613,341503,
Rajasthan,DEOLI,DEOLI,"Suwalka Complex, 1st Floor, Opp. Govt.College, Jaipur Road, Deoli-Rajasthan -Pin code - 304804",25.7599035,74.8250299,304804,
Rajasthan,Dudu,DUDU,"Ground Floor,Near Power House, N.H. 8, Dudu, Dist. Jaipur, Rajasthan-303008",26.682768,75.23742,303008,
Rajasthan,Dungargarh,DUNGARGARH,"1ST FLOOR, STATION ROAD, PANI KI TANKI KE PASS, DUNGARGARH,- 331803",28.088893,74.008275,331803,
Rajasthan,Dungarpur,DUNGARPUR,"1st Floor, Near Muthoot Finance, Main Sagvada Road, Shastri Marg Collage Road",23.8467,73.721094,,314001
Rajasthan,Fatehnagar,FATEHNAGAR,"Ground Floor, Plot No-L, Udaipur Road, Fatehnagar, Udaipur, Rajasthan-313205",24.8115125,74.087116,313205,
Rajasthan,Gangapur,GANGAPUR,"Plot No.3&4, Ground Floor, Ward No.6, Near Geeta Complex, Saharda Chouraha Road, Gangapur,311801 Rajasthan",25.207217,74.250229,311801,
RAJASTHAN,Hanumangarh,HANUMANGARH,"1st Floor,Baba shyam singh complex  , Opp narang hotel , Hanumangarh Junction,Hanumangarh ,Rajasthan - 335512",29.605935,74.291764,335512,
Rajasthan,ITAWA,ITAWA,"Ground Floor, Near Jain Oil Mill Opp Jodaliya Balaji Temple, Khatoli Road, Distt, Itawa, Rajasthan 325004",25.5475333,76.3196116,325004,
RAJASTHAN,Jaipur-mansarowar,JAIPUR,"101-105, 1st Floor, Southend Square, Mansarovar Industrial Area, Jaipur-302020",26.830414,75.775432,302020,
RAJASTHAN,Jaipur-ajmer-road,JAIPUR AJMER ROAD,"Diamond Tower, 1st Floor, Ajmer DCM Road, Jaipur, Rajasthan",26.898923,75.756767,,302021
Rajasthan,Jaipur-dher-ke-balaji,JAIPUR DHER KE BALAJI,"1st Floor, Plot No.53, Parsharam Nagar, Sikar Rd, Dher ka Balaji, Jaipur, Rajasthan 302039",26.95405,75.771229,302039,
Rajasthan,Jaipur-jagatpura,JAIPUR JAGATPURA,"Plot No.1, Meenakshi Tower, Vishnupuri, Jagatpura Road, Jaipur-302017, Rajasthan",26.847808,75.8269513,302017,
Rajasthan,Jaipur-kalwar-road,JAIPUR KALWAR ROAD,"1st floor, P No. 73, 74, 75 Patel Nagar, Govindpura Kalwar road, jaipur 302012 Near Govindpura main stand",26.9514349,75.7036369,302012,
Rajasthan,Jaipur,JAIPUR LOHA MANDI ROAD,"Plot No-7 & 8, 1st Floor, Usha Colony, Machda, New Loha Mandi Road, Jaipur, Rajasthan - 302013",26.995404093577,75.761323199904,302013,
Rajasthan,Jaipur - Mahapura,JAIPUR MAHAPURA,"Ground Floor, Balaji Market, Bus Stand, Mahapura- Jaipur. PIN-302026",26.8481986,75.6709025,302026,
Rajasthan,Jaipur-rajapark,JAIPUR RAJAPARK,"2nd Floor, Delight Tower, B-23, Govind Marg, Opp- Parnami Mandir, Rajapark, Jaipur -302004,",26.897831,75.823451,302004,
RAJASTHAN,Jaipur-sangam-tower,JAIPUR SANGAM TOWER,"113 &,210 1st Floor & 2nd Floor, Sangam Tower, Church Road,Jaipur, Rajasthan 302001",26.916704,75.798609,302001,
Rajasthan,Jaipur,JAIPUR VATIKA ROAD,"1ST FLOOR,. PLOT NO. 1,SHIV NAGAR,NEAR SHIV TEMPLE, VATIKA ROAD, JAIPUR , RAJASTHAN -303905",26.743037,75.8196482,303905,
RAJASTHAN,Jaitaran,JAITARAN,"1st Floor, Oppo. ICICI Bank, Nimaj, Road, Jaitaran, Rajasthan 306302",26.2016554,73.9465926,306302,
RAJASTHAN,Jalore,JALORE,"Plot no H -03 First Floor, Shivaji Nagar, Aahore Circle, Opposite Police Line, Jalore, Rajasthan 343001",25.3490811,72.6306752,343001,
RAJASTHAN,Jhalawar,JHALAWAR,"1ST FLOOR, ABOVE ANDHRA BANK, WARD NO.15, MANGALPURA ROAD,JHALAWAR,RAJASTHAN-326001",24.590651,76.165033,326001,
RAJASTHAN,Jhunjhunu,JHUNJHUNU,"OPP. Reliance petrol Pump,Road No.3,Jhunjhunu, Rajasthan",28.113537,75.396755,,333001
RAJASTHAN,Jobner,JOBNER,"Jaipur Road,Near Police Thana,Jobner,Rajasthan",26.974748,75.389928,,303328
RAJASTHAN,Jodhpur,JODHPUR,"1st Floor ,E-131, Kalpatru Shopping Centre, Residency Road, Jodhpur -342001",26.4491681,72.7389168,342001,
Rajasthan,Kekri,KEKRI,"Ground Floor, Khangarot Plaza, Ground Floor, Kota Road, Sarvar Road Tiraha, Kekri- Ajmer-305404 Rajasthan",25.964393,75.157042,305404,
Rajasthan,Khetri,KHETRI,"1ST FLOOR, ABOVE JIO DIGITAL, WARD NO.14, CINEMA ROAD, KHETRI-333504",27.999774,75.784567,333504,
RAJASTHAN,Kishangarh,KISHANGARH,"1st Floor. Near ICICI bank, Opp. Agrasen Bawan, Jaipur -Ajmer Road, Kishangarh-305801",26.583624,74.848908,305801,
Rajasthan,Kolayat,KOLAYAT,"Ground Floor, Near bus stand , Kolayat, Dist.- Bikaner-334302 Rajasthan",27.839929,72.960253,334302,
RAJASTHAN,Kota,KOTA,"1st Floor, 4-B-7, Near Talwandi Circle,Opposite Barthunia Clinic , Talwandi ,Kota, Rajasthan -324005",25.146628,75.839285,324005,
Rajasthan,Kota baran road,Kota baran road,"1st Floor, D-25, Sukhdham Colony, Above Union bank 80 Feet Road , Near Police Line, Kota - 324001",25.183889,75.871939,324001,
Rajasthan,Kotputli,KOTPUTLI,"1st Floor, Alwar Road, Opp. Govt. Krishi Anaj Mandi, Kotputli, Dist- Jaipur -303108- Rajasthan",27.698461,76.189645,303108,
RAJASTHAN,Kuchaman,KUCHAMAN,"1st Floor, Station Rd, near SBI Bank, Kuchaman City, Rajasthan 341508",27.149045,74.861667,341508,
Rajasthan,Malpura,MALPURA,"Ground Floor, Opp. TVS Showroom, Brijlal Nagar, Dudu Road, Malpura-304502 Rajasthan",26.300203,75.368414,304502,
RAJASTHAN,Merta,MERTA,"1st Floor, Above Vijay Laxmi Automobiles, Near Axis Bank, Nagaur Chouki, Main Krishi Mandi Road, Merta City -341510 (Raj)",26.651596,74.02976,341510,
RAJASTHAN,Nagaur,NAGAUR,"2nd Floor,Kamal Tower,In front of old Govt. Hospital,Above OBC BANK, Nagaur,Rajasthan",27.201906,73.724542,,341001
Rajasthan,Nawalgarh,NAWALGARH,"Ground Floor, Opp. Hotel Nawal Plaza, Near Roadways Bus Stand, Sikar-Jhunjhunu Road, Nawalgarh- Rajasthan 333042",27.851462,75.252964,333042,
RAJASTHAN,Neem-ka-thana,NEEM KA THANA,"1ST FLOOR, NEAR BSNL TOWER, SHAHPURA ROAD, ABOVE BAJAJ SHOWROOM, NEEM KA THANA,RAJASTHAN -332713",27.738928,75.782082,332713,
Rajasthan,Neemrana,NEEMRANA,"1st Floor, Shop No.114-115, Krishna Tower, Neemrana, Dist -Alwar-301701 (Rajasthan)",27.986738,76.390975,301701,
RAJASTHAN,Nimbahera,NIMBAHERA,"Ground Floor, In-front of New Court, Chittaurgarh Road, Kherodia Complex, Nimbahera, Rajasthan-312601",24.6200382,74.6758065,312601,
Rajasthan,Nohar,NOHAR,"Ground Floor, Plot No.94,& 95, Near Railway Mal Godam, Ward No.25,Opposite Karni Mata Mandir,Bhadra Road, Nohar, Dist. Hanumangarh, Rajasthan",29.191183,74.778087,,335523
RAJASTHAN,Nokha,NOKHA,"Daga building,2nd Floor,Jain Chowk ,Nokha,Dist -Bikaner,Rajasthan",24.620201,74.675675,,312601
Rajasthan,Osian,OSIAN,"1ST FLOOR, OPP. STATE BANK OF INDIA & LIC OFFICE, STATION ROAD, OSIAN, JODHPUR, RAJASTHAN-342303",26.728621,72.906615,342303,
RAJASTHAN,Pali,PALI,"2ND Floor, 173-Aadi Nath Nagar, Vinayak Naju Plaza, New Bus Stand, Pali-306401 Rajasthan ",25.7575087,71.2147275,306401,
Rajasthan,Jodhpur,PAOTA JODHPUR,"1st Floor, Shop Plot No. 1,Polo First, Fort Road Above Axis Bank, Khet Singh Ji Ka Bangla, Paota ",26.30055,73.037735,,342006
Rajasthan,PARBATSAR,PARBATSAR,"1st Floor, Above HDFC Bank, Kishangarh Road, Parbatsar, Distt. Nagaur, Parbatsar, Rajasthan 341512",26.8845098,74.7671926,341512,
RAJASTHAN,Phulera,PHULERA,"Shop NO, 16 , 17 Anu Vihar colony Jobner road Phulera -Raj- 303338",26.8784813,75.2391003,303338,
RAJASTHAN,Pratapgarh,PRATAPGARH,"Shop No 6,H.No.125,Ground Floor, Manak Bhawan ,M.G. Road, Opposite RSEB Office, Pratapgarh , Rajasthan -312605",24.029722,74.784991,312605,
Rajasthan,Raisinghnagar,RAISINGHNAGAR,"Shop number 348-349, Old Dhan Mandi, Opposite HDFC bank, 1st floor raisinghnagar,335051 Rajasthan",29.534375,73.44819,335051,
Rajasthan,Rajgarh,RAJGARH,"Ground Floor, Near Vasanti Devi Dharmshala, Ward No.14, Station Road, Rajgarh- Churu- Rajasthan 331023",28.634631,75.386945,331023,
RAJASTHAN,Rajsamand,RAJSAMAND,"1st Floor,Moolchand Talesra Building,Vivekanand Chourha,Bhilwara Road,Kankroli,Rajasamand,Rajasthan",25.056445,73.900593,,313324
Rajasthan,Ramganj mandi,RAMGANJ MANDI,"Plot No 10-11, 1St Floor, Infront Of Gokul Dham Society Khairabad Road",24.6524478,75.9361977,,326519
RAJASTHAN,Ratangarh,RATANGARH,"Ward No -03, Link Road,Near Manohar dasji Samadhi, Near Forth Puliya,Ratangarh,Dist - Churu, Rajasthan",28.069959,74.616923,,331022
Rajasthan,Rawatsar,RAWATSAR,"Ward No 21, Hanumangarh Road, Opp. Bank of Baroda,Rawatsar, Rajasthan-335524",29.267908,74.409011,335524,
Rajasthan,Renwal,RENWAL,"Near Old Bajaj Motorcycle Showroom, Chomu Road, Renwal, Jaipur - 303603",27.150568,75.361644,303603,
Rajasthan,Ringus,RINGUS,"Khasra No, 4514, Ground Floor, Mat Mandir Road, Near AU Small Bank, Ringus, Dist- Sikar, Rajasthan - 332404",27.367299,75.574833,332404,
Rajasthan,SAGWARA,SAGWARA,"1ST FLOOR. NEAR SANCHAWAT VATIKA, DUNGARPUR ROAD, SAGWARA, DISTRICT DUNGARPUR, RAJASTHAN-314025",23.66528842,74.02066478,314025,
Rajasthan,Salumber,SALUMBER,"1st Floor, Opp. Higher Sec School,Above SBI & Icici Bank, Salumber, Udaipur- 313027 (Rajasthan)",24.135248,74.041887,313027,
rajasthan,SANCHORE,SANCHORE,"1st Floor, Kesar Complex, Near Gopal Plaza, Hadecha Bus Stop, Sanchore 343041 Dist Jalore",24.750249,70.773509,343041,
RAJASTHAN,Sangaria,SANGARIA,"Ground Floor,Market Cameti Wali Gali, Opp. Shiv Dharamkanta, Main Gurudwara, Sangaria, Hanumangarh-335063",29.794369,74.461078,335063,
RAJASTHAN,Sardarshahar,SARDARSHAHAR,"Ground Floor, Plot No-5&6. Choudhary Market, Near Madan Hotel. Bikanaer Road. Sardarshahar. Churu. Rajasthan-331403",28.4335445,74.5062012,331403,
Rajasthan,Sawai madhopur,SAWAI MADHOPUR,"Plot No. 1, 1st Floor, Above Pnb Bank, Maharana Pratap Colony, Beside Of Zila Udyog Kendra, Akashwani Dausa Road",26.025105,76.3548,,322001
RAJASTHAN,Shahpura,SHAHPURA,"1st Floor, Opp Kotak Mahindra Bank, Palsaniya Paradise, Near Mahalaxmi Cinema, NH-8, Shahpura-303103 (Raj)",27.385127,75.964247,303103,
Rajasthan,Shahpura-bhilwara,SHAHPURA BHILWARA,"GROUND FLOOR, SHOP NO.33, WELCOME PLAZA, OLD BUS STAND, SHAHPURA,DIST- BHILWARA,RAJASTHAN -311401",25.62053,74.924778,311401,
RAJASTHAN,Shri-ganganagar,SHRI GANGANAGAR,"2nd  Floor, Shop No.1 & 2,Chak -3 E, Murba No.35/37 ,Killa No.21,Shakti Marg, Near Rajasthan Patrika, Dist. -Sriganganagar, Rajasthan",29.9142354,73.8753087,,335001
RAJASTHAN,Sikar,SIKAR,"2nd Floor, Parvati Tower, Hariram Bahad Marg, Polo Ground Sikar-332001",27.600757358995,75.135109791968,332001,
RAJASTHAN,Sirohi,SIROHI,"Second Floor, KP Complex, Plot no 126, Dr. Sampurnand Colony, By pass road, Opp Sanjvani Hospital, Sirohi-307001(Raj).",24.877186,72.858479,307001,
RAJASTHAN,Sojat,SOJAT,"Plot No.1, Marudhar Keshari Road, Sirvi bhawan, Near Bank Of Baroda, Sojat 306104, Rajasthan",25.915152,73.661322,306104,
RAJASTHAN,Sujangarh,SUJANGARH,"Shop No. 2 & 3, First Floor,Vinayak City Center,Station Road,Sujangarh -331507",27.701511,74.468559,331507,
RAJASTHAN,Sumerpur,SUMERPUR,"Opposite Deputy Office, Beldeo Singh Colony, Jawai Bandh Station Road,Near Arya Samaj Circle , Sumerpur - 306902",25.148101,73.085505,306902,
Rajasthan,Suratgarh,SURATGARH,"Plot No-E-1, 2nd Floor, Opp Bus Stand ,Bikaner Road, Suratgarh (Rajasthan)",29.31276,73.90529,,335804
RAJASTHAN,Taranagar,TARANAGAR,"Ground Floor, Ward No. 14, Opposite Court Campus, Near Water works, Main Road, Taranagar, Dist. Churu, Rajasthan -331304",28.668774,75.046329,331304,
RAJASTHAN,Tonk,TONK,"1ST FLOOR , S-13,HOUSING BOARD, NEAR BUS STAND, TONK- RAJASTHAN -304001",26.169506,75.803039,304001,
RAJASTHAN,Udaipur,UDAIPUR,"NEELAM COMPEX, PLOT NO,16A, 1ST FLOOR, SECTOR 5, HIRAN MANGI, UDAIPUR , RAJASTHAN - 313002",24.566306,74.720481,313002,
Rajasthan,Udaipur,UDAIPUR HIRAN MANGRI,"Plot No 440 (South Part), 1st Floor, Above Sbi Bank, Sec 12, Hiran Mangri",24.653146,75.937275,,326519
Rajasthan,Udaipurwati,UDAIPURWATI,"Shafi complex 1, ground floor , Jaipur road ,udaipurwati,333307 Rajasthan",27.726349,75.478026,333307,
Tamil Nadu,Coimbatore,COIMBATORE,"Second Floor-N.N Complex, No. 2225, Trichy Road. Singanallur Coimbatore- 641005, Tamil Nadu",11.0132706,76.9673719,641005,
Tamil Nadu,Dharmapuri,DHARMAPURI,"Second floor -71C, “MANOHAR COMPLEX”, Salem Main Road, Dharmapuri – 636701. Tamil Nadu",12.1313758,78.1581269,636701,
Tamil Nadu,Erode,ERODE,"Second Floor-“U R T TOWERS” No. 139/2, Perundurai Road, Erode -638001. Tamil Nadu",11.3360054,76.7278702,638001,
Tamil Nadu,Hosur,HOSUR,"2nd Floor, Shop-No. 56/2, Shanthi Nagar, Denkanikotta Road, Krishnagiri, Hosur, Tamil Nadu - 635109",12.7247447,77.8236931,635109,
Tamil Nadu,Karur,KARUR,"Ground Floor, RR COMPLEX, No. 76, New Salem By-Pass Road, Karur -639002. Tamil Nadu",10.9673143,78.0588945,639002,
Tamil Nadu,Krishnagiri,KRISHNAGIRI,"Third Floor RK TOWERS, NO. 158-A, PHASE - 2, ROYAKOTTA ROAD, KRISHNAGIRI-635002 Tamil Nadu",12.526998,78.202377,635002,
Tamil Nadu,Chennai,TAMBARAM-CHENNAI,"First Floor. Plot. No.8/33, SHREE NAVAKAR CREATIONS, Gandhi Road, West Tambaram, Tamil Nadu - 600045",12.9285213,79.1116094,600045,
Tamil Nadu,Vellore,VELLORE,"Second floor- “SRI SUMATHI COMPLEX”, No.#252,12thStreet,Phase-1,TNHB, Sathuvacheri, Vellore-632009. Tamil Nadu",12.92392,79.1334815,632009,
UTTAR PRADESH,Agra,AGRA,"Office No 1, 2nd Floor,  Block No. 38/4A, Sumriddhi Business Suites, Sanjay Place, Agra ,U.P. -282002",27.201155,78.00624,282002,
Uttar Pradesh,Agra-sikandra,AGRA SIKANDRA,"1st Floor,Commercial Plot No.- 9,Sector -9,Sikandra Yojana, Sikandra-Bodla Road,Near Kargil Petrol Pump, Agra ,U.P. -202007",27.202907,77.953922,202007,
UTTAR PRADESH,Aligarh,ALIGARH,"2nd Floor, H.M. Complex, OPP. Axis Bank, Janakpuri, Ramghat Road, Aligarh-UP-202001",27.893501,78.086471,202001,
Uttar Pradesh,Bulandshahr,Anupshahr,"Ground Floor , Nayi Basti, Khushalgarh Road, Anupshahr, Distt-Bulandshahr, Uttar Pradesh-203390",28.352943,76.2611576,203390,
Uttar Pradesh,Auraiya,AURAIYA,"Ground Floor, 26/1274, Infront of Singh Ice Factory, Kanpur Road, Badanpur, Auraiya, Uttar Pradesh - 206122",26.4579937,78.5145931,206122,
Uttar Pradesh,AYODHYA,AYODHYA,"1st Floor, Plot No. 449/M, Deokali Chauraha, Lucknow-Gorakhpur Bypass, Ayodhya, Uttar Pradesh 224001",26.7669676,82.1721373,224001,
Uttar Pradesh,Baghpat,BAGHPAT,"Ground Floor, CSR Plaza, Khasra No. 1001, Chamrawal Road, Baghpat, Uttar Pradesh – 250609",28.9431739,75.2253922,250609,
Uttar Pradesh,Barabanki,BARABANKI,"1st Floor, Plot Khasra No. 384/3/3MIN, Naka Satrikh, Faizabad Road, Barabanki, Uttar Pradesh - 225001",13.074805,77.78653,225001,
Uttar Pradesh,Bareilly,BAREILLY,"Plot No-12 ,Om Radha Swami Enclave , Opp- City Dharamdutt Hospital, Prem Nagar, Bareilly-UP 243001",28.3763879,79.4230233,243001,
Uttar Pradesh,Bijnor,BIJNOR,"Second Floor, A.K. Plaza, Kiratpur Road, Bijnor, Uttar Pradesh - 246701",29.3833563,78.1422594,246701,
Uttar Pradesh,Budaun,BUDAUN,"GROUND FLOOR, OPPOSITE AMBEDKAR HOSTEL, DATAGANJ CHAURAHA, BUDAUN - 243601, UTTAR PRADESH",28.037602,79.137671,243601,
Uttar Pradesh,Bulandshahr,BULANDSHAHR,"4/C - 1/7, 1st Floor, Shrinath Plaza, Avanti Nagar, Aavas Vikas, Phase 1, D M Road",28.417547,77.845342,,203001
Uttar Pradesh,Chandausi,CHANDAUSI,"Ground Floor, Aazad Road, Near Gurudwara, Chandausi, Sambhal",28.453037,78.78329,,244412
Uttar Pradesh,ETAWHA,ETAWHA UP,"1ST FLOOR, PLOT NO - 4, RANVEER NAGAR, ITI CHOWK, AGRA -KANPUR BYPASS, ETAWAH, UTTAR PRADESH - 206001",26.8029484,79.0061228,206001,
Uttar Pradesh,Ghaziabad,GHAZIABAD,"1ST FLOOR, B- 38, PARIJAAT BHAWAN, RDC RAJ NAGAR, GHAZIABAD – 201002, UTTAR PRADESH, INDIA",28.673504,77.442155,201002,
Uttar Pradesh,Gorakhpur,GORAKHPUR,"First Floor, 281-A, J. P. Complex, New Basharatpur, Medical College Road, Near Passport Office, Gorakhpur, Uttar Pradesh - 273004",26.7842089,83.3852873,273004,
Uttar Pradesh,Greater Noida,GREATER NOIDA,"2nd Floor, Kasana Tower, A-4, Alpha - I, Commercial Belt, Greater Noida, Uttar Pradesh 201310",28.4703161,77.5104754,201310,
Uttar Pradesh,Hapur,HAPUR,"2nd Floor SRS square,Opposite SSvV inter college delhi road Hapur Uttar Pradesh 245101",28.729138,77.767216,245101,
Uttar Pradesh,HARDOI,HARDOI,"1st Floor, Plot No. 174, New Civil Lines, Oppo, Head Post Office Rd, Hardoi, Uttar Pradesh 241001",26.9203618,74.3901156,241001,
Uttar Pradesh,Hathras,HATHRAS,"GROUND FLOOR,SADABAD GATE, AGRA ROAD, NEAR ARYA VART BANK ,HATHRAS,U.P. -204101",27.586282,78.051269,204101,
Uttar Pradesh,JAUNPUR,JAUNPUR,"1st Floor , Aarazi No. 47/1 & 47/146, Wajidpur Tiraha, District - Jaunpur, Uttar Pradesh - 222002",26.8365326,75.7694464,222002,
Uttar Pradesh,Jhansi,JHANSI,"H. No. 493, 1st Floor, Stephen House Building, Gondu Compound, Gwalior Road, BKD Crossing, Jhansi -284001- UP",25.458925,78.56296,284001,
Uttar Pradesh,Kanpur,KANPUR,"3rd Floor, Sai Avenue,111, 425-A, 80 Feet Rd, above Bandhan Bank, Ashok Nagar, Kanpur, Uttar Pradesh 208012",26.471317,80.320543,208012,
Uttar Pradesh,Kanpur,KANPUR SHIVALI ROAD,"1ST FLOOR, PART OF ARAZI NO. 106,  VILLAGE - KALYANPUR KHURD, SHIVLI ROAD,  KANPUR NAGAR, KANPUR, UTTAR PRADESH - 208017",26.471586,80.320296,208017,
Uttar Pradesh,LALITPUT,LALITPUR,"PLOT NO.4824, 1ST FLOOR, JHANSI SAGAR ROAD, NEAR ELITE CHOWK, LALITPUR, UTTAR PRADESH - 284403",24.702038,78.421407,284403,
Uttar Pradesh,Lucknow,LUCKNOW,"Plot No. B4/57, 1ST FLOOR, & 2ND FLOOR, VINAY KHAND 4, GOMTI NAGAR, LUCKNOW, UTTAR PRADESH-226010",26.851556,80.949781,226010,
Uttar Pradesh,Lucknow - Transport Nagar,LUCKNOW TRANSPORT NAGAR,"JB METRO HIGHTS,678/1,FIRST FLOOR, SHOP NO - 101,NEAR TRANSPORT NAGAR METRO STATION, TRANSPORT NAGAR, BEHSA KANPUR ROAD, LUCKNOW - 226012, UTTAR PRADESH - INDIA  ",26.78126,80.7451452,226012,
UTTAR PRADESH,Mathura,MATHURA,"1st Floor,City Center Mall, C-2/2,C-2/3,Radhika Vihar, Phase -2, NH -2,Mathura -281004,India",27.495814,77.654382,281004,
Uttar Pradesh,MEERUT,MEERUT,"55/1, Ground Floor, S K Constructions, Mangal Pandey Nagar, University Road, Meerut - 250004, Uttar Pradesh",27.8963221,75.6460528,250004,
Uttar Pradesh,Modinagar,MODINAGAR,"1ST FLOOR, SRS SQUARE, DELHI MEERUT ROAD, MODI NAGAR,DISTT GHAZIABAD UP 201204",28.845301,77.5841591,201204,
UTTAR PRADESH,Moradabad,MORADABAD,"1st Floor, Lagan Building, Above State bank of India,Kanth Road, Ram Ganga Vihar Phase-1, MPA, Moradabad-UP-244001",28.869281,78.746741,244001,
Uttar Pradesh,Noida,NOIDA,"Plot No. 17, BLOCK – “ B ”, SECTOR –1 Phase-I ”, NOIDA, DISTT. GAUTAMBUDH NAGAR, U.P.",28.588763,77.314237,,201301
Uttar Pradesh,Prayagraj,PRAYAGRAJ,"SF-01, 2nd Floor, Vinayak Triveni Tower, Bhukhand Sankhya, A/2/B, Civil Station, Mohalla P.D Tandon Road, Prayagraj - 211001",25.454753,81.828685,211001,
Uttar Pradesh,RAEBARELI,RAEBARELI,"Ground Floor, Central Bank Of India, Kanpur Rd, near RGCT, Rana Nagar, Besides, Raebareli, Uttar Pradesh 229001",26.2222942,81.2303101,229001,
Uttar Pradesh,Saharanpur,SAHARANPUR,"Plot No. 2, 1st Floor,  Pathanpura, Yojna No.1, Saharanpur- 247001- UP",29.943972,77.544276,247001,
Uttar Pradesh,Shahjahanpur,SHAHJAHANPUR,"Plot No. 15, Ground Floor, Geeta Puram Colony, Farrukhabad Road, Infront of Nayara Petrol Pump, Shahjahanpur, Uttar Pradesh - 242001",27.8462788,79.8795901,242001,
Uttar Pradesh,Sitapur,SITAPUR,"Plot No. 480, First Floor, Gajanand Complex, Near Lal Bagh Chauraha",27.568949,80.677227,,261001
Uttar Pradesh,SULTANPUR,SULTANPUR,"1st Floor , 8/10A, Abha Avenue, Near Ganpat Sahai Mahavidyalaya, Prayagraj Road, District - Sultanpur, Uttar Pradesh - 228001",26.2324755,82.0621036,228001,
Uttar Pradesh,Varanasi,VARANASI,"Ground Floor, D-58/12, A-3, Gandhi Nagar Colony, Sigra, Varanasi - 221010",25.311655,82.98882,221010,
UTTARAKHAND,Dehradun,DEHRADUN,"1st Floor, OPHIR Complex, Above BOB, Nehru Enclave,Near Wadia Institute,GMS Road, Dehradun -248001,Uttarakhand,",30.329306,78.011796,248001,
Uttarakhand,Dehradun Rajpur Road,DEHRADUN RAJPUR ROAD,"1st Floor, MAK Plaza, Dilaram Chowk, Rajpur Road, Dehradun - 248001, Uttarakhand",30.3360108,78.0521722,248001,
Uttarakhand,Haldwani,HALDWANI,"1st Floor,A.K.Tower,Durga City Center,Haldwani, Uttarakhand 263139",29.229314,79.530315,263139,
UTTARAKHAND,Haridwar,HARIDWAR,"1st Opp. Arvind Yog Mandir, Near Van Prasth Ashram, Arya Nagar, Jawalapur, Haridwar-249407, Uttarakhand, India",29.92732,78.122858,249407,
Uttarakhand,Kashipur,KASHIPUR,"G-30, Upper Ground Floor, Spectrum Shopping Complex, Cheema Chauraha, Ram Nagar Road, Kashipur, Uttarakhand-244713",29.214258,78.963951,244713,
Uttarakhand,Rishikesh,RISHIKESH,"3RD FLOOR, CITY CENTRE, DEHRADUN ROAD, RISHIKESH- HARIDWAR 249201",30.106954,78.298093,249201,
Uttarakhand,Roorkee,ROORKEE,"1st floor ,Opp telephone exchange ,Above muthoot finance Ramnagar, Roorkee,Uttrakhand 247776",29.8759807,77.8764869,247776,
UTTARAKHAND,Rudrapur,RUDRAPUR,"1st Floor, Above SBI Bank, Plot no.42& 44, Vivekanand Nagar, Opp.  Lic Building, Ring Road, Avas Vikas Colony, NH-87, Nanital Road, Rudrapur-263153.-Uttarakhand, India",28.98681,79.400684,263153,
Uttarakhand,Vikasnagar,VIKASNAGAR,"Captain Tower, Rasoolpur, Vikasnagar, Uttarakhand 248198",30.4744,77.781425,248198,
