State@City@Address@Latitude@Longitude@Location_Type
Andhra Pradesh@Anantapur@TVS CREDIT SERVICES LIMITED GROUND FLOOR D-6-32-2,JOJODE GANGA PLAZABELLARY ROADNEAR IOL PETROL PUMPANANTAPUR,Andhra Pradesh-515004 India@14.6848399@77.5855286@ROOFTOP
Andhra Pradesh@Guntur@TVS CREDIT SERVICES LIMITED F.no -101, ESR & ASR plaza, Ground Floor, Reddy Palem , Revenue ward 62, Mahatama Gandi Inner Ring Road, Guntur, Andra Pradesh- 522615@16.3359005@80.43423779999999@GEOMETRIC_CENTER
Andhra Pradesh@Kadapa@TVS CREDIT SERVICES LIMITED SECOND FLOOR D.NO-42/1194-1-2-1M.J KUNTACHINNA CHOWKKADAPA,Andhra Pradesh-516003 India@14.4477694@78.78162189999999@APPROXIMATE
Andhra Pradesh@Kurnool @TVS CREDIT SERVICES LIMITED THIRD FLOOR GURURAGAVENDRA NAGAR OPP.,  4TH TOWN POLICE STATION  BELLARY ROAD, NEAR BELLARY CHOWRASTTA KURNOOL,Andhra Pradesh-518003 India@15.8241871@78.01761530000002@APPROXIMATE
Andhra Pradesh@Nellore@TVS CREDIT SERVICES LIMITED SECOND FLOOR PLOT NO: 492ND STREET, SBI COLONYA.K NAGARNELLORE,Andhra Pradesh-524003 India@14.4322445@79.9939327@APPROXIMATE
Andhra Pradesh@Rajahmundry @TVS CREDIT SERVICES LIMITED SECOND FLOOR NO: 79-2-10/1TILAK ROADRAJAHMUNDRY,Andhra Pradesh-533103 India@17.0048735@81.79100500000001@APPROXIMATE
Andhra Pradesh@Tadepalligudem @TVS CREDIT SERVICES LIMITED FIRST FLOOR D.No.10-1-11/1BHIMAVARAM ROAD , WEST GODAVARI DISTRICTOpp.SBI MARKET YARD BRANCHTADEPALLIGUDEM,Andhra Pradesh-534102 India@16.5830025@81.3621973@GEOMETRIC_CENTER
Andhra Pradesh@Tirupathi@TVS CREDIT SERVICES LIMITED DOOR NO:  8-161/A, PLOT NO:  5, 3RD FLOOR, ISHITHA TOWERS,  NEW  BALAJI  COLONY ,OPP TO ICICI BANK TIRUPATHI,Andhra Pradesh-517501 India@13.6219256@79.4110403@GEOMETRIC_CENTER
Andhra Pradesh@Vijayawada@TVS CREDIT SERVICES LIMITED D.NOS 40-17-3/11 & D.NOS 40-17-3/12, REVENUE WARD 17, A.P.S.E.B EMPLOYEES COLONY VIJAYWADA MUNICIPAL CORPORATION VIJAYAWADA,Andhra Pradesh-520010 India@16.5061743@80.6480153@APPROXIMATE
Andhra Pradesh@Vishakapattinam@TVS CREDIT SERVICES LIMITED THIRD FLOORD.NO,48/8/16, NO 670V SPACE APRT , PN 227B,BLK 23, SRINAGAR COLONY , DWARAKA NAGAR VISHAKAPATTINAM, Andhra Pradesh -530016 India@17.7254148@83.30853479999999@APPROXIMATE
Assam@Guwahati@TVS CREDIT SERVICES LIMITED FIRST FLOOR NO: 563 SOOD VILLA, CHRISTIAN BASTI, G.S ROADOpp., KAMAKHA TOWERGUWAHATI,Assam-781005 India@26.1550127@91.7792341@ROOFTOP
Bihar@Muzaffarpur @TVS CREDIT SERVICES LIMITED SECOND FLOOR DAYA COMPLEX , KAAMBAGH ROADAGHORIA BAZARMUZAFFARPUR,Bihar-842002 India@26.1078646@85.3876945@GEOMETRIC_CENTER
Bihar@Patna@TVS CREDIT SERVICES LIMITED SECOND FLOOR SHREE SADAN HOUSENO 9 PATLIPUTRA COLONYPATNA,Bihar-800013 India@25.6207652@85.1091775@ROOFTOP
Bihar@Purnea@TVS CREDIT SERVICES LIMITED SECOND FLOOR NH-31, BHARAT TOWERSJAIL CHOWKABOVE HDFC BANKPURNEA,Bihar-854301 India@25.7423949@84.3094283@GEOMETRIC_CENTER
Chhattisgarh@Bilaspur@TVS CREDIT SERVICES LIMITED FIRST FLOOR NO: F8, O.G PLAZA,BESIDES TELEPHONE EXCHANGE, AGRASEN CHUWKBILASPUR,Chhattisgarh-495001 India@22.0766202@82.15538769999999@GEOMETRIC_CENTER
Chhattisgarh@Raipur@TVS CREDIT SERVICES LIMITED THIRD FLOOR NO: 501, CITY PLAZA INFRONT OF MARUTI BUSINESS PARK GE ROADRAIPUR,Chhattisgarh-492001 India@21.2329892@81.65829939999999@APPROXIMATE
Delhi@New Delhi@TVS CREDIT SERVICES LIMITED GROUND FLOOR, BP-24, RING ROAD, LAJPAT NAGAR PART-IV, NEW DELHI,Delhi-110024 India@28.564902@77.246214@ROOFTOP
Goa@Goa@TVS CREDIT SERVICES LIMITED GROUND FLOORNO: 002,DEMPO TRADE CENTRE PATTO CENTRE,PANJIM GOA,Goa-403001 India@15.4945824@73.8351584@ROOFTOP
Gujarat@Ahamedabad@TVS CREDIT SERVICES LIMITED 4TH FLOOR , DOOR NO: 401,402,403 BROOKLYN TOWER, NEAR YMCA CLUB, S.G HIGHWAY AHAMEDABAD,Gujarat-380015 India@23.0038864@72.5008309@GEOMETRIC_CENTER
Gujarat@Anand@TVS CREDIT SERVICES LIMITED Ashwamegh Compelex , Above Kotak Bank , Sardar Ganj Road , Anand - 388001@22.5542427@72.9605932@GEOMETRIC_CENTER
Gujarat@Baroda@TVS CREDIT SERVICES LIMITED THIRD FLOO R308 ,ATLANTIS COMPLEXOPP BARODA CENTRAL MALL WADI VADI BARODA,Gujarat-390005 India@22.3171022@73.1676894@ROOFTOP
Gujarat@Gandhidham@TVS CREDIT SERVICES LIMITED FIRST FLOORNO: 106, PLOT NO: 313WARD NO 12/B, SQUARE APARTMENT LAND MARK- BANKING CIRCLE , NEAR LIC OFFICE GANDHIDHAM,Gujarat-370201 India@23.0717711@70.13677779999999@ROOFTOP
Gujarat@Rajkot@TVS CREDIT SERVICES LIMITED THIRD FLOOR STERLING PALZA, 150FT RING ROAD,NEAR INDIRA CIRCLEOPP: RAJ BANK RAJKOT,Gujarat-360005 India@22.2901051@70.7709785@GEOMETRIC_CENTER
Gujarat@Surat@TVS CREDIT SERVICES LIMITED THIRD FLOOR NO:308 HELIOSGALAXY CIRCLE SURAT,Gujarat-395009 India@21.1901678@72.7789487@ROOFTOP
Gujarat@Vadodara@TVS CREDIT SERVICES LIMITED 4th floor No.402 situated at Pancham Plus, Old Padra Rd, near Tube Company, Anupam Nagar, Sahkar Nagar, Tandalja, Vadodara, Gujarat- 390012, India@22.2952053@73.1644939@GEOMETRIC_CENTER
Haryana@Gurgaon@TVS CREDIT SERVICES LIMITED SEVENTH FLOOR, INDIQUBE UCP, SECTOR 39 GURGAON, Haryana - 122002 India@28.4433079@77.0561005@ROOFTOP
Haryana@Karnal@TVS CREDIT SERVICES LIMITED FIRST FLOOR 408,MUGHAL KANALKARNAL,Haryana-132001 India@29.692562@76.9955262@ROOFTOP
Jharkhand@Ranchi @TVS CREDIT SERVICES LIMITED FIRST & SECOND FLOOR MIG HOUSE NO M-20HARMU HOUSE COLONY PS-ARGORARANCHI,Jharkhand-834002 India@23.3503326@85.29539530000001@ROOFTOP
Karnataka@Belagavi@TVS CREDIT SERVICES LIMITED 2nd Floor, Plot No.2325 Cts No.9461 Sector No.11, Opp. Indian Oil Petrol Pump, Mahantesh Nagar, Belagavi-590016@15.8734745@74.5350423@APPROXIMATE
Karnataka@Bengaluru@TVS CREDIT SERVICES LIMITED SY.NO.110/1, SIXTH FLOOR VALENCE BLOCK, PRESTIGE TECHOLOGY PARK IIIAMANE BALLANDUR KHANE VILLAGE, VARTHUR HOBLI MARATHAHALLI RING ROAD BENGALURU,Karnataka-560103 India@12.9329898@77.6883564@GEOMETRIC_CENTER
Karnataka@Bengaluru@TVS CREDIT SERVICES LIMITED Woodys 17th, 2nd floor, No 45, 1/1, 1st Cross Rd, Marenahalli, Rd, J. P. Nagar, Bengaluru, Karnataka 560078@12.88723@77.582177@ROOFTOP
Karnataka@Bijapura@TVS CREDIT SERVICES LIMITED 1st Floor, Site No.619, Building No.28084/215, Opp To Nri Hotel, Station Road, Bijapura(Vijayapura). 586104@16.8267738@75.7344199@GEOMETRIC_CENTER
Karnataka@Davanagere@TVS CREDIT SERVICES LIMITED 1st Floor, Khadi Siddappa Arcade, No.450/1,2,3,4A, Lawyers Road, Kb Extension, Kuvempu Road, Davanagere-577002@14.4638324@75.924685@RANGE_INTERPOLATED
Karnataka@Gulbarga@TVS CREDIT SERVICES LIMITED FIRST FLOOR 1-53/T12- 1 &2 ASIAN BUSINESS CENTRESP OFFICE ROADGULBARGA,Karnataka-585101 India@17.3530303@76.8201976@APPROXIMATE
Karnataka@Hospet@TVS CREDIT SERVICES LIMITED FIRST FLOOR, NO: 5922ND WARD, JP NAGARBELLARY ROAD HOSPET,Karnataka-583201 India@15.2652277@76.3982166@GEOMETRIC_CENTER
Karnataka@Hubli@TVS CREDIT SERVICES LIMITED FIRST FLOOR STELLAR MALLDHARWAD ROADDBASIDE JGCC COLLEGE ,VIDYA NAGAR,HUBLI,Karnataka-580021 India@15.3595612@75.12706419999999@GEOMETRIC_CENTER
Karnataka@Kolar@TVS CREDIT SERVICES LIMITED 1st Floor, No.12-1-504-28, Near Sharaj Scans, Katari Palya Road, Doomlight Circle, Kolar - 563101@13.130219@78.1314189@ROOFTOP
Karnataka@Mangaluru@TVS CREDIT SERVICES LIMITED THIRD FLOOR D.NO 14-4-511/46CRYSTAL ARC BUILDING BALMATTA ROAD, HAMPANKATTA MANGALURU,Karnataka-575001 India@12.8697222@74.8462338@ROOFTOP
Karnataka@Mysore@TVS CREDIT SERVICES LIMITED No 1263/A and 1264/A SHREE MYLARA ARCADE , 3RD FLOOR GAGANACHUMBI DOUBLE ROAD, D BLOCKKUVEMPU NAGARMYSORE,Karnataka-570023 India@12.2886998@76.6293503@ROOFTOP
Karnataka@Rajajinagar @TVS CREDIT SERVICES LIMITED SECOND FLOOR NO: 626, JP ICON DR. RAJKUMAR ROAD,2ND BLOCK RAJAJINAGAR, Karnataka-560010 India@12.9941518@77.55551849999999@ROOFTOP
Karnataka@Shimoga@TVS CREDIT SERVICES LIMITED THIRD FLOOR SRI KARTHIK PLAZADURGIGUDI SHIMOGA,Karnataka-577201 India@13.9344968@75.5720367@GEOMETRIC_CENTER
Karnataka@Tumkur@TVS CREDIT SERVICES LIMITED FIRST FLOOR SRI ANNAPOORNESHWARI ARCADA OPP; SP OFFICE , 3RD CROSS,VIDYA NAGARTUMKUR,Karnataka-572103 India@15.3172775@75.7138884@APPROXIMATE
Kerala@Calicut@TVS CREDIT SERVICES LIMITED THIRD  FLOOR SHOP NO: 13/3000 D5 AND D6VICTORY HEIGHT BUILDING , SIGNAL JUNCTION , MALAPARAMBA CALICUT,Kerala-673009 India@11.285678@75.8114528@APPROXIMATE
Kerala@Ernakulam@TVS CREDIT SERVICES LIMITED SECOND FLOOR MAMSON ARCADE KALOOR JUNCTION OPP LENIN CENTRE ERNAKULAM,Kerala-682017 India@9.9957434@76.2934815@ROOFTOP
Kerala@Kollam@TVS CREDIT SERVICES LIMITED SECOND FLOOR SOUPARNIKA BUILDING ASRAMAM ROADKADAPPAKADAKOLLAM,Kerala-691008 India@8.8901822@76.604676@ROOFTOP
Kerala@Palakkad@TVS CREDIT SERVICES LIMITED FIRST FLOORLEELA ARCADEMATHA KOIL STREETSULTHANPETPALAKKAD,Kerala-678001 India@10.7730163@76.6597474@ROOFTOP
Kerala@Thiruvananthapuram @TVS CREDIT SERVICES LIMITED TC: 21/125(6) OLD -TC: 46/377( 2) NEW , FRIST FLOOR VIJAY TOWERS KANYAKUMARI NH ROAD, KARAMANA, THIRUVANANTHAPURAM,Kerala-695002 India@8.480773899999999@76.9626182@ROOFTOP
Madhya Pradesh@Betul@TVS CREDIT SERVICES LIMITED SECOND FLOOR KRISHNA COMPLEX GURUDWARA ROADGANJBETUL,Madhya Pradesh-460001 India@21.8987513@77.9021668@ROOFTOP
Madhya Pradesh@Bhopal@TVS CREDIT SERVICES LIMITED 4TH FLOOR , DOOR NO: 7,7A,10,11GLOBAL PROPERTIESMAPLE HIGH STREETOPP: AASHIMA HALL , HOSHANGABAD ROAD BHOPAL,Madhya Pradesh-462026 India@23.1827675@77.4562626@GEOMETRIC_CENTER
Madhya Pradesh@Guna@TVS CREDIT SERVICES LIMITED FIRST FLOOR ROYAL HEIGHTSA B ROADIN FRONT OF HDFC BANKGUNA,Madhya Pradesh-473001 India@NA@NA@NA
Madhya Pradesh@Gwalior@TVS CREDIT SERVICES LIMITED FIRST FLOOR PARIMAL TOWER CHETAKPURI CHAURAHA , MADHAV RAO SCINDIA MARG OPP TO PETROL BUNK GWALIOR,Madhya Pradesh-474002 India@26.2088209@78.1882382@GEOMETRIC_CENTER
Madhya Pradesh@Indore@TVS CREDIT SERVICES LIMITED SECOND FLOOR 206-207 ,SATGURU PARINAY OPP C21 MALLAB ROADINDORE,Madhya Pradesh-452001 India@22.7445192@75.89193600000002@GEOMETRIC_CENTER
Madhya Pradesh@Indore@TVS CREDIT SERVICES LIMITED 4TH FLOOR 403-404 ,SATGURU PARINAYOPP C21 MALLAB ROADINDORE,Madhya Pradesh-452001 India@22.7081955@75.8824422@APPROXIMATE
Madhya Pradesh@Jabalpur@TVS CREDIT SERVICES LIMITED THIRD FLOORNO 1170 , SHIV MULA TOWER WRIGHT TOWNJABALPUR,Madhya Pradesh-482002 India@23.1653779@79.9246138@GEOMETRIC_CENTER
Madhya Pradesh@Pachore@TVS CREDIT SERVICES LIMITED GROUND FLOORAB ROADNEAR SANWARIYA TRADING COMPANYPACHORE,Madhya Pradesh-465683 India@23.7361437@76.7567368@APPROXIMATE
Madhya Pradesh@Ratlam@TVS CREDIT SERVICES LIMITED SECOND FLOORRATLAM PLAZANEW ROADRATLAM,Madhya Pradesh-457001 India@23.2639863@74.92087719999999@APPROXIMATE
Madhya Pradesh@Rewa@TVS CREDIT SERVICES LIMITED FIRST FLOOR, PLOT NO: 3/15/81C , DOOR NO: 13/753BARA SAMANNEHRU NAGARREWA,Madhya Pradesh-486001 India@24.5450146@81.2849169@APPROXIMATE
Madhya Pradesh@Sagar@TVS CREDIT SERVICES LIMITED FIRST FLOOR BHAGWAAN GANJ TULSI NAGAR WARD SAGAR,Madhya Pradesh-472002 India@23.8511391@78.7304018@APPROXIMATE
Madhya Pradesh@Vidisha@TVS CREDIT SERVICES LIMITED SECOND FLOOR GOURAV BUSINESS SQUAREWARD NO: 8, SANCHI BHOPAL ROADOPP. SATYA SAI SOYA PLANT VIDISHA,Madhya Pradesh-464001 India@23.5196344@77.79919540000002@ROOFTOP
Maharashtra@Ahmednagar@TVS CREDIT SERVICES LIMITED FIRST FLOOR , SUMAN SMRUTI , OFFICE NO:1, 04-50/6BHUTKARWADI CHOWK, SAVEDI , AHMEDNAGAR,Maharashtra-414003 India@19.1300654@74.73222419999999@GEOMETRIC_CENTER
Maharashtra@Aurangabad@TVS CREDIT SERVICES LIMITED FIRST FLOOR PLOT NO 35 , SHOP NO 9 & 10, N3,CIDCONEAR MANSI HOTEL AURANGABAD,Maharashtra-431001 India@19.8760122@75.3283622@GEOMETRIC_CENTER
Maharashtra@Jalgaon @TVS CREDIT SERVICES LIMITED SECOND FLOOR No: 281/1, PLOT NO: 6 BUILDING NO: 1 , MAJOR CORNER GANESH COLONY , NEAR KHAJAMIYA DARGA  JALGAON,Maharashtra-425001 India@21.011969@75.55129149999999@ROOFTOP
Maharashtra@Kolhapur@TVS CREDIT SERVICES LIMITED FIRST FLOOR GIRISH GUNDOPANT GOTEH NO: 1885/B, RAJARAMOURI 9TH LANE,OPP: OMEGA HOTEL KOLHAPUR,Maharashtra-416008 India@16.6938416@74.2457238@GEOMETRIC_CENTER
Maharashtra@Latur@TVS CREDIT SERVICES LIMITED FIRST FLOORSTOP NO: 20-23, YASHAWANTRAO CHAVAN COMPLEX MAIN ROAD,NEAR ASHOK HOTEL TALAK NAGAR LATUR,Maharashtra-413512 India@18.4087934@76.5603828@APPROXIMATE
Maharashtra@Nagpur@TVS CREDIT SERVICES LIMITED FIRST FLOOR SHREE VIHARPLOT NO 345A , AZAD NAGARGANDHI NAGARNAGPUR,Maharashtra-440010 India@21.1361559@79.05418399999999@ROOFTOP
Maharashtra@Nanded@TVS CREDIT SERVICES LIMITED SECOND FLOORBALAJI TOWERVIP ROADNANDED,Maharashtra-431605 India@19.1689574@77.3059363@ROOFTOP
Maharashtra@Nashik@TVS CREDIT SERVICES LIMITED FOURTH FLOOR PADMA VISHWA REGENCYNEAR KURIE MANVATA CANCER HOSPITALBEHIND SAROJ TRAVELS , MUMBAI NAKA, NASHIK,Maharashtra-422001 India@19.9897742@73.7831022@GEOMETRIC_CENTER
Maharashtra@Navi Mumbai@TVS CREDIT SERVICES LIMITED SEVENTH FLOOR PLOT NO: 2 , OFFICE NO: 702, SECTOR 19D, AMBIENCE COURTVASHINAVI MUMBAI,Maharashtra-400703 India@19.0859073@73.0091185@ROOFTOP
Maharashtra@Pune@TVS CREDIT SERVICES LIMITED NO: 12 ND FLOOR, SKY ONE NEAR CLOVER WATER GARDEN KALYANI NAGAR PUNE,Maharashtra-411006 India@18.5434319@73.9040639@GEOMETRIC_CENTER
Maharashtra@Satara@TVS CREDIT SERVICES LIMITED TVS Credit Services Ltd. , 283/1A Plot No. 29/1 City Business Center , Satara 41500`@17.688671@74.005667@APPROXIMATE
Maharashtra@Solapur@TVS CREDIT SERVICES LIMITED SECOND FLOOR SADHANA COMPLEX NO: 8507/1D, MUNCIPAL NO: 120-AMURARJI PETHSOLAPUR,Maharashtra-413001 India@17.6730444@75.90712719999999@APPROXIMATE
Odisha@Berhampur@TVS CREDIT SERVICES LIMITED FOURTH FLOOR ANANDA PLAZA, SRI SAI COMPLEXGANDHI NAGAR MAIN ROAD BERHAMPUR,Odisha-760001 India@19.3101693@84.7871668@ROOFTOP
Odisha@Bhubaneswar@TVS CREDIT SERVICES LIMITED SECOND FLOOR, CREATIVE PLAZA COMMERCIAL COMPLEXLAND MARK : -BESIDES TARINI TEMPLE,RASULGARH SQUARE.BHUBANESWAR,Odisha-751010 India@20.2960968@85.8581798@ROOFTOP
Odisha@Sambalpur@TVS CREDIT SERVICES LIMITED FIRST FLOORA JAYA BHAVAN, AINTHAPALLIBACK-SIDE OF TATA NAGAR PETROL PUMP SAMBALPUR,Odisha-768004 India@21.4893754@83.9823627@APPROXIMATE
Pondicherry@Pondicherry@TVS CREDIT SERVICES LIMITED SECOND FLOOR ,ROYAL ENCLAVEPLOT NO 19 , 100 FEET ROAD MUDALIARPET OPP TO SEVENTH DAY SCHOOLPONDICHERRY,Pondicherry-605004 India@11.9161302@79.8096118@RANGE_INTERPOLATED
Punjab@Ludhiana@TVS CREDIT SERVICES LIMITED FOURTH FLOOR SCO 13 , SHANGHAI TOWERS ADJACENT SWANI MOTORSFIROZ GANDHI MARKETLUDHIANA,Punjab-141001 India@30.9002785@75.8336947@ROOFTOP
Punjab@Zirakpur@TVS CREDIT SERVICES LIMITED SECOND FLOOR S.C.O. No. 203,GREEN LOTUS AVENUE, SINGHPURAS.A.S NAGAR DISTRICT ZIRAKPUR,Punjab-140603 India@30.62993549999999@76.822978@RANGE_INTERPOLATED
Rajasthan@Ajmer@TVS CREDIT SERVICES LIMITED FIRST FLOOR AMC NO-235/12,HOTEL SIDDHARTH BUILDING , OPPOSITE CITY POWERHOUSEJAIPUR ROAD AJMER,Rajasthan-305001 India@26.4640763@74.6315944@GEOMETRIC_CENTER
Rajasthan@Alwar @TVS CREDIT SERVICES LIMITED FIRST FLOORPLOT NO 4 , TEJMANDISTATION ROADALWAR,Rajasthan -301001 India@27.4966161@76.5025742@APPROXIMATE
Rajasthan@Barmer @TVS CREDIT SERVICES LIMITED FIRST FLOORNAGANA RAI MARKETABOVE SHRI RAM TACTOR MOHANJI KA KARESAR,N.H 15 CHOHTAN CHAURAHABARMER,Rajasthan-344001 India@25.731129@71.392973@GEOMETRIC_CENTER
Rajasthan@Bhilwara@TVS CREDIT SERVICES LIMITED SECOND FLOOR GAURAV TOWERBSL ROAD GANDHI NAGAR BHILWARA,Rajasthan-311001 India@25.3486606@74.6190029@ROOFTOP
Rajasthan@Bikaner@TVS CREDIT SERVICES LIMITED THIRD FLOOR JSR BUILDING PBM HOSPITAL ROADNEAR AMBEDKAR CIRCLEBIKANER,Rajasthan-334001 India@28.0122654@73.3226334@ROOFTOP
Rajasthan@Chittorgarh Ucv@TVS CREDIT SERVICES LIMITED Plot No. D, At New Gokul Shopping Centre, Nagar Palika, Colony Riad Behind Roadways Bus Stand, Chittorgarh-312001@24.8851911@74.6246716@APPROXIMATE
Rajasthan@Jaipur@"TVS CREDIT SERVICES LIMITED PLOT NO 5, FIRST FLOOR MAHIMA'S TRINITY "" SWAGE FARM NEW SANGANER ROAD, NEAR VIVEK VIHAR METRO STATION JAIPUR,Rajasthan-302019 India"@26.8903376@75.771942@ROOFTOP
Rajasthan@Jodhpur@TVS CREDIT SERVICES LIMITED SECOND FLOOR THE RAJ, 5TH UPPER CHOPASNI ROADOLD KOHINOOR CINEMA CIRCLE JODHPUR,Rajasthan-342003 India@26.2817694@73.0042234@ROOFTOP
Rajasthan@Kota@TVS CREDIT SERVICES LIMITED SECOND FLOOR 2K 33 VIGYAN NAGARFRONT PARTJHALAWAR MAIN ROADKOTA,Rajasthan-324007 India@25.1539895@75.8532927@GEOMETRIC_CENTER
Rajasthan@Nagaur  @TVS CREDIT SERVICES LIMITED SECOND FLOOR , ASHIRWAD TOWER VIJAY VALLABH CHOWKOUTSIDE DELHI GATENAGAUR,  Rajasthan-341001 India@27.1723377@73.7242486@APPROXIMATE
Rajasthan@Shahpura@TVS CREDIT SERVICES LIMITED FIRST FLOOR NH -8, PALSANIYA PARADISE SHAHPURA,Rajasthan-303103 India@27.385255@75.9642752@GEOMETRIC_CENTER
Rajasthan@Sri Ganga Nagar@TVS CREDIT SERVICES LIMITED SECOND FLOOR NO. 198 G BLOCKNEAR RAMLILA STADIUMSRI GANGA NAGAR,Rajasthan-335001India@29.904575@73.8792086@ROOFTOP
Rajasthan@Tonk@TVS CREDIT SERVICES LIMITED Plot No.3, Infront of Shakuntalam hotel, NH 12, Subhash Nagar, Kota Road, Tonk,  Rajasthan-304001@25.7548772@75.3147671@GEOMETRIC_CENTER
Rajasthan@Udaipur@TVS CREDIT SERVICES LIMITED PLOT NO 247 , THIRD FLOOR MAWLIWALA PLAZAROAD NO 18 ASHOK NAGARNEAR TRIUDAIPUR,Rajasthan-313001 India@24.5863249@73.7064289@GEOMETRIC_CENTER
Tamil Nadu@Attur@TVS CREDIT SERVICES LIMITED TVS Credit Services Ltd 1st floor Ramajeyam Complex 1143/D, Ward 22, 1st Gandhi Road, Attur Town, Salem-Cuddalore Main Road, Attur -636102@11.6006567@78.5914922@GEOMETRIC_CENTER
Tamil Nadu@Chennai@TVS CREDIT SERVICES LIMITED IV & V FLOOR, FAGUN TOWERS DOOR NO.74, OLD NO.26, ETHIRAJ SALAIEGMORECHENNAI,Tamil Nadu-600008 India@13.0638131@80.259396@ROOFTOP
Tamil Nadu@Chennai@TVS CREDIT SERVICES LIMITED II & III & SEVENTH  FLOOR BRISTOL TOWERS10 SOUTH PHASE , THIRU VI KA INDUSTRIAL ESTATEGUINDYCHENNAI,Tamil Nadu-600032 India@13.0155882@80.20119129999999@ROOFTOP
Tamil Nadu@Chennai@TVS CREDIT SERVICES LIMITED 1<sup>st</sup>,2<sup>nd</sup>,3<sup>rd</sup>,4<sup>th</sup> Floor JAYALAKSHMI ESTATES29 HADDOWS ROAD CHENNAI,Tamil Nadu-600006 India@13.0635924@80.2477238@GEOMETRIC_CENTER
Tamil Nadu@Chennai@TVS CREDIT SERVICES LIMITED GROUND FLOORNO: 1B MEDAVAKKAM MAIN ROAD CHENNAI,Tamil Nadu-600091 India@12.976043@80.193101@ROOFTOP
Tamil Nadu@Chennai@TVS CREDIT SERVICES LIMITED GROUND FLOORNO: 47/14(A), DURAISWAMY ROADCHENNAI,Tamil Nadu-600026 India@13.0509259@80.21205440000001@APPROXIMATE
Tamil Nadu@Chennai@TVS CREDIT SERVICES LIMITED NO: 11/330 PERUMBAKKAM MAIN ROADNEXT TO CENARA BANK, OPP: ARUN HOSPITALMEDAVAKKAMCHENNAI,Tamil Nadu-600100 India@12.9128929@80.1951988@ROOFTOP
Tamil Nadu@Chennai@TVS CREDIT SERVICES LIMITED No. 2/10, POONAMMALLEE MAIN ROAD, IYYAPPANTHANGAL, CHENNAI, Tamil Nadu - 600056 India@13.0155882@80.20119129999999@ROOFTOP
Tamil Nadu@Coimbatore@TVS CREDIT SERVICES LIMITED SHREE SHANMUGAPRIYA COMPLEX NO 10 KANNUSAMY STREETR S PURAM COIMBATORE,Tamil Nadu-641002 India@11.0073353@76.95183089999999@ROOFTOP
Tamil Nadu@Dindigul @TVS CREDIT SERVICES LIMITED THIRD FLOOR NO- 94, THIRUVALLUVAR SALAIDINDIGUL,Tamil Nadu-624001 India@10.3600546@77.9785895@ROOFTOP
Tamil Nadu@Erode@TVS CREDIT SERVICES LIMITED SECOND FLOOR S.F NO: 135, DOOR NO : 149,NORTH SIDE PORTION, CHENNIAPPA COMPLEX , SURAMPATTI VILLAGE, PERUNDURAI ROAD, ERODE,Tamil Nadu-638011 India@11.3350249@77.707897@GEOMETRIC_CENTER
Tamil Nadu@Hosur @TVS CREDIT SERVICES LIMITED SECOND FLOORNO: 39/5-1, ROYAKOTTAI ROAD OPPOSITE TO SUB TREASURY HOSUR,Tamil Nadu-635109 India@12.7274121@77.832818@ROOFTOP
Tamil Nadu@Krishnagiri@TVS CREDIT SERVICES LIMITED SECOND FLOOR NO-1/375-9RAYAKOTTAI MAIN ROADKRISHNAGIRI,Tamil Nadu-635001 India@12.537032@78.24476670000001@APPROXIMATE
Tamil Nadu@Kumbakonam@TVS CREDIT SERVICES LIMITED 32 TOWN HALL ROAD UPSTAIRS STATE BANK OF TRAVANCORE KUMBAKONAM,Tamil Nadu-612001 India@10.9620625@79.378143@ROOFTOP
Tamil Nadu@Madurai@TVS CREDIT SERVICES LIMITED No 74 IV FLOOR , ADR TOWERSKALAVASALMADURAI,Tamil Nadu-625016 India@9.9306397@78.0946415@ROOFTOP
Tamil Nadu@Nagercoil@TVS CREDIT SERVICES LIMITED FIRST FLOOR NO: 327, M.S ROADNAGERCOIL,Tamil Nadu-629001 India@8.1895773@77.41641179999999@ROOFTOP
Tamil Nadu@Namakkal @TVS CREDIT SERVICES LIMITED THIRD FLOOR NO: 777B-3A KAVERI PLAZASALEM ROADNAMAKKAL,Tamil Nadu-637001 India@11.2247841@78.16214370000002@APPROXIMATE
Tamil Nadu@Nolambur@TVS CREDIT SERVICES LIMITED N/A@NA@NA@NA
Tamil Nadu@Pammal@TVS CREDIT SERVICES LIMITED N/A@NA@NA@NA
Tamil Nadu@Pollachi@TVS CREDIT SERVICES LIMITED FIRST FLOOR SRI  KRISHNA PLAZA KOVAI ROADOPP. FIRE SERVICE STATION POLLACHI,Tamil Nadu-642001 India@11.0073353@76.95183089999999@ROOFTOP
Tamil Nadu@Pudukkottai@TVS CREDIT SERVICES LIMITED 1st Floor Block No:75, TS.No: 5592P, 5593P, New TS No: 5592/1,5593/2, South Fourth Street Pudukkottai - 622001@10.3791346@78.82388929999999@RANGE_INTERPOLATED
Tamil Nadu@Salem@TVS CREDIT SERVICES LIMITED SHARPTRONICS COMPLEXNEW 254 , OLD NO 115 , B/1A ,IV FLOOR ,OMALUR MAIN ROADOPP TO TVS & SONS LTDSALEM,Tamil Nadu-636004 India@11.6657086@78.1447819@GEOMETRIC_CENTER
Tamil Nadu@Sankari @TVS CREDIT SERVICES LIMITED GROUND FLOOR No: 1.17.12B6, SRI BALAJI CITYTIRUCHENGODE ROADSANKARI,Tamil Nadu-637301 India@11.4710783@77.9971479@GEOMETRIC_CENTER
Tamil Nadu@Selaiyur@TVS CREDIT SERVICES LIMITED N/A@NA@NA@NA
Tamil Nadu@Tambaram@TVS CREDIT SERVICES LIMITED N/A@NA@NA@NA
Tamil Nadu@Thanjavur @TVS CREDIT SERVICES LIMITED SECOND FLOOR HALL NO: 3A, NALLAIYAH SHOPPING COMPLEXNO: 70, SRINIVASAMPILLAI ROADTHANJAVUR,Tamil Nadu-613001 India@10.7784717@79.1418449@ROOFTOP
Tamil Nadu@Thiruvananamalai@TVS CREDIT SERVICES LIMITED TVS Credit Services Ltd, 31/3-A, 1st Floor, Avalurpet Main Road, Krishna Nagar, Tiruvannamalai-606601@12.2252841@79.07469569999999@APPROXIMATE
Tamil Nadu@Tirunelveli@TVS CREDIT SERVICES LIMITED THIRD  FLOOR NO:1A/3B, MAYAN ARCADESTC COLLEGE , 60 FEET ROADNGO 'B' COLONYTIRUNELVELI,Tamil Nadu-627007 India@8.6996576@77.73203079999999@GEOMETRIC_CENTER
Tamil Nadu@Tiruppur@TVS CREDIT SERVICES LIMITED SECOND FLOOR TULASI TOWERSNO: 63(2) BINNY COMPOUND MAIN ROAD TIRUPPUR,Tamil Nadu-641601 India@11.1038961@77.34343609999999@ROOFTOP
Tamil Nadu@Trichy@TVS CREDIT SERVICES LIMITED THIRD FLOORWD-AB,BL ? 29, TSNO-2/18A,18B,18C, 2/19A,2/19B,P.L.A TOWER, DINDIGUL MAIN ROADPONNAGARTRICHY,Tamil Nadu-620001 India@10.7929605@78.67831@GEOMETRIC_CENTER
Tamil Nadu@Tuticorin @TVS CREDIT SERVICES LIMITED THIRD FLOOR NO: 235/5, JOTHI TOWERPALAYAMKOTTAI ROADTUTICORIN,Tamil Nadu-628001 India@8.8106326@78.15929349999999@APPROXIMATE
Tamil Nadu@Vellore@TVS CREDIT SERVICES LIMITED FIRST FLOOR SF No. 3057, NEW BYEPASS ROADNEAR CHENNAI SILKS VELLORE,Tamil Nadu-632012 India@13.0843007@80.2704622@APPROXIMATE
Tamil Nadu@Villivakkam@TVS CREDIT SERVICES LIMITED N/A@NA@NA@NA
Tamil Nadu@Villupuram @TVS CREDIT SERVICES LIMITED FIRST FLOORN0: 38A S.F NO: 204/B2MAMBAZHAPATTU ROAD, VILLUPURAM,Tamil Nadu-605302 India@11.9559173@79.37237069999999@GEOMETRIC_CENTER
Telangana@Hyderabad@TVS CREDIT SERVICES LIMITED THIRD FLOOR CVK PARK SQUARE SAROJINI DEVI ROAD HYDERABAD,Telangana-500003 India@17.4417537@78.4898247@GEOMETRIC_CENTER
Telangana@Hyderabad@TVS CREDIT SERVICES LIMITED FOURTH FLOOR RBV BUILDING , BEARING MUNICIPAL NO. 11-13-194/1/C/4NEAR TELEPHONE COLONY KHAMAN, KOTHAPET , SAROOR NAGAR MANDAL, AUTONAGAR HYDERABAD,Telangana-500035 India@17.3680944@78.54784029999999@APPROXIMATE
Telangana@Hyderabad@TVS CREDIT SERVICES LIMITED ELEVEN FLOOR , T-19  TOWERS BUILDING MUNICIPAL NO: 5-4-156/157/173 to 184,INDIRA NAGAR, GINWALA COMPUND M.G ROAD , RANI GUNJ HYDERABAD,Telangana-500003 India@17.432269@78.4884223@GEOMETRIC_CENTER
Telangana@Karim Nagar@TVS CREDIT SERVICES LIMITED DOOR NO 8-6-301/17,AUTO NAGARBYE PASS ROADKARIM NAGAR,Telangana-505001 India@18.4355341@79.1435645@APPROXIMATE
Telangana@Khammam@TVS CREDIT SERVICES LIMITED SECOND FLOOR NO-4-2-809VARADHALA NAGAR STREET KHANAPOOR HAVELI KHAMMAM,Telangana-507002 India@17.2594415@80.2035282@ROOFTOP
Telangana@Kodad@TVS CREDIT SERVICES LIMITED D.No 4-95-1-5, 3rd Floor, Sri Nagar Colony, Om Namo Narayana Building, Kodad, Manadal Nalgonda- 508206@16.9947467@79.9750257@APPROXIMATE
Telangana@Mahabub Nagar @TVS CREDIT SERVICES LIMITED SECOND FLOOR NO-1-4-134/18/2/A1 METTU GADDA MAHABUB NAGAR,Telangana-509001 India@16.7502926@78.0159712@APPROXIMATE
Telangana@Mancherial @TVS CREDIT SERVICES LIMITED FIRST FLOOR D.NO 1-216/2, MARUTHI NAGAROPP.,FCI GODHAM MANCHERIAL,Telangana-504208 India@18.8931704@79.4404151@ROOFTOP
Telangana@Nalgonda @TVS CREDIT SERVICES LIMITED GROUND FLOOR H.NO.6-4-92/2 OPP. DSP OFFICE LANE, NAGARJUNA COLONY NALGONDA,Telangana-508001 India@17.0615498@79.2683715@APPROXIMATE
Telangana@Nizamabad@TVS CREDIT SERVICES LIMITED FIRST FLOOR 5-6, 568/5, PRAGATHI NAGAR HYDERABAD ROAD, BESIDE HOTEL NIKHIL SAI INTERNATIONAL NIZAMABAD,Telangana-503001 India@18.6693532@78.0823084@APPROXIMATE
Telangana@Warangal@TVS CREDIT SERVICES LIMITED FOURTH FLOOR 2-1-583/1/2 KUC-X- ROAD,NAIMNAGAR , HANAMKONDA WARANGAL,Telangana-506001 India@18.0210839@79.5632224@ROOFTOP
Uttar Pradesh@Agra@TVS CREDIT SERVICES LIMITED 103 THIRD FLOOR PADAM BUSINESS PARKPLOT NO INS-1 SECTOR -12 AAWAS VIKAS , SIKANDARA  YOJANAAGRA,Uttar Pradesh-282007 India@27.205594@77.9734478@GEOMETRIC_CENTER
Uttar Pradesh@Allahabad@TVS CREDIT SERVICES LIMITED FIRST FLOOR NO-14/16, LIDDLE ROADGEORGE TOWN ALLAHABAD,Uttar Pradesh-211002 India@25.449628@81.8594765@ROOFTOP
Uttar Pradesh@Bareilly @TVS CREDIT SERVICES LIMITED FIRST FLOOR, MANDAKINI TOWER BUILDING CIVIL LINESOPPOSITE DM RESIDENCE BAREILLY,Uttar Pradesh-243001 India@28.336572@79.4197497@GEOMETRIC_CENTER
Uttar Pradesh@Gorakhpur@TVS CREDIT SERVICES LIMITED PRASHANT TOWER FIRST FLOOR T.P NAGAR GORAKHPUR,Uttar Pradesh-273016 India@26.7337316@83.35795159999999@ROOFTOP
Uttar Pradesh@Kanpur@TVS CREDIT SERVICES LIMITED SIXTH FLOOR NO-612-613, CITY CENTRETHE MALL ROADKANPUR,Uttar Pradesh-208001 India@26.4602037@80.35992019999999@ROOFTOP
Uttar Pradesh@Lucknow@TVS CREDIT SERVICES LIMITED SEVENTH  FLOOR BBD VIRAJ TOWERS   SHAHEED PATH, VIBHUTI KHANDGOMTI NAGARLUCKNOW,Uttar Pradesh-226010 India@26.8712728@81.01371979999999@ROOFTOP
Uttar Pradesh@Meerut@TVS CREDIT SERVICES LIMITED SECOND FLOOR NO: 153/1MANGAL PANDEY NAGARMEERUT,Uttar Pradesh-250004 India@27.5705886@80.0981869@APPROXIMATE
Uttar Pradesh@Noida @TVS CREDIT SERVICES LIMITED AWFIS  , THIRD FLOORA110, ABLOCK , SECTOR 4 , MAJESTIC OMNIA, NOIDA,Uttar Pradesh-201301 India@28.5818779@77.3233545@GEOMETRIC_CENTER
Uttar Pradesh@Varanasi@TVS CREDIT SERVICES LIMITED FIRST FLOOR RAJ TVS SHOW ROOMSHIVPUR BYPASS, AIRPORT ROAD,VARANASI,Uttar Pradesh-221003 India@25.3593742@82.9584004@GEOMETRIC_CENTER
Uttarakhand@Dehradun@TVS CREDIT SERVICES LIMITED GROUND FLOOR , ANKUR TOWERS166 RAJPUR ROADDEHRADUN,Uttarakhand-248001 India@30.3390767@78.05724169999999@ROOFTOP
Uttarakhand@Dehradun@TVS CREDIT SERVICES LIMITED Third Floor, 93 Rajpur Road, Dehradun, Uttarakhand- 248001, India@30.3390767@78.05724169999999@ROOFTOP
West Bengal@Berhampore @TVS CREDIT SERVICES LIMITED FIRST FLOOR, VILL-RADHIKA NAGAR,P.O-COSSIM BAZAR,  P.S- BERHAMPORE DIST-MURSHIDABAD BERHAMPORE,West Bengal- 742102 India@24.1208@88.2749@GEOMETRIC_CENTER
West Bengal@Durgapur@TVS CREDIT SERVICES LIMITED THIRD FLOORRELIANCE TRENDS BUILDING BENGAL AMBUJICITY CENTERDURGAPUR,West Bengal-713216 India@23.5395305@87.3043706@ROOFTOP
West Bengal@Kolkata@TVS CREDIT SERVICES LIMITED SEVENTH FLOORMEGATHERM TOWER, PLOT L1, BLOCK -GPSECTOR V, SALT LAKE CITY , BESIDE RDB BUILDING-BIG CINEMAS KOLKATA,West Bengal-700091 India@22.5693116@88.43167230000002@ROOFTOP
West Bengal@Kolkata@TVS CREDIT SERVICES LIMITED SECOND FLOOR104/1 A SARAT BOSE ROAD, DEBANGAN BUILDING NEAR - SISHU MANGAL HOSPITALKOLKATA,West Bengal-700026 India@22.5247601@88.3528486@ROOFTOP
West Bengal@Siliguri @TVS CREDIT SERVICES LIMITED FIRST FLOOR GOYAL PLAZA NEAR SEVOKE ROAD OPP. SACHITRA HOTEL SILIGURI,West Bengal-734001 India@26.7360093@88.43247520000001@ROOFTOP
