State@City@Address
Andhra Pradesh@Anantapur@TVS CREDIT SERVICES LIMITED GROUND FLOOR D-6-32-2,JOJODE GANGA PLAZABELLARY ROADNEAR IOL PETROL PUMPANANTAPUR,Andhra Pradesh-515004 India
Andhra Pradesh@Guntur@TVS CREDIT SERVICES LIMITED F.no -101, ESR & ASR plaza, Ground Floor, Reddy Palem , Revenue ward 62, Mahatama Gandi Inner Ring Road, Guntur, Andra Pradesh- 522615
Andhra Pradesh@Kadapa@TVS CREDIT SERVICES LIMITED SECOND FLOOR D.NO-42/1194-1-2-1M.J KUNTACHINNA CHOWKKADAPA,Andhra Pradesh-516003 India
Andhra Pradesh@Kurnool @TVS CREDIT SERVICES LIMITED THIRD FLOOR GURURAGAVENDRA NAGAR OPP.,  4TH TOWN POLICE STATION  BELLARY ROAD, NEAR BELLARY CHOWRASTTA KURNOOL,Andhra Pradesh-518003 India
Andhra Pradesh@Nellore@TVS CREDIT SERVICES LIMITED SECOND FLOOR PLOT NO: 492ND STREET, SBI COLONYA.K NAGARNELLORE,Andhra Pradesh-524003 India
Andhra Pradesh@Rajahmundry @TVS CREDIT SERVICES LIMITED SECOND FLOOR NO: 79-2-10/1TILAK ROADRAJAHMUNDRY,Andhra Pradesh-533103 India
Andhra Pradesh@Tadepalligudem @TVS CREDIT SERVICES LIMITED FIRST FLOOR D.No.10-1-11/1BHIMAVARAM ROAD , WEST GODAVARI DISTRICTOpp.SBI MARKET YARD BRANCHTADEPALLIGUDEM,Andhra Pradesh-534102 India
Andhra Pradesh@Tirupathi@TVS CREDIT SERVICES LIMITED DOOR NO:  8-161/A, PLOT NO:  5, 3RD FLOOR, ISHITHA TOWERS,  NEW  BALAJI  COLONY ,OPP TO ICICI BANK TIRUPATHI,Andhra Pradesh-517501 India
Andhra Pradesh@Vijayawada@TVS CREDIT SERVICES LIMITED D.NOS 40-17-3/11 & D.NOS 40-17-3/12, REVENUE WARD 17, A.P.S.E.B EMPLOYEES COLONY VIJAYWADA MUNICIPAL CORPORATION VIJAYAWADA,Andhra Pradesh-520010 India
Andhra Pradesh@Vishakapattinam@TVS CREDIT SERVICES LIMITED THIRD FLOORD.NO,48/8/16, NO 670V SPACE APRT , PN 227B,BLK 23, SRINAGAR COLONY , DWARAKA NAGAR VISHAKAPATTINAM, Andhra Pradesh -530016 India
Assam@Guwahati@TVS CREDIT SERVICES LIMITED FIRST FLOOR NO: 563 SOOD VILLA, CHRISTIAN BASTI, G.S ROADOpp., KAMAKHA TOWERGUWAHATI,Assam-781005 India
Bihar@Muzaffarpur @TVS CREDIT SERVICES LIMITED SECOND FLOOR DAYA COMPLEX , KAAMBAGH ROADAGHORIA BAZARMUZAFFARPUR,Bihar-842002 India
Bihar@Patna@TVS CREDIT SERVICES LIMITED SECOND FLOOR SHREE SADAN HOUSENO 9 PATLIPUTRA COLONYPATNA,Bihar-800013 India
Bihar@Purnea@TVS CREDIT SERVICES LIMITED SECOND FLOOR NH-31, BHARAT TOWERSJAIL CHOWKABOVE HDFC BANKPURNEA,Bihar-854301 India
Chhattisgarh@Bilaspur@TVS CREDIT SERVICES LIMITED FIRST FLOOR NO: F8, O.G PLAZA,BESIDES TELEPHONE EXCHANGE, AGRASEN CHUWKBILASPUR,Chhattisgarh-495001 India
Chhattisgarh@Raipur@TVS CREDIT SERVICES LIMITED THIRD FLOOR NO: 501, CITY PLAZA INFRONT OF MARUTI BUSINESS PARK GE ROADRAIPUR,Chhattisgarh-492001 India
Delhi@New Delhi@TVS CREDIT SERVICES LIMITED GROUND FLOOR, BP-24, RING ROAD, LAJPAT NAGAR PART-IV, NEW DELHI,Delhi-110024 India
Goa@Goa@TVS CREDIT SERVICES LIMITED GROUND FLOORNO: 002,DEMPO TRADE CENTRE PATTO CENTRE,PANJIM GOA,Goa-403001 India
Gujarat@Ahamedabad@TVS CREDIT SERVICES LIMITED 4TH FLOOR , DOOR NO: 401,402,403 BROOKLYN TOWER, NEAR YMCA CLUB, S.G HIGHWAY AHAMEDABAD,Gujarat-380015 India
Gujarat@Anand@TVS CREDIT SERVICES LIMITED Ashwamegh Compelex , Above Kotak Bank , Sardar Ganj Road , Anand - 388001
Gujarat@Baroda@TVS CREDIT SERVICES LIMITED THIRD FLOO R308 ,ATLANTIS COMPLEXOPP BARODA CENTRAL MALL WADI VADI BARODA,Gujarat-390005 India
Gujarat@Gandhidham@TVS CREDIT SERVICES LIMITED FIRST FLOORNO: 106, PLOT NO: 313WARD NO 12/B, SQUARE APARTMENT LAND MARK- BANKING CIRCLE , NEAR LIC OFFICE GANDHIDHAM,Gujarat-370201 India
Gujarat@Rajkot@TVS CREDIT SERVICES LIMITED THIRD FLOOR STERLING PALZA, 150FT RING ROAD,NEAR INDIRA CIRCLEOPP: RAJ BANK RAJKOT,Gujarat-360005 India
Gujarat@Surat@TVS CREDIT SERVICES LIMITED THIRD FLOOR NO:308 HELIOSGALAXY CIRCLE SURAT,Gujarat-395009 India
Gujarat@Vadodara@TVS CREDIT SERVICES LIMITED 4th floor No.402 situated at Pancham Plus, Old Padra Rd, near Tube Company, Anupam Nagar, Sahkar Nagar, Tandalja, Vadodara, Gujarat- 390012, India
Haryana@Gurgaon@TVS CREDIT SERVICES LIMITED SEVENTH FLOOR, INDIQUBE UCP, SECTOR 39 GURGAON, Haryana - 122002 India
Haryana@Karnal@TVS CREDIT SERVICES LIMITED FIRST FLOOR 408,MUGHAL KANALKARNAL,Haryana-132001 India
Jharkhand@Ranchi @TVS CREDIT SERVICES LIMITED FIRST & SECOND FLOOR MIG HOUSE NO M-20HARMU HOUSE COLONY PS-ARGORARANCHI,Jharkhand-834002 India
Karnataka@Belagavi@TVS CREDIT SERVICES LIMITED 2nd Floor, Plot No.2325 Cts No.9461 Sector No.11, Opp. Indian Oil Petrol Pump, Mahantesh Nagar, Belagavi-590016
Karnataka@Bengaluru@TVS CREDIT SERVICES LIMITED SY.NO.110/1, SIXTH FLOOR VALENCE BLOCK, PRESTIGE TECHOLOGY PARK IIIAMANE BALLANDUR KHANE VILLAGE, VARTHUR HOBLI MARATHAHALLI RING ROAD BENGALURU,Karnataka-560103 India
Karnataka@Bengaluru@TVS CREDIT SERVICES LIMITED Woodys 17th, 2nd floor, No 45, 1/1, 1st Cross Rd, Marenahalli, Rd, J. P. Nagar, Bengaluru, Karnataka 560078
Karnataka@Bijapura@TVS CREDIT SERVICES LIMITED 1st Floor, Site No.619, Building No.28084/215, Opp To Nri Hotel, Station Road, Bijapura(Vijayapura). 586104
Karnataka@Davanagere@TVS CREDIT SERVICES LIMITED 1st Floor, Khadi Siddappa Arcade, No.450/1,2,3,4A, Lawyers Road, Kb Extension, Kuvempu Road, Davanagere-577002
Karnataka@Gulbarga@TVS CREDIT SERVICES LIMITED FIRST FLOOR 1-53/T12- 1 &2 ASIAN BUSINESS CENTRESP OFFICE ROADGULBARGA,Karnataka-585101 India
Karnataka@Hospet@TVS CREDIT SERVICES LIMITED FIRST FLOOR, NO: 5922ND WARD, JP NAGARBELLARY ROAD HOSPET,Karnataka-583201 India
Karnataka@Hubli@TVS CREDIT SERVICES LIMITED FIRST FLOOR STELLAR MALLDHARWAD ROADDBASIDE JGCC COLLEGE ,VIDYA NAGAR,HUBLI,Karnataka-580021 India
Karnataka@Kolar@TVS CREDIT SERVICES LIMITED 1st Floor, No.12-1-504-28, Near Sharaj Scans, Katari Palya Road, Doomlight Circle, Kolar - 563101
Karnataka@Mangaluru@TVS CREDIT SERVICES LIMITED THIRD FLOOR D.NO 14-4-511/46CRYSTAL ARC BUILDING BALMATTA ROAD, HAMPANKATTA MANGALURU,Karnataka-575001 India
Karnataka@Mysore@TVS CREDIT SERVICES LIMITED No 1263/A and 1264/A SHREE MYLARA ARCADE , 3RD FLOOR GAGANACHUMBI DOUBLE ROAD, D BLOCKKUVEMPU NAGARMYSORE,Karnataka-570023 India
Karnataka@Rajajinagar @TVS CREDIT SERVICES LIMITED SECOND FLOOR NO: 626, JP ICON DR. RAJKUMAR ROAD,2ND BLOCK RAJAJINAGAR, Karnataka-560010 India
Karnataka@Shimoga@TVS CREDIT SERVICES LIMITED THIRD FLOOR SRI KARTHIK PLAZADURGIGUDI SHIMOGA,Karnataka-577201 India
Karnataka@Tumkur@TVS CREDIT SERVICES LIMITED FIRST FLOOR SRI ANNAPOORNESHWARI ARCADA OPP; SP OFFICE , 3RD CROSS,VIDYA NAGARTUMKUR,Karnataka-572103 India
Kerala@Calicut@TVS CREDIT SERVICES LIMITED THIRD  FLOOR SHOP NO: 13/3000 D5 AND D6VICTORY HEIGHT BUILDING , SIGNAL JUNCTION , MALAPARAMBA CALICUT,Kerala-673009 India
Kerala@Ernakulam@TVS CREDIT SERVICES LIMITED SECOND FLOOR MAMSON ARCADE KALOOR JUNCTION OPP LENIN CENTRE ERNAKULAM,Kerala-682017 India
Kerala@Kollam@TVS CREDIT SERVICES LIMITED SECOND FLOOR SOUPARNIKA BUILDING ASRAMAM ROADKADAPPAKADAKOLLAM,Kerala-691008 India
Kerala@Palakkad@TVS CREDIT SERVICES LIMITED FIRST FLOORLEELA ARCADEMATHA KOIL STREETSULTHANPETPALAKKAD,Kerala-678001 India
Kerala@Thiruvananthapuram @TVS CREDIT SERVICES LIMITED TC: 21/125(6) OLD -TC: 46/377( 2) NEW , FRIST FLOOR VIJAY TOWERS KANYAKUMARI NH ROAD, KARAMANA, THIRUVANANTHAPURAM,Kerala-695002 India
Madhya Pradesh@Betul@TVS CREDIT SERVICES LIMITED SECOND FLOOR KRISHNA COMPLEX GURUDWARA ROADGANJBETUL,Madhya Pradesh-460001 India
Madhya Pradesh@Bhopal@TVS CREDIT SERVICES LIMITED 4TH FLOOR , DOOR NO: 7,7A,10,11GLOBAL PROPERTIESMAPLE HIGH STREETOPP: AASHIMA HALL , HOSHANGABAD ROAD BHOPAL,Madhya Pradesh-462026 India
Madhya Pradesh@Guna@TVS CREDIT SERVICES LIMITED FIRST FLOOR ROYAL HEIGHTSA B ROADIN FRONT OF HDFC BANKGUNA,Madhya Pradesh-473001 India
Madhya Pradesh@Gwalior@TVS CREDIT SERVICES LIMITED FIRST FLOOR PARIMAL TOWER CHETAKPURI CHAURAHA , MADHAV RAO SCINDIA MARG OPP TO PETROL BUNK GWALIOR,Madhya Pradesh-474002 India
Madhya Pradesh@Indore@TVS CREDIT SERVICES LIMITED SECOND FLOOR 206-207 ,SATGURU PARINAY OPP C21 MALLAB ROADINDORE,Madhya Pradesh-452001 India
Madhya Pradesh@Indore@TVS CREDIT SERVICES LIMITED 4TH FLOOR 403-404 ,SATGURU PARINAYOPP C21 MALLAB ROADINDORE,Madhya Pradesh-452001 India
Madhya Pradesh@Jabalpur@TVS CREDIT SERVICES LIMITED THIRD FLOORNO 1170 , SHIV MULA TOWER WRIGHT TOWNJABALPUR,Madhya Pradesh-482002 India
Madhya Pradesh@Pachore@TVS CREDIT SERVICES LIMITED GROUND FLOORAB ROADNEAR SANWARIYA TRADING COMPANYPACHORE,Madhya Pradesh-465683 India
Madhya Pradesh@Ratlam@TVS CREDIT SERVICES LIMITED SECOND FLOORRATLAM PLAZANEW ROADRATLAM,Madhya Pradesh-457001 India
Madhya Pradesh@Rewa@TVS CREDIT SERVICES LIMITED FIRST FLOOR, PLOT NO: 3/15/81C , DOOR NO: 13/753BARA SAMANNEHRU NAGARREWA,Madhya Pradesh-486001 India
Madhya Pradesh@Sagar@TVS CREDIT SERVICES LIMITED FIRST FLOOR BHAGWAAN GANJ TULSI NAGAR WARD SAGAR,Madhya Pradesh-472002 India
Madhya Pradesh@Vidisha@TVS CREDIT SERVICES LIMITED SECOND FLOOR GOURAV BUSINESS SQUAREWARD NO: 8, SANCHI BHOPAL ROADOPP. SATYA SAI SOYA PLANT VIDISHA,Madhya Pradesh-464001 India
Maharashtra@Ahmednagar@TVS CREDIT SERVICES LIMITED FIRST FLOOR , SUMAN SMRUTI , OFFICE NO:1, 04-50/6BHUTKARWADI CHOWK, SAVEDI , AHMEDNAGAR,Maharashtra-414003 India
Maharashtra@Aurangabad@TVS CREDIT SERVICES LIMITED FIRST FLOOR PLOT NO 35 , SHOP NO 9 & 10, N3,CIDCONEAR MANSI HOTEL AURANGABAD,Maharashtra-431001 India
Maharashtra@Jalgaon @TVS CREDIT SERVICES LIMITED SECOND FLOOR No: 281/1, PLOT NO: 6 BUILDING NO: 1 , MAJOR CORNER GANESH COLONY , NEAR KHAJAMIYA DARGA  JALGAON,Maharashtra-425001 India
Maharashtra@Kolhapur@TVS CREDIT SERVICES LIMITED FIRST FLOOR GIRISH GUNDOPANT GOTEH NO: 1885/B, RAJARAMOURI 9TH LANE,OPP: OMEGA HOTEL KOLHAPUR,Maharashtra-416008 India
Maharashtra@Latur@TVS CREDIT SERVICES LIMITED FIRST FLOORSTOP NO: 20-23, YASHAWANTRAO CHAVAN COMPLEX MAIN ROAD,NEAR ASHOK HOTEL TALAK NAGAR LATUR,Maharashtra-413512 India
Maharashtra@Nagpur@TVS CREDIT SERVICES LIMITED FIRST FLOOR SHREE VIHARPLOT NO 345A , AZAD NAGARGANDHI NAGARNAGPUR,Maharashtra-440010 India
Maharashtra@Nanded@TVS CREDIT SERVICES LIMITED SECOND FLOORBALAJI TOWERVIP ROADNANDED,Maharashtra-431605 India
Maharashtra@Nashik@TVS CREDIT SERVICES LIMITED FOURTH FLOOR PADMA VISHWA REGENCYNEAR KURIE MANVATA CANCER HOSPITALBEHIND SAROJ TRAVELS , MUMBAI NAKA, NASHIK,Maharashtra-422001 India
Maharashtra@Navi Mumbai@TVS CREDIT SERVICES LIMITED SEVENTH FLOOR PLOT NO: 2 , OFFICE NO: 702, SECTOR 19D, AMBIENCE COURTVASHINAVI MUMBAI,Maharashtra-400703 India
Maharashtra@Pune@TVS CREDIT SERVICES LIMITED NO: 12 ND FLOOR, SKY ONE NEAR CLOVER WATER GARDEN KALYANI NAGAR PUNE,Maharashtra-411006 India
Maharashtra@Satara@TVS CREDIT SERVICES LIMITED TVS Credit Services Ltd. , 283/1A Plot No. 29/1 City Business Center , Satara 41500`
Maharashtra@Solapur@TVS CREDIT SERVICES LIMITED SECOND FLOOR SADHANA COMPLEX NO: 8507/1D, MUNCIPAL NO: 120-AMURARJI PETHSOLAPUR,Maharashtra-413001 India
Odisha@Berhampur@TVS CREDIT SERVICES LIMITED FOURTH FLOOR ANANDA PLAZA, SRI SAI COMPLEXGANDHI NAGAR MAIN ROAD BERHAMPUR,Odisha-760001 India
Odisha@Bhubaneswar@TVS CREDIT SERVICES LIMITED SECOND FLOOR, CREATIVE PLAZA COMMERCIAL COMPLEXLAND MARK : -BESIDES TARINI TEMPLE,RASULGARH SQUARE.BHUBANESWAR,Odisha-751010 India
Odisha@Sambalpur@TVS CREDIT SERVICES LIMITED FIRST FLOORA JAYA BHAVAN, AINTHAPALLIBACK-SIDE OF TATA NAGAR PETROL PUMP SAMBALPUR,Odisha-768004 India
Pondicherry@Pondicherry@TVS CREDIT SERVICES LIMITED SECOND FLOOR ,ROYAL ENCLAVEPLOT NO 19 , 100 FEET ROAD MUDALIARPET OPP TO SEVENTH DAY SCHOOLPONDICHERRY,Pondicherry-605004 India
Punjab@Ludhiana@TVS CREDIT SERVICES LIMITED FOURTH FLOOR SCO 13 , SHANGHAI TOWERS ADJACENT SWANI MOTORSFIROZ GANDHI MARKETLUDHIANA,Punjab-141001 India
Punjab@Zirakpur@TVS CREDIT SERVICES LIMITED SECOND FLOOR S.C.O. No. 203,GREEN LOTUS AVENUE, SINGHPURAS.A.S NAGAR DISTRICT ZIRAKPUR,Punjab-140603 India
Rajasthan@Ajmer@TVS CREDIT SERVICES LIMITED FIRST FLOOR AMC NO-235/12,HOTEL SIDDHARTH BUILDING , OPPOSITE CITY POWERHOUSEJAIPUR ROAD AJMER,Rajasthan-305001 India
Rajasthan@Alwar @TVS CREDIT SERVICES LIMITED FIRST FLOORPLOT NO 4 , TEJMANDISTATION ROADALWAR,Rajasthan -301001 India
Rajasthan@Barmer @TVS CREDIT SERVICES LIMITED FIRST FLOORNAGANA RAI MARKETABOVE SHRI RAM TACTOR MOHANJI KA KARESAR,N.H 15 CHOHTAN CHAURAHABARMER,Rajasthan-344001 India
Rajasthan@Bhilwara@TVS CREDIT SERVICES LIMITED SECOND FLOOR GAURAV TOWERBSL ROAD GANDHI NAGAR BHILWARA,Rajasthan-311001 India
Rajasthan@Bikaner@TVS CREDIT SERVICES LIMITED THIRD FLOOR JSR BUILDING PBM HOSPITAL ROADNEAR AMBEDKAR CIRCLEBIKANER,Rajasthan-334001 India
Rajasthan@Chittorgarh Ucv@TVS CREDIT SERVICES LIMITED Plot No. D, At New Gokul Shopping Centre, Nagar Palika, Colony Riad Behind Roadways Bus Stand, Chittorgarh-312001
Rajasthan@Jaipur@"TVS CREDIT SERVICES LIMITED PLOT NO 5, FIRST FLOOR MAHIMA'S TRINITY "" SWAGE FARM NEW SANGANER ROAD, NEAR VIVEK VIHAR METRO STATION JAIPUR,Rajasthan-302019 India"
Rajasthan@Jodhpur@TVS CREDIT SERVICES LIMITED SECOND FLOOR THE RAJ, 5TH UPPER CHOPASNI ROADOLD KOHINOOR CINEMA CIRCLE JODHPUR,Rajasthan-342003 India
Rajasthan@Kota@TVS CREDIT SERVICES LIMITED SECOND FLOOR 2K 33 VIGYAN NAGARFRONT PARTJHALAWAR MAIN ROADKOTA,Rajasthan-324007 India
Rajasthan@Nagaur  @TVS CREDIT SERVICES LIMITED SECOND FLOOR , ASHIRWAD TOWER VIJAY VALLABH CHOWKOUTSIDE DELHI GATENAGAUR,  Rajasthan-341001 India
Rajasthan@Shahpura@TVS CREDIT SERVICES LIMITED FIRST FLOOR NH -8, PALSANIYA PARADISE SHAHPURA,Rajasthan-303103 India
Rajasthan@Sri Ganga Nagar@TVS CREDIT SERVICES LIMITED SECOND FLOOR NO. 198 G BLOCKNEAR RAMLILA STADIUMSRI GANGA NAGAR,Rajasthan-335001India
Rajasthan@Tonk@TVS CREDIT SERVICES LIMITED Plot No.3, Infront of Shakuntalam hotel, NH 12, Subhash Nagar, Kota Road, Tonk,  Rajasthan-304001
Rajasthan@Udaipur@TVS CREDIT SERVICES LIMITED PLOT NO 247 , THIRD FLOOR MAWLIWALA PLAZAROAD NO 18 ASHOK NAGARNEAR TRIUDAIPUR,Rajasthan-313001 India
Tamil Nadu@Attur@TVS CREDIT SERVICES LIMITED TVS Credit Services Ltd 1st floor Ramajeyam Complex 1143/D, Ward 22, 1st Gandhi Road, Attur Town, Salem-Cuddalore Main Road, Attur -636102
Tamil Nadu@Chennai@TVS CREDIT SERVICES LIMITED IV & V FLOOR, FAGUN TOWERS DOOR NO.74, OLD NO.26, ETHIRAJ SALAIEGMORECHENNAI,Tamil Nadu-600008 India
Tamil Nadu@Chennai@TVS CREDIT SERVICES LIMITED II & III & SEVENTH  FLOOR BRISTOL TOWERS10 SOUTH PHASE , THIRU VI KA INDUSTRIAL ESTATEGUINDYCHENNAI,Tamil Nadu-600032 India
Tamil Nadu@Chennai@TVS CREDIT SERVICES LIMITED 1<sup>st</sup>,2<sup>nd</sup>,3<sup>rd</sup>,4<sup>th</sup> Floor JAYALAKSHMI ESTATES29 HADDOWS ROAD CHENNAI,Tamil Nadu-600006 India
Tamil Nadu@Chennai@TVS CREDIT SERVICES LIMITED GROUND FLOORNO: 1B MEDAVAKKAM MAIN ROAD CHENNAI,Tamil Nadu-600091 India
Tamil Nadu@Chennai@TVS CREDIT SERVICES LIMITED GROUND FLOORNO: 47/14(A), DURAISWAMY ROADCHENNAI,Tamil Nadu-600026 India
Tamil Nadu@Chennai@TVS CREDIT SERVICES LIMITED NO: 11/330 PERUMBAKKAM MAIN ROADNEXT TO CENARA BANK, OPP: ARUN HOSPITALMEDAVAKKAMCHENNAI,Tamil Nadu-600100 India
Tamil Nadu@Chennai@TVS CREDIT SERVICES LIMITED No. 2/10, POONAMMALLEE MAIN ROAD, IYYAPPANTHANGAL, CHENNAI, Tamil Nadu - 600056 India
Tamil Nadu@Coimbatore@TVS CREDIT SERVICES LIMITED SHREE SHANMUGAPRIYA COMPLEX NO 10 KANNUSAMY STREETR S PURAM COIMBATORE,Tamil Nadu-641002 India
Tamil Nadu@Dindigul @TVS CREDIT SERVICES LIMITED THIRD FLOOR NO- 94, THIRUVALLUVAR SALAIDINDIGUL,Tamil Nadu-624001 India
Tamil Nadu@Erode@TVS CREDIT SERVICES LIMITED SECOND FLOOR S.F NO: 135, DOOR NO : 149,NORTH SIDE PORTION, CHENNIAPPA COMPLEX , SURAMPATTI VILLAGE, PERUNDURAI ROAD, ERODE,Tamil Nadu-638011 India
Tamil Nadu@Hosur @TVS CREDIT SERVICES LIMITED SECOND FLOORNO: 39/5-1, ROYAKOTTAI ROAD OPPOSITE TO SUB TREASURY HOSUR,Tamil Nadu-635109 India
Tamil Nadu@Krishnagiri@TVS CREDIT SERVICES LIMITED SECOND FLOOR NO-1/375-9RAYAKOTTAI MAIN ROADKRISHNAGIRI,Tamil Nadu-635001 India
Tamil Nadu@Kumbakonam@TVS CREDIT SERVICES LIMITED 32 TOWN HALL ROAD UPSTAIRS STATE BANK OF TRAVANCORE KUMBAKONAM,Tamil Nadu-612001 India
Tamil Nadu@Madurai@TVS CREDIT SERVICES LIMITED No 74 IV FLOOR , ADR TOWERSKALAVASALMADURAI,Tamil Nadu-625016 India
Tamil Nadu@Nagercoil@TVS CREDIT SERVICES LIMITED FIRST FLOOR NO: 327, M.S ROADNAGERCOIL,Tamil Nadu-629001 India
Tamil Nadu@Namakkal @TVS CREDIT SERVICES LIMITED THIRD FLOOR NO: 777B-3A KAVERI PLAZASALEM ROADNAMAKKAL,Tamil Nadu-637001 India
Tamil Nadu@Nolambur@TVS CREDIT SERVICES LIMITED N/A
Tamil Nadu@Pammal@TVS CREDIT SERVICES LIMITED N/A
Tamil Nadu@Pollachi@TVS CREDIT SERVICES LIMITED FIRST FLOOR SRI  KRISHNA PLAZA KOVAI ROADOPP. FIRE SERVICE STATION POLLACHI,Tamil Nadu-642001 India
Tamil Nadu@Pudukkottai@TVS CREDIT SERVICES LIMITED 1st Floor Block No:75, TS.No: 5592P, 5593P, New TS No: 5592/1,5593/2, South Fourth Street Pudukkottai - 622001
Tamil Nadu@Salem@TVS CREDIT SERVICES LIMITED SHARPTRONICS COMPLEXNEW 254 , OLD NO 115 , B/1A ,IV FLOOR ,OMALUR MAIN ROADOPP TO TVS & SONS LTDSALEM,Tamil Nadu-636004 India
Tamil Nadu@Sankari @TVS CREDIT SERVICES LIMITED GROUND FLOOR No: 1.17.12B6, SRI BALAJI CITYTIRUCHENGODE ROADSANKARI,Tamil Nadu-637301 India
Tamil Nadu@Selaiyur@TVS CREDIT SERVICES LIMITED N/A
Tamil Nadu@Tambaram@TVS CREDIT SERVICES LIMITED N/A
Tamil Nadu@Thanjavur @TVS CREDIT SERVICES LIMITED SECOND FLOOR HALL NO: 3A, NALLAIYAH SHOPPING COMPLEXNO: 70, SRINIVASAMPILLAI ROADTHANJAVUR,Tamil Nadu-613001 India
Tamil Nadu@Thiruvananamalai@TVS CREDIT SERVICES LIMITED TVS Credit Services Ltd, 31/3-A, 1st Floor, Avalurpet Main Road, Krishna Nagar, Tiruvannamalai-606601
Tamil Nadu@Tirunelveli@TVS CREDIT SERVICES LIMITED THIRD  FLOOR NO:1A/3B, MAYAN ARCADESTC COLLEGE , 60 FEET ROADNGO 'B' COLONYTIRUNELVELI,Tamil Nadu-627007 India
Tamil Nadu@Tiruppur@TVS CREDIT SERVICES LIMITED SECOND FLOOR TULASI TOWERSNO: 63(2) BINNY COMPOUND MAIN ROAD TIRUPPUR,Tamil Nadu-641601 India
Tamil Nadu@Trichy@TVS CREDIT SERVICES LIMITED THIRD FLOORWD-AB,BL ? 29, TSNO-2/18A,18B,18C, 2/19A,2/19B,P.L.A TOWER, DINDIGUL MAIN ROADPONNAGARTRICHY,Tamil Nadu-620001 India
Tamil Nadu@Tuticorin @TVS CREDIT SERVICES LIMITED THIRD FLOOR NO: 235/5, JOTHI TOWERPALAYAMKOTTAI ROADTUTICORIN,Tamil Nadu-628001 India
Tamil Nadu@Vellore@TVS CREDIT SERVICES LIMITED FIRST FLOOR SF No. 3057, NEW BYEPASS ROADNEAR CHENNAI SILKS VELLORE,Tamil Nadu-632012 India
Tamil Nadu@Villivakkam@TVS CREDIT SERVICES LIMITED N/A
Tamil Nadu@Villupuram @TVS CREDIT SERVICES LIMITED FIRST FLOORN0: 38A S.F NO: 204/B2MAMBAZHAPATTU ROAD, VILLUPURAM,Tamil Nadu-605302 India
Telangana@Hyderabad@TVS CREDIT SERVICES LIMITED THIRD FLOOR CVK PARK SQUARE SAROJINI DEVI ROAD HYDERABAD,Telangana-500003 India
Telangana@Hyderabad@TVS CREDIT SERVICES LIMITED FOURTH FLOOR RBV BUILDING , BEARING MUNICIPAL NO. 11-13-194/1/C/4NEAR TELEPHONE COLONY KHAMAN, KOTHAPET , SAROOR NAGAR MANDAL, AUTONAGAR HYDERABAD,Telangana-500035 India
Telangana@Hyderabad@TVS CREDIT SERVICES LIMITED ELEVEN FLOOR , T-19  TOWERS BUILDING MUNICIPAL NO: 5-4-156/157/173 to 184,INDIRA NAGAR, GINWALA COMPUND M.G ROAD , RANI GUNJ HYDERABAD,Telangana-500003 India
Telangana@Karim Nagar@TVS CREDIT SERVICES LIMITED DOOR NO 8-6-301/17,AUTO NAGARBYE PASS ROADKARIM NAGAR,Telangana-505001 India
Telangana@Khammam@TVS CREDIT SERVICES LIMITED SECOND FLOOR NO-4-2-809VARADHALA NAGAR STREET KHANAPOOR HAVELI KHAMMAM,Telangana-507002 India
Telangana@Kodad@TVS CREDIT SERVICES LIMITED D.No 4-95-1-5, 3rd Floor, Sri Nagar Colony, Om Namo Narayana Building, Kodad, Manadal Nalgonda- 508206
Telangana@Mahabub Nagar @TVS CREDIT SERVICES LIMITED SECOND FLOOR NO-1-4-134/18/2/A1 METTU GADDA MAHABUB NAGAR,Telangana-509001 India
Telangana@Mancherial @TVS CREDIT SERVICES LIMITED FIRST FLOOR D.NO 1-216/2, MARUTHI NAGAROPP.,FCI GODHAM MANCHERIAL,Telangana-504208 India
Telangana@Nalgonda @TVS CREDIT SERVICES LIMITED GROUND FLOOR H.NO.6-4-92/2 OPP. DSP OFFICE LANE, NAGARJUNA COLONY NALGONDA,Telangana-508001 India
Telangana@Nizamabad@TVS CREDIT SERVICES LIMITED FIRST FLOOR 5-6, 568/5, PRAGATHI NAGAR HYDERABAD ROAD, BESIDE HOTEL NIKHIL SAI INTERNATIONAL NIZAMABAD,Telangana-503001 India
Telangana@Warangal@TVS CREDIT SERVICES LIMITED FOURTH FLOOR 2-1-583/1/2 KUC-X- ROAD,NAIMNAGAR , HANAMKONDA WARANGAL,Telangana-506001 India
Uttar Pradesh@Agra@TVS CREDIT SERVICES LIMITED 103 THIRD FLOOR PADAM BUSINESS PARKPLOT NO INS-1 SECTOR -12 AAWAS VIKAS , SIKANDARA  YOJANAAGRA,Uttar Pradesh-282007 India
Uttar Pradesh@Allahabad@TVS CREDIT SERVICES LIMITED FIRST FLOOR NO-14/16, LIDDLE ROADGEORGE TOWN ALLAHABAD,Uttar Pradesh-211002 India
Uttar Pradesh@Bareilly @TVS CREDIT SERVICES LIMITED FIRST FLOOR, MANDAKINI TOWER BUILDING CIVIL LINESOPPOSITE DM RESIDENCE BAREILLY,Uttar Pradesh-243001 India
Uttar Pradesh@Gorakhpur@TVS CREDIT SERVICES LIMITED PRASHANT TOWER FIRST FLOOR T.P NAGAR GORAKHPUR,Uttar Pradesh-273016 India
Uttar Pradesh@Kanpur@TVS CREDIT SERVICES LIMITED SIXTH FLOOR NO-612-613, CITY CENTRETHE MALL ROADKANPUR,Uttar Pradesh-208001 India
Uttar Pradesh@Lucknow@TVS CREDIT SERVICES LIMITED SEVENTH  FLOOR BBD VIRAJ TOWERS   SHAHEED PATH, VIBHUTI KHANDGOMTI NAGARLUCKNOW,Uttar Pradesh-226010 India
Uttar Pradesh@Meerut@TVS CREDIT SERVICES LIMITED SECOND FLOOR NO: 153/1MANGAL PANDEY NAGARMEERUT,Uttar Pradesh-250004 India
Uttar Pradesh@Noida @TVS CREDIT SERVICES LIMITED AWFIS  , THIRD FLOORA110, ABLOCK , SECTOR 4 , MAJESTIC OMNIA, NOIDA,Uttar Pradesh-201301 India
Uttar Pradesh@Varanasi@TVS CREDIT SERVICES LIMITED FIRST FLOOR RAJ TVS SHOW ROOMSHIVPUR BYPASS, AIRPORT ROAD,VARANASI,Uttar Pradesh-221003 India
Uttarakhand@Dehradun@TVS CREDIT SERVICES LIMITED GROUND FLOOR , ANKUR TOWERS166 RAJPUR ROADDEHRADUN,Uttarakhand-248001 India
Uttarakhand@Dehradun@TVS CREDIT SERVICES LIMITED Third Floor, 93 Rajpur Road, Dehradun, Uttarakhand- 248001, India
West Bengal@Berhampore @TVS CREDIT SERVICES LIMITED FIRST FLOOR, VILL-RADHIKA NAGAR,P.O-COSSIM BAZAR,  P.S- BERHAMPORE DIST-MURSHIDABAD BERHAMPORE,West Bengal- 742102 India
West Bengal@Durgapur@TVS CREDIT SERVICES LIMITED THIRD FLOORRELIANCE TRENDS BUILDING BENGAL AMBUJICITY CENTERDURGAPUR,West Bengal-713216 India
West Bengal@Kolkata@TVS CREDIT SERVICES LIMITED SEVENTH FLOORMEGATHERM TOWER, PLOT L1, BLOCK -GPSECTOR V, SALT LAKE CITY , BESIDE RDB BUILDING-BIG CINEMAS KOLKATA,West Bengal-700091 India
West Bengal@Kolkata@TVS CREDIT SERVICES LIMITED SECOND FLOOR104/1 A SARAT BOSE ROAD, DEBANGAN BUILDING NEAR - SISHU MANGAL HOSPITALKOLKATA,West Bengal-700026 India
West Bengal@Siliguri @TVS CREDIT SERVICES LIMITED FIRST FLOOR GOYAL PLAZA NEAR SEVOKE ROAD OPP. SACHITRA HOTEL SILIGURI,West Bengal-734001 India
