State@City@Address
Andhra Pradesh@Bhimavaram@22-11-9,1st Floor, Mavullamma Temple, Sunday Market Thatavarthi Vari Street. Revenue ward no. 5, Bhimavaram, Andhra Pradesh 534201.
Andhra Pradesh@Eluru@23B-5-7, Shop No. 2, 4th Floor, Vasavi Plaza, Eadaravari Street, Ramachandra Rao Pet, Eluru, Andhra Pradesh-534002
Andhra Pradesh@Guntur@Supriya Towers, 1st floor, D. No. 5-37-155, 4/15 Brodipet, Guntur, Andhra Pradesh 522002
Andhra Pradesh@Kakinada@ICICI HFC, Dr. N. V. Ramesh Complex, 13-1, 54, Main Rd, Kakinada, Andhra Pradesh 533001
Andhra Pradesh@Kurnool@Shop. No 8 & 9,1st floor, Beside ICICI Bank Ltd, Park Road, Kurnool- 518001
Andhra Pradesh@Machilipatnam@7/242,243-7, Sri Venkateswara Complex, Koneru Center, Machilipatnam, Andhra Pradesh 521001
Andhra Pradesh@Nellore@1st floor, Unit No. 5, Shridhar's Krishna Towers, D no. 26-15-27, FF 5-6 Iskon City, Nellore City - 524004
Andhra Pradesh@Ongole@"Shop No: 4, A Block, Gupta Square, 60
feet Road Kurnool Road, Ongole,
Andhra Pradesh 523002"
Andhra Pradesh@Rajahmundry@North Side, 1st floor, Plot No. A 36, 2nd Block, 76-1-4; Lalitha Bhaskar Enterprises, Gandhi Puram-II, Rajamahendravaram, Ap- 533103
Andhra Pradesh@Tirupati@Door no. 23-8-156/A, 1st floor, R. R. Enclave, New Balaji Colony, A.I.R. Bypass Road, Above ICICI Bank, Tirupati - 517502
Andhra Pradesh@Vijayawada@54-20-1B, Unit No. 4, Third Floor, Surya Prakash Square, Gurunanak Colony , Revenue Ward No. 2, Vijayawada, Andra Pradesh - 520007
Andhra Pradesh@Visakhapatnam@D. No:  47-3-22, Ground Floor, 5th Lane, Dwaraka Nagar, Visakhapatnam A.P. – 530016.
Andhra Pradesh@Vizianagaram@D. No: 8-12-5, 2nd Floor, P.S.N Estate, Lower tank bund road, Vizianagaram, Andhra Pradesh- 535003
Bihar@Patna@4th floor, 401, Kanak Brajraj Complex, Dhakkanpura, Kavi Raman Path, Patna – 800001
Chandigarh@Chandigarh@2nd floor, SCO 337-38, Sector 35-B, Chandigarh – 160022
Chhattisgarh@Bilaspur@1st floor, Indira Tower, A-26, Zone II, Main Road Vyapar Vihar Bilaspur (C.G.) 495001
Chhattisgarh@Durg@Crescent Plaza, Unit-H4, 2nd Floor, Near Swaroop, Talkies, Station Road, Durg, Chhattisgarh-491001
Chhattisgarh@Raipur@Sky Park, Ground floor, Unit No.1, Near Canal Road Raipur - 492001
Chhattisgarh@Raipur - Bhatagaon@First Floor, 05-06, Forum Business Center, Near, NH 46, Bhatagaon, Raipur,  492001
Delhi@Central Delhi - Karol Bagh@1st floor, XVI / 10200, 13/30 Beadon Pura, Padam Singh Road, Karol Bagh, Delhi-110005.
Delhi@East Delhi - Laxmi Nagar@1st Floor,36, Defence enclave, Vikas marg, East Delhi - 110092
Delhi@North Delhi – Pitampura@3rd floor, 302-303, Pearl Bert Hights-L, Netaji Subhash Place, Wazirpur, Pitampura, Delhi - 110034
Delhi@West Delhi – Janakpuri@Ground floor, B-1/4, Community Centre, Janakpuri, New Delhi – 110058
Gujarat@Ahmedabad - Nikol@Showroom No. 2, 1st floor, Office No. B-120, Shantiniketan Business Park, Gangotri Circle, Nikol, Ahmedabad-382350
Gujarat@Ahmedabad - SG Highway@2nd Floor, 205, Silver Radiance 2, Near Shakti Arcade, Science City Road, Sola, Ahmedabad, Gujarat-380060
Gujarat@Ahmedabad - West@402 to 404, 4th Floor, 323 Corporate Park, Near Girish Cold Drinks Cross Road, Navrangpura, Ahmedabad – 380009.
Gujarat@Anand@Shop No.106, 1st floor, Shree Ram Shikhar, New Station Road, Anand - 388001
Gujarat@Bharuch@2nd  Floor, S-30, Golden Square, Near ABC Circle, Bharuch-392001
Gujarat@Bhavnagar@Office No. 201, 2nd floor, Plot No. 8/B, Gijiubhai Badheka Marg, Opp. Dakshivamurti School, Waghawadi Road, Bhavnagar – 364002
Gujarat@Bopal@3rd Floor, C-351, Sobo Center, Gala Gymkhana road, South Bopal, Ahmedabad 380058
Gujarat@Chandkheda@210, Shukan Mall, Near Vishat Petrol Pump, Chandkheda, Sabarmati, Ahmedabad -  380005
Gujarat@Gandhidham@Plot No. 342, Ward-12/B, Office No. 203 , 2nd floor, Rajkamal-2, Near Yes Bank, ICICI Bank, Gandhidham-370201
Gujarat@Himmatnagar@202, 2nd Floor, Shantam 9, Motipura Circle, Himmatnagar, Gujarat- 383001
Gujarat@Junagadh@4th Floor, Krishan Capital, Near Bank of Baroda, Zanzarda Road, Junagadh, Gujarat- 362001
Gujarat@Mehsana@1st floor, Shakti Business Centre, Above United Bank, Mehsana Highway, Mehsana – 384002
Gujarat@Modasa@No. 203, Second Floor, Shantam 11, Near Kotak Mahindra Bank, Shamlaji Road, Modasa -Gujarat-383315.
Gujarat@Morbi@1st floor, Shop No 105-106, Vakhat Complex, Ravapar Road, Morbi - 363641
Gujarat@Narol@1st Floor, 104 Bhagirath Icon, Near Narol Flyover, 382440, Ahmedabad , Gujarat.
Gujarat@Palanpur@ICICI Home Finance, Second Floor 205, HK Tower, Hanuman Tekri, Above ICICI Bank, Palanpur 385001.
Gujarat@Patan@Shop no. 21,22,23 Krishnam Plaza,  1st Floor, Opp District Court, Patan, Gujarat- 384265
Gujarat@Rajkot@3rd floor, 301, Nakshatra-3 , 150 Fit Ring Road, Near Raoya Telephone Exchange, Rajkot - 360007
Gujarat@Surat@4th floor, 410, Milestone Vibrant, Opp. Apple Hospital, Udhna Darwaja, Surat-395002
Gujarat@Vadodara@4th floor, Office No 436-443 Emerald One, Winward Buisness Park, Jetalpur Road, Vadodara, Gujarat- 390020
Gujarat@Vadodara-Waghodia Road@2nd Floor, Radhe Complex, Waghodia Road, Vadodara Gujarat 390019
Gujarat@Vapi@Unit no. 5 & 6, 1st floor, Shanti Complex, Plot No P-50/1, G.I.D.C. B/H, 21st Century Hospital, Vapi – 396195
Haryana@Ambala@Shanti Complex, 1st floor, Building No. 4307/12-14, Jagadhari Road, Opposite Civil Hospital, Ambala Cantt – 133001
Haryana@Faridabad@1st floor, SCO no. 89, Sector-16, Shopping Center Of Urban Estate, Faridabad -121002
Haryana@Gurgaon 1 - Sec 29@2nd floor, SCO-319, Sec -29, Gurgaon, Haryana -122001
Haryana@Gurgaon – Sohna Road@6th Floor, Unit No.616, A,B,C and 617 A-B-C-D, Universal Trade Tower, Sector-49, Gurgaon, Haryana-122018
Haryana@Hissar@SCO 154, 1st floor, Red Square Market, UE-1, Near Telephone Exchange, Hisar - 125001
Haryana@Karnal@Plot No. 45-46, 1st floor, Sat Kartar Complex, 45, Wazir Chand Colony, Opp Mughal Canal Foutain Chowk, Karnal - 132001
Haryana@Panchkula@1st floor, SCO No. 397, Sector-20, Urban Estate, Panchkula, Haryana -134116
Haryana@Panipat@1st Floor, Jubin Tower, Beside ICICI bank Ltd, G.T. Road, Panipat -132103.
Haryana@Rohtak@Second floor, 2/30, Bulganins Tower, Adarsh Nagar, D Park, Delhi Road, Rohtak – 124001
Haryana@Sonipat@Plot No-05, Teachers Colony, Atlas Road, Sonipat-131001.
Haryana@Yamunanagar@SCO No -121, Sector 17, 1st floor, Commercial Belt, Jagadhari Road, Yamuna Nagar – 135003
Jharkhand@Jamshedpur@1st floor, P.P Tower, Ram Mandir Lane, Bistupur, Jamshedpur - 831001
Jharkhand@Ranchi@3rd floor, Amravati Complex, Circular Road, Lalpur, Ranchi - 834001, Jharkhand
Karnataka@Bangalore - J P Nagar@Shop No. 1316/C, 2nd floor, 9th Cross, 9th Main, Opp To Tirumalagiri Venkateshwara Temple, J P Nagar, 2nd Phase Above Central Bank, Bangalore - 560078
Karnataka@Bangalore - JP Nagar (REL)@1316/C, 1st Floor, 9thCross, 9th Main, opp to Tirumalagiri Venkateshwarat Temple, J PNagar, 2nd Phase, Above Central Bank, Bangalore - 560078
Karnataka@Bangalore - Sahakar Nagar@Plot no. 510, F Block, 3rd Floor, Sahakar Nagar, Bangalore 560092
Karnataka@Bangalore - Yeshwantpur@1st floor, No.165 & 166, Manjunatha Chambers, Shankar Nagar, Main Road, Mahalakshmipuram, Bangalore – 560096
Karnataka@Bangalore-Koramangala@No. 584, Ocean Pearl, Opp. Bethany High, Above ICICI Bank, 2nd floor, 80feet road, 8th Block, Koramangala -560095
Karnataka@Belgaum@CTS No. 3414, 1st floor, Anant Plaza , Samdevi Galli, Khade Baazar, Near Bogarves Circle, Belgaum - 590002
Karnataka@Bengaluru - Kalyan Nagar@No: 432, 3rd Floor, 7th Main Rd, 80 feet road, 1st Block, HRBR Layout, Kalyan Nagar, Bengaluru, Karnataka 560043
Karnataka@Bengaluru - Vijaynagar@Vijayashree arcade, No. 38 (Old No 1738) 2nd floor, 17th Cross, Magadi Road, Cord Road, Vijayanagar, Bengaluru – 560040
Karnataka@Davangere@"Door No. 718, 2nd main, 8th Cross, Near BEA High School, Nijalingappa layout, near ""More"" Shop, Davanagere - 577004"
Karnataka@Gulbarga@1st floor, Dr. Savitha Commercial Complex, Above Idea Showroom, 2/907/23/2, Opp to Basaveshwara Hospital, Sedam Road, Gulbarga – 585105
Karnataka@Hasan@1st Floor, KH No. 1863/1, Shree Lakshmi Venkateshwara Nilaya, 60 feet road, Satyamanagala, Hassan, Karnataka -573201
Karnataka@Hubli@2nd floor, R.D Baddi Mansion, Above Kotak Bank, Dharwad Hubli 123, D Club Road, Hubballi – 580029
Karnataka@Kengeri@1250/15/1B, 1st floor, Agani Complex Kengeri Satellite Town, Kengeri , Bangalore-560060
Karnataka@Marathahalli@Katha No. 587/6,588/7,588/8,590/9, Balaji Plaza, Third Floor, Abdul Kalam Layout, Opp.ISRO Main Gate, Marathahalli Outer Ring Road, Doddanekundi, Bangalore-560037
Karnataka@Mysore@Ground Floor, Sri Raghavendra Mansion, No. 2767/B, New No. 83/B, Kantharaj Urs Road, 1 Main, Saraswathipuram, Mysore – 570009
Karnataka@Shimoga@1st floor, office no. 361/2-361/2-1232, Jayachandra Building, PB Gowda compound, 4th cross park extension, Durgigudi, Shimoga - 577201
Kerala@Kochi@Shop No. 34/514, 1st floor, Chollampattu Building, Edappally Toll Junction, Kochi – 682024
Kerala@Kollam@Ground floor, Shop No. V/1165-351C, SM Towers, Madannada JN, Vadakkevila PO, Pallimukku, Kollam – 691010
Kerala@Kottayam@W Mall Building, 2nd floor, Wexco Homes, Kanjikuzhi, Kottayam – 686004
Kerala@Kozhikode (Calicut)@City Mall, 2nd Floor, Office No.62/1521, YMCA, Kannur Road, Kozhikode(Calicut)-673001
Kerala@Palakkad@1st Floor, Sundar Tower, 24/868(3), Opp. Nissan Pinnacle , Kunnathurmedu Post, Palakkadu 678013
Kerala@Thiruvananthapuram (Trivandrum)@Shop No. 2/30, 1st Floor, T.C. VII/673/1-4(2 M G Corporate Centre, Medical College PO, Ulloor, Thiruvananthapuram, Kerala 695011
Kerala@Thrissur@1st floor, Prasad Arcade, Building No. 28 / 127 / 5, Patturakkal Junction, Shornur Road, Thrissur - 680022
Madhya Pradesh@Ashta@"3rd Floor, Mundra Finance Tower, Ward
– 16, No. 600, Kannod Road, Ashta,
Madhya Pradesh 466116"
Madhya Pradesh@Bhopal@Ambika Arcade, 2nd Floor, Z-19, Zone 1, M.P. Nagar, Bhopal, Madhya Pradesh 462001
Madhya Pradesh@Dewas@Office No. 204, Plot no. 8 Tarani Colony Tilak Tower, 2nd Floor, A.B. Road, Dewas Madhya Pradesh -455001
Madhya Pradesh@Dhar@ICICI Home Finance, Plot no. 58, 1st Floor, Avani Amish Square, Silver Hills colony, Above ICICI Bank, Dhar 454001.
Madhya Pradesh@Guna@1st floor, office no.1, Triyam height, Opp. Axis bank, A.B. Road, Guna - 473001
Madhya Pradesh@Gwalior@1st floor, The Empire, Office no.-F-05, 33-City Centre, Ward no. 30, Near Income Tax Building, Opposite Madhav Rao Scindia Park, Gwalior (Mp) 474011
Madhya Pradesh@Indore - Navlakha@Office No -106,1st floor, Pukhraj Corporate, Navlakha Indore – 452001
Madhya Pradesh@Indore - Phooti Kothi@3rd Floor, Plot No 95-C, Sector 3, VaishaliNagar Colony, Opposite ICICI Bank Gopur Square, Gopur Square, Indore 452002
Madhya Pradesh@Indore - Vijaynagar@ICICI Home Finance Co Ltd., Dhan Trident, 3rd Floor, Office No. 322-323, DPC Estate Pvt Limited, Scheme No. 54, Vijaynagar, Indore - 452 010
Madhya Pradesh@Indore Main - MG road@1st floor, 116,Shekhar Central, Manorama ganj, Indore – 452001
Madhya Pradesh@Jabalpur@1st floor, Plot no. 46, Ahuja Tower, NapierTown, Bhawartal Swami Dayanand Sarswati Ward, Jabalpur-482001
Madhya Pradesh@Mandsaur@1st Floor, 13-A, Ward no.5 , Parakh Colony, Kalidas Marg, Station Road, Above Yes Bank, Mandsaur, Madhya Pradesh -458001.
Madhya Pradesh@Pithampur@ICICI Home Finance, 1st Floor, Indrasan Tower, 12, 13, 14 Sanskar Velly, Sector 1, Mhow Neemuch Road, Pithampur 454775.
Madhya Pradesh@Ratlam@2nd Floor, Shop no. 3, 142, Satyam Palace, New road, opp balaji hotel, do batti, Ratalm - 457001
Madhya Pradesh@Sagar@Yadav Complex, shop no. 82/A, Besides Axisbank,10 civil lines, Sagar, M.P, 470001
Madhya Pradesh@Satna@1st floor, Ekta Tower, Above ICICI Bank, Rewa road, Satna-485001
Madhya Pradesh@Ujjain@Shrimaya square, 2nd Floor,  62,Ksapanak marg, Freeganj, Opp. Madhav nagar Hospital, Ujjain- 456010
Madhya Pradesh@Vidisha@"1st Floor, Office No. 2, Above SBI Bank,
Sanchi Road, Vidisha, Madhya Pradesh
464001"
Maharashtra@Ahmednagar@2nd floor, Office no. 203, Sai Midas, Opposite Patiyala House, Nagar, Manmad Poad, Savedi, Ahmednagar- 414003
Maharashtra@Akola@Shop No. 29, Shakambari Square, 2nd Floor, Durga Chowk, Akola -444001.
Maharashtra@Amravati@Shop No. 301, 302, 303, 3rd floor, Next Level Mall, In front of Hotel Grand Mehfill, Camp Road, Amravati – 444601
Maharashtra@Andheri@ICICI Home Finance Co. Ltd., HFC Tower, Andheri Kurla Road, J.B.Nagar, Andheri(E), Mumbai-400059
Maharashtra@Aurangabad@1st floor, Office No. 101, Plot No -159, Manohar Space Landmarks, Samath Nagar, Aurangabad - 431001
Maharashtra@Badlapur@2nd Floor, Siddhivinayak Prasad CHSL, Above Kulswamini Vastradalan,  Bajarpeth, behind Vaishali Talkies, Badlapur West, Sarvodaynagar, Manjarli, Badlapur, Maharashtra - 421503
Maharashtra@Baramati@2nd floor, Shop no. 11, Vidhya Corner Super Market, MIDC Chowk, Baramati- 413133
Maharashtra@Boisar@1st floor, Office no. PO2/147, Harmony Plaza, Opp. SBI, Boisar, Dist- Palghar - 401501
Maharashtra@Buldhana@First Floor, Office No. 22, 23, 24, 25, 26, Buldhana Pride, Main Road, Buldhana, Maharashtra-443001
Maharashtra@Chandrapur@1st floor, Office no. 101, Shreelaxmi Chambers, Behind CDCC Bank, Chandrapur – 442401
Maharashtra@Dhule@1st Floor, City Centre, 67, Main Road, Near Jaihind High School, Deopur, Dhule - 424002.
Maharashtra@Dombivli@"Office No: 105 to 107, Aai Banglow Apartment, 
Ramnagar, Dombivli East, Thane 421201"
Maharashtra@Jalgaon@City Survey No.1976B/1+2 India Garage, South Western Corner, 1st floor of India Plaza Complex, Jilha Peth Swatantraya Chowk,  Jalgaon -425001
Maharashtra@Kalyan-Mumbai@4th floor, Unit no 402, the Imperial Business Hub, Khadakpada circle, Kalyan West – 421301
Maharashtra@Kharadi@"Office No. 201, 2nd Floor, Khurana Icon,
Mundhwa Kharadi Road, Kharadi, Pune
– 411014"
Maharashtra@Kolhapur@Ground Floor, Vasant Plaza, Bagal Chowk, Rajaram Road, Rajarampuri, Kolhapur – 416008
Maharashtra@Latur@2nd floor, Sonvane Complex, Beside Kamdar Petrol Pump, Mini Market, Main Road, Latur – 413512
Maharashtra@Mira Road@1st Floor, Shop No.129, 130, 131, 132, Poonam Shrushti, C, D, E, F Cooperative Housing Society, Latif Park, Opp. S.K Store, Mira Bhayandar Road, Mira Road (East), Thane- 401107.
Maharashtra@Mumbai - Borivali@Shubhjivan Arcade, Office no. A-402, 4th Floor, S.V Road, Borivali West,Mumbai, Maharashtra 400092
Maharashtra@Mumbai – CBD Belapur@1st Floor, 102, Pujit Plaza CHS , Plot no. 67, Sector 11, CBD Belapur, Belapur East, Navi Mumbai, Maharashtra 400614.
Maharashtra@Mumbai- Malad West@1st Floor, Unit no. 1A, CTS No. 1096, Survey No. 437/2, Goldline Business Center, Linkway Estate, Village Chincholi, Link Road, Malad (West), Mumbai, Maharashtra 400064
Maharashtra@Nagpur@1st floor, Gokul Roshan, Plot No 25 & 26, Zenda Chowk, Dharampeth, Nagpur -440001
Maharashtra@Nagpur - CA Road@6th Floor, 701, Plot No. 263 & 264, Brij Bhumi Complex, Telephone Exchange Square, Lakadganj Layout, C.A. Road, Nagpur – 440008
Maharashtra@Nagpur Wardha Road@Plot No. 6, KH no. 51, 52/1 & 52/5, P.H no. 9, 2nd Floor, Gawande Layout, Pioneer Cooperative Housing Society, Khamla Ring Road, Chhatrapati Square, Near Wardha Road, Nagpur 440015
Maharashtra@Nanded@1st Floor, Sangareddikar Complex, Tahasil Road, Chikhalwadi Corner, Nanded -431601 .
Maharashtra@Nashik@Shop no. 604 & 605, Lalit Roongta Group, 6th Floor, Roongta Supermus, Chandak Circle, Tidke Colony, Nashik, Maharashtra -422002
Maharashtra@Nashik - Panchvati@2nd Floor, Office no. 203, Asmita Business Center, Opp. PanchvatI Bus Depo, Old Mumbai Agra Highway, Old Adgaon Naka, Panchvati, Nashik - 422003
Maharashtra@Nashik Road@2nd Floor, Pratik Arcade, Opposite to Vidyut Bhavan, Bytco Point, Nashik Road, Nashik-422101 
Maharashtra@Panvel@2nd Floor, Office 204, Junction 406, Plot no.406/1B, Takka Road, Panvel West 410206
Maharashtra@Pune - Baner@4th Floor, Office no. 405, Regent Plaza Mall, Pashan Link Rd, Baner, Pune, Maharashtra 411021.
Maharashtra@Pune - Main@2nd Floor, Unit No. 208, 209 & 210, Kakade Bizz Icon, CTS No. 26878, Bhamburda, Next to E square, University Road, Shivajinagar Pune-411005.
Maharashtra@Pune - Wakad@Office No. 101, 1st floor, Fortune Business Centre, Near Ambience Hotel, Kaspate Wasti, Wakad Pune - 411057
Maharashtra@Pune-Hadapsar@1st Floor, Office no. 101 & 102, Sr. No. 172, T-Square, Tupe Patil Road, Behind Amanora Mall, Sadesatra Nali, Hadapsar, Pune – 411028.
Maharashtra@Pune-Vishrantwadi@2nd Floor, Office no. 203 & 204 Signet House, 112/3 Alandi Road, Yerwada, Vishrantwad, Pune- 411006
Maharashtra@Ratnagiri@2nd floor, Office No 202, Kohinoor Paradise, Survey No 284, Shivaji Nagar, Ratnagiri 415612
Maharashtra@Sangli@2nd floor, Office No 201, C. S. No. 13604/80, Siddhivinayak House, Near Hotel Ambesador, Sangli Miraj Road, Sangli – 416416
Maharashtra@Satara@1st floor, Office No. 23, 24, 25, Satara City Business Center, S No 283/1, A, Final Plot No.-29, Sub Plot No.-1, Radika Road, Karanje Tarf Satara- 415002
Maharashtra@Solapur@149/C/Plot No.15, S.V.Prime, 2nd Floor Above Nexa Showroom, Hotgi Road, Solapur-413003.
Maharashtra@Thane@Office No. FB-7, FB-117,FB-118,FB-119, 1st Floor, Highland Corporate Center, Kapurbawadi Junction, Majiwade Thane (W)-400607.
Maharashtra@Vasai@301-A, Nikunj Signature, 3rd floor, Ambadi Road, Vishal Nagar, Vasai West, Maharashtra 401202
Maharashtra@Vashi@1st floor, A-101, BSEL Tech Park, Plot No. 39/5 & 39/5A, Opposite Vashi Station, Sector 30A, Vashi, Navi Mumbai-400703
Maharashtra@Virar@ICICI Home Finance Company Ltd, Office No.103/A, 1st floor, Parikh Commercial Center, Premium Park, Agashi road, Virar (West), Dist. Palghar – 401303,
New Delhi@Lajpat Nagar@A-37, Upper Gorund floor, Lajpat Nagar – 2, New Delhi 110024.
New Delhi@New Delhi- Dwarka@Plot no.19, Sector 12A, Opposite Bal Bharti School, Above ICICI Bank, Dwarka, New Delhi- 110075
Odisha@Bhubaneswar@96, Janpath, 2nd floor, Kharavela Nagar, Bhubneswar-751001
Puducherry@Puducherry@Unit 1, Mezzanine floor, GKM Arcade, 81, Ward - H, Block - 4, 100 Feet Road, Near Indira Gandhi Square, Pudupalayam Revenue village, Pondicherry-605005
Punjab@Amritsar@2nd floor, Sf-3&4, Opposite Vodafone Office, Central Mall 32, Mall Road, Amritsar (Punjab) – 143001
Punjab@Bhatinda@1st floor, Shop No. 132, above SBI, GT Road, Bhatinda – 151001
Punjab@Ferozpur@2nd floor, Kakar Tower, Mall Road, Ferozpur-152002 
Punjab@Jalandhar@1st floor, 3-A, City Center Building, Massand Chowk, Model Town, Jalandhar-144003
Punjab@Kharar@SCO B0023/00398, 1st Floor, Above Canara Bank, Ward no. 4, Desu Majra, NH-21, Kharar, Dist. Mohali -140301
Punjab@Ludhiana@1st floor, SCO-146-147, Feroze Gandhi Market, Ludhiana -141001
Punjab@Pathankot@2nd floor, R.K. complex, Dalhousie road, Pathankot - 145001
Punjab@Patiala@1st Floor, JTS Estate, Showroom No. 3, Bhupindra Road, Patiala - 147001
Rajasthan@Ajmer@Jaya Plaza, Plot No. 378, 1st Floor, Makadwali Road, Keshav Nagar, Vaishali Nagar, Ajmer, Rajasthan, 305001 
Rajasthan@Alwar@1st floor, Soni Tower, Road No. 2, Near Meo Boarding, Alwar – 301001
Rajasthan@Balotra@Khasra No. 624, First Floor, Near Eye Hospital, Khed Road, Balotra, Rajasthan, 344022
Rajasthan@Beawar@3rd Floor, Shree Anand Tower, Satpulia, Ajmer Road, Beawar, Rajasthan, 305901
Rajasthan@Bhilwara@ICICI Home Finance Company Limited, 2nd  Floor, B – Block, Shop No. 1, S. K. Plaza, Pur Road, Bhilwara, Rajasthan – 311001.
Rajasthan@Bhiwadi@Plot No. A-96(A), Shop No.-208, 2nd floor, Agarwal arcade, Neelam Chowk, Bhiwadi, Dist.-Alwar, Rajasthan 301019
Rajasthan@Bikaner@1st floor, G. K Tower, Plot No.14, Sardul Colony, Ambedkar Circle, Bikaner- 334001
Rajasthan@Chittorgarh@Plot No. 13, Kalyan Complex, Opp. Pannadhay Bus Stand, Ghatiyawali Road, Distt. Chittorgarh,Rajasthan-312001.
Rajasthan@Chomu@Gagan Tower, Ward No. 21, Jogiyon ka Mohalla, Jaipur Road, Chomu, District Jaipur, Rajasthan 303702
Rajasthan@Dausa@Plot No. A-52/1, Ashok Nagar-III Scheme, Khasra No. 1477, District Dausa, Rajasthan 303303
Rajasthan@Hanumangarh@Shop No. 4 & 5, 1st Floor, In front of Rajvi Palace, Hanumangarh Town Road, Hanumangarh- 335513
Rajasthan@Jagatpura@Office No 51A, Second floor, JTM Mall, Jagatpura Flyover Road, B-2, Near Model Town, Malviyanagar, Jaipur 302017
Rajasthan@Jaipur@Ground floor, S-32, JDA Market, Gopalpura, Mansarover Link Road, Near Ridhi Sidhi Sweets, Jaipur -302018
Rajasthan@Jaipur - Main@City Corporate, Plot No. D3, Shop No. 103 to 106, Malviya Marg, C-Scheme, Jaipur, Rajasthan , 302001
Rajasthan@Jaipur - Vaishali Nagar@Sara Tower, Plot No. A-490, 3rd Floor, Amarpali Road, Near Nursery Circle,  Vaishali Nagar, Jaipur, Rajasthan, 302021
Rajasthan@Jodhpur@1st floor, Hope Tower, Office No.-683 B, Sardarpura 9Th C-D Road, Jodhpur - 342003
Rajasthan@Kekri@First Floor, Plot No. 4 & 7, Ganapati Nagar, Sawar Road, Kekri, Rajasthan 305404
Rajasthan@Kota@Plot No.1, 1st floor, Sahyog Bhawan, Aerodrome Circle, Kota - 324007
Rajasthan@Kotputli@Building No. 17-20, Mohalla Bachari, Krishna Takies Road, Bank Gali, Kotputli, Jaipur, Rajasthan 303108
Rajasthan@Pali@1st floor, 294, Mehar Plaza, Plot No. 1,2,15 & 16, Veer Durgadas Nagar, Pali, Rajasthan 306401
Rajasthan@Sikar@4th floor, Bhaskar Heights Building, Front Facing, Office No. 1, Near Kalyan Hospital, Silver Jubilee Road, Sikar - 332001
Rajasthan@SriGanganagar@1st Floor, Shop No. 91-92, New Cloth Market, Sri Ganganagar, Rajasthan 335001
Rajasthan@Tonk@1st floor , Bahadur Residency, Bamore Gate, Jaipur Road, Tonk, Rajasthan 304001
Rajasthan@Udaipur@Ground floor, Plot No. 10, Durga Nursery Road, Udaipur- 313001
Rajasthan@Vidyadhar nagar@A 5 Cross Road Mall, Shop No 46 & 47, Central Spine, Vidhyadharnagar, 302039
Tamil Nadu@Chennai - Annanagar@2nd floor, AB-106, Old No :134, 4th Avenue, Shanthi Colony, Annanagar, Chennai-600040
Tamil Nadu@Chennai - T Nagar@ICICI Home Finance Company Ltd, Apex Chamber , Office portion bearing No.3, 3rd floor, No.20, Thiyagaraya Road, T Nagar Chennai - 600017
Tamil Nadu@Chennai - Tambaram@Sri Brother Homes, First Floor, No.08, Gandhi Road, West Tambaram, Chennai- 600045
Tamil Nadu@Coimbatore@Shop No. 102, 103 and 115, 1st floor, Door No. 483, Asoka Plaza, Dr. Nanjappa Road, Coimbatore - 641018
Tamil Nadu@Erode@Krishna Towers, First Floor, No-370/2a, Perundurai Road, Near Ambal auto, Erode-638011
Tamil Nadu@Hosur@ICICI Home Finance Company, 6/25B1, 1st floor, Sri Krishna Towers, Krishnagiri bypass road, Hosur, Tamil Nadu - 635109
Tamil Nadu@Madurai@2nd floor, No 38/1, Sri Lakhsmi Nivas, Krishna Rao Tank Street, Madurai, Tamilnadu -625001
Tamil Nadu@Nagercoil@No. 75A, 1st Floor, Arunodhayam Complex, Watertank road, Nagercoil - 629001
Tamil Nadu@Salem@356/1, Empire Arcade,Ground floor, Omalur Main, Alagapuram,Opp New Bus Stand, Salem,Tamil Nadu -636004
Tamil Nadu@Tenkasi@88B, Mattapa Street, Tenkasi, Tamil Nadu-627811
Tamil Nadu@Tirunelveli@Lion Arcade, 1A, 1st floor, Madurai Road, West Street, Sindupoondarai, Tirunelveli-627001
Tamil Nadu@Tiruppur@1st floor, Door No. 66, G.G Towers, Kumaran Road, Opposite Town Hall, Tirupur - 641601
Tamil Nadu@Trichy@2nd floor, No: 75 D, Laxmi Vaults, Plot - A-8, Salai Road, Thillai Nagar, Tiruchirappalli - 620018
Tamil Nadu@Tuticorin@135B/1, Polpettai, Tuticorin, Tamil Nadu 628002
Tamil Nadu@Vellore@1st floor, Plot No. 8/3, Municiple Colony Sathya Mansion, Kazhinjur Village, Kangayanallur Road, Gandhinagar Katoadi, Vellore-632006
Telangana@Ameerpet NDMA@3rd Floor, 3-903/10, Nagarjuna Nagar colony, Yella Reddy Guda, Ameerpet, Punjagutta, Hyderabad, Telangana -500073
Telangana@ECIL Hyderabad@1-9-388, 2nd Floor, Surya Arcade,Kushaiguda Main Road, ECIL, Hyderabad, Telangana- 500062
Telangana@Hyderabad - Dilsukhnagar@D: No; 16-11-20/6/6/1/1, 1st Floor, Opp. TV Tower, Malakpet, Near Musarambagh Metro station, Dilsukhnagar, Hyderabad, Telangana-500036.
Telangana@Hyderabad - Kokapet@D.No- 4-116/1/307, 3rd Floor, Raichandani Sqaure, Kokapet, Narsingi Municipality, Hyderabad, Telangana- 500075
Telangana@Hyderabad - Kukatpally@Part A of 2nd floor, MIG, Dharma Reddy Colony, Opposite Jntu, Kphb, Hyderabad -500072
Telangana@Hyderabad - Punjagutta@3rd Floor, 3-903/10, Nagarjuna Nagar colony, Yella Reddy Guda, Ameerpet, Punjagutta, Hyderabad, Telangana -500073
Telangana@Hyderabad - Secunderabad@Ground floor, Usha Kiran Complex, S.D.Road, Secunderabad -500003
Telangana@Hyderabad - Shamshabad@Upper Ground Floor, D.No: 11-28, Shop-17,18,19 20, Siddappa Rd, Brindavan Colony, Shamshabad, Hyderabad, Telangana 501218
Telangana@Hyderabad – Kompally@Atharv Pride, 4th Floor, Plot No 5, near Trends Showroom, Devender Colony, Kompally, Hyderabad, Telangana 500100
Telangana@Khammam@2nd floor, Plot No.141, VDO Colony, Gattaiah Centre, Khammam 507001.
Telangana@Nizamabad@D. No:1-1-130, 1st Floor, Vinayak Nagar, Nizamabad, Telangana 503003
Telangana@RC Puram@1st Floor, Sri Krishna Complex, House No. 25-16,  Road No.4, Near SBI Bank, RC Puram, Hyderabad 502032
Telangana@Sangareddy@3rd Floor, D. No-5-111/1, Shop-1, KVLS Plaza, near TGPDCL Sub station, Sanjeev Nagar, Sangareddy, Telangana- 502001
Telangana@Warangal@Sarayu Plaza, Shop No.2-10-874/2/C, 1st floor, Waddepally Village, Subedari, Bank Colony, Hanamkonda, Warangal, Telangana - 506001
Uttar Pradesh@Agra@Office No-8, 2nd floor, Sumriddhi Business Suites,  38/4-A, Sanjay Place Agra – 282002
Uttar Pradesh@Allahabad - Prayagraj@200/45/4, 1st floor, Indira Arcade, Mahatma Gandhi Marg, Civil Lines, Allahabad – 211001
Uttar Pradesh@Bareilly@Shop No 9, Ground floor, GKS Palace, Ayub Khan- Choupla Road 63-64, Civil Lines, Bareilly- 243001
Uttar Pradesh@Bijnor@1st floor, Harshit Complex Above HDFC Bank, Kothi Antaghar, Civil lines, Bijnor – 246701
Uttar Pradesh@Ghaziabad@2nd floor, Vishwakarma Complex, Plot No 17/18, Behind Yashoda Hospital, Kaushambi, Ghaziabad- 201010.
Uttar Pradesh@Gorakhpur@1st Floor, Medical College road, Above ICICI Bank,Basaratpur, Gorakhpur – 273004
Uttar Pradesh@Greater Noida@308A, 308B, 327A & 327B, 3rd Floor, DGE Block, Plot No.11, Golden-I, Greater Noida West, U.P-201301
Uttar Pradesh@Jankipuram@3rd Floor, Plot no. C -03, Sector E, Engineering college road,Sector B, Jankipuram , Lucknow,U.P - 226021
Uttar Pradesh@Jhansi@2nd floor, No.1984/4, plot No. 59, Green Park Colony, Near 48 Chamber, Elite Chauraha,  Civil Lines Jhansi-284003 
Uttar Pradesh@Kanpur@Ground floor, 104/438, P. Road, Sisamau, Rambagh Chauraha, Kanpur- 208012
Uttar Pradesh@Lucknow@302, 303, 304, 3rd Floor, Eldeco Corporate Chamber III, TC 58V, Vibhuti Khand, Gomtinagar, Lucknow-226010
Uttar Pradesh@Lucknow- South@1st Floor, KH No. 700, Sarsawan Pargana, Arjunganj, Near- Bhatia Bakery & Axis Bank, Lucknow Uttar Pradesh- 226002. 
Uttar Pradesh@Lucknow- Transportnagar@B-60, 2nd floor, Sector B, Kanpur Road Yojna, Opposite to Phoenix United Mall Lucknow-226012
Uttar Pradesh@Mathura@"Plot no.C2/2 & C2/3, City Centre  Mall,
Radhika Vihar, Phase  2, NH-19,
Mathura - 281004"
Uttar Pradesh@Meerut@307/1, 1st floor, Bishnoi Tower, Mangal Pandey Nagar, Opposite Apex Tower, Meerut - 240002
Uttar Pradesh@Moradabad@1st Floor, Rastogi Complex, Khasra no. 267, Above Yes bank, Delhi Road, Moradabad - 244001
Uttar Pradesh@Noida@A-354, Sector-19, Noida, Uttar Pradesh – 201301
Uttar Pradesh@Pilibhit@"1st Floor, Civil Lines North, Above ICICI
Bank branch, Pilibhit – Uttar Pradesh -
262001"
Uttar Pradesh@Raebareli@No. 460, 460/1, 460/2, Ward no. 24, Plot no. 255M, 1st Floor, Madhur Complex, Canal Road, Raebareli, Uttar Pradesh -229001.
Uttar Pradesh@Saharanpur@1st Floor, B-20, Awas vikas,Delhi road,Saharanpur – 247001.
Uttar Pradesh@Varanasi@Office no. 58/9-A-1- K, 2nd Floor, Kush Complex, Sigra, Varanasi, Uttar Pradesh - 221010
Uttarakhand@Central Dehradun@First Floor, Khasra no. 110/1 & 110/2 Mauza Kanwali, R.D Tower, GMS Road, , Pargana Central Doon, Dehradun – 248001.
Uttarakhand@Dehradun@3rd Floor, Shop no. 21/42, Rajpur Road-2, Near Cross Road Mall, Dehradun UK- 248001.
Uttarakhand@Dehradun-South@2nd Floor, Naman Complex, Opposite Vishal Mega Mart, Haridwar Road, Dehradun -248001
Uttarakhand@Haldwani@ICICI Home Finance Co. Ltd, Shri Gajanand Tower, 2nd Floor, Bareilly Nanital Road, Haldwani – 263139
Uttarakhand@Haridwar@1st floor, Ashirwad Tower, Model Colony, Near Ranipur Mor, Haridwar-249407.
Uttarakhand@Kashipur@"1st Floor, Spectrum, Cheema Chauraha,
Ramnagar road , Kashipur -244713"
Uttarakhand@Roorkee@66/1, Opposite Shikha Petrol Pump, Purvawali, Dehradun Road, Roorkee, Uttarakhand - 247667.
Uttarakhand@Rudrapur@Plot no. 16/1 & 17/1, Ward no. 13, Shop no. 9, 2nd Floor, SGAD Complex, Nainital Road, Rudrapur – 263153.
Uttarakhand@Vikasnagar@No. 1/187, 1st Floor backside,Above Axis Bank, Nagar Palika Chakrata Road, Main Market, Vikas Nagar, Uttarakhand – 248198
West Bengal@Kolkata - AJC Bose Road@8/1A, 2nd floor, Sir William Jones Sarani (Formerly 8/1, Middleton Row), Kolkata – 700071
West Bengal@Kolkata - Howrah@4th floor, Krishna Enclave, 2/1, Bhajan Lal Lohia Lane, Near Howrah AC Market, Above Yes Bank, Howrah-711101
West Bengal@Siliguri@2nd floor, Merchant Square, Saraswati Rice Mill Compound, Opp Payel Cinema Hall, Sevoke Road, 2nd Mile, Siliguri- 734001
