"Branch Name"@"City"@"State/UT"@"Business Hours"@"Contact Number"@"Address"@"Latitude"@"Longitude"@"Location URL"
"Protium Finance Limited, Vikrant Tower 6th Floor"@"New Delhi"@"Delhi"@"9:30 AM to 6:30 PM, Monday to Saturday , First and Second Saturdays are holidays"@"8828820004"@"Office No. 601, 2, 3, 4, 6th Floor, Vikrant Tower, Rajendra Place, New Delhi, Delhi, 110008."@"28.6458351"@"77.1779783"@"https://www.google.com/maps/place/Protium+Finance+Limited/@28.6458351,77.1779783,15z/data=!4m6!3m5!1s0x390d03fc413913f3:0x5a459b24173eebf6!8m2!3d28.6458351!4d77.1779783!16s%2Fg%2F11rrpqw6hw?hl=en-GB&entry=tts&g_ep=EgoyMDI0MDgwNS4wKgBIAVAD"
"Protium Finance Limited, Rani Gunj"@"Hyderabad"@"Telangana"@"9:30 AM to 6:30 PM, Monday to Saturday , First and Second Saturdays are holidays"@"8828820004"@"Unit: 1101, 11th Floor, T19 Towers, M G Road, Indiranagar, Rani Gunj, Hyderabad, Telangana, 500003."@"17.4310444"@"78.487908"@"https://www.google.com/maps/place/Protium+Finance+Limited/@17.4310444,78.487908,15z/data=!4m6!3m5!1s0x3bcb9b5684a03bdb:0x29800a186423f712!8m2!3d17.4310444!4d78.487908!16s%2Fg%2F11w221vrn8?hl=en-GB&entry=tts&g_ep=EgoyMDI0MDgwNS4wKgBIAVAD"
"Protium Finance Limited, JM Road"@"Pune"@"Maharashtra"@"9:30 AM to 6:30 PM, Monday to Saturday , First and Second Saturdays are holidays"@"8828820004"@"Office No.24,25,26,27,28, 5th Floor, Ayaan Chandrika, CTS No- 1315, F.P.No -701, J.M Road, Bhamburda, Shivaji Nagar, Pune, Maharashtra, 411005."@"18.5236469"@"73.8494358"@"https://www.google.com/maps/place/Protium+Finance+Limited/@18.5236469,73.8494358,17z/data=!3m1!4b1!4m6!3m5!1s0x3bc2c13d9352b01d:0x6a1a64c0f2940856!8m2!3d18.5236469!4d73.8494358!16s%2Fg%2F11y79xmcdr?entry=tts&g_ep=EgoyMDI0MTIxMS4wIPu8ASoASAFQAw%3D%3D"
"Protium Finance Limited, Ahmedabad"@"Ahmedabad"@"Gujarat"@"9:30 AM to 6:30 PM, Monday to Saturday , First and Second Saturdays are holidays"@"8828820004"@"Office No. 710,711, 712, 7th Floor, Majestic, Near Cafe Coffee Day,  Law Garden, Ellisbridge, Ahmedabad, Gujarat, 380006."@"23.0239279"@"72.5581586"@"https://www.google.com/maps/place/Protium+Finance+Limited/@23.0239279,72.5581586,17z/data=!3m1!4b1!4m6!3m5!1s0x395e8598d32cce0d:0xfdc2978bacb2c87!8m2!3d23.0239279!4d72.5581586!16s%2Fg%2F11w8hvxlgp?entry=tts&g_ep=EgoyMDI0MTIxMS4wIPu8ASoASAFQAw%3D%3D"
"Protium Finance Limited, Piccaso Bithi"@"Kolkata"@"West Bengal"@"9:30 AM to 6:30 PM, Monday to Saturday , First and Second Saturdays are holidays"@"8828820004"@"4th Floor, Sai Krishna Building, 10C, Piccaso Bithi ( formerly known as Hungerford Street), Shakespeare Sarani, Kolkata, West Bengal, 700017."@"22.5441434"@"88.3548933"@"https://www.google.com/maps/place/Protium+Finance+Limited/@22.5441434,88.3548933,15z/data=!4m6!3m5!1s0x3a0277d2f21f4119:0xd94f2645b81c2b49!8m2!3d22.5441434!4d88.3548933!16s%2Fg%2F11w223622_?hl=en-GB&entry=tts&g_ep=EgoyMDI0MDgwNS4wKgBIAVAD"
"Protium Finance Limited, Coimbatore"@"Coimbatore"@"Tamil Nadu"@"9:30 AM to 6:30 PM, Monday to Saturday , First and Second Saturdays are holidays"@"8828820004"@"79/1 A, 1st Floor, Sir Shanmugam Road, Rathinasababathy Puram, Coimbatore, Tamil Nadu, 641002."@"11.0102004"@"76.9526383"@"https://www.google.com/maps/place/Protium+Finance+Limited/@11.0102004,76.9526383,15z/data=!4m6!3m5!1s0x3ba859630560b923:0xa26c3fdb4e3beec8!8m2!3d11.0102004!4d76.9526383!16s%2Fg%2F11w4nqv1gm?sa=X&ved=1t:2428&hl=en-GB&ictx=111&entry=tts&g_ep=EgoyMDI0MDgwNS4wKgBIAVAD"
"Protium Finance Limited, Egmore"@"Chennai"@"Tamil Nadu"@"9:30 AM to 6:30 PM, Monday to Saturday , First and Second Saturdays are holidays"@"8828820004"@"No 62,4th Floor, New Parade view, Opposite to Rajaratnam stadium, Rukmani Lakshmipathi Road, Egmore, Chennai, Tamil Nadu, 600029."@"13.0669754"@"80.2605748"@"https://www.google.com/maps/place/Protium+Finance+Limited/@13.0669754,80.2605748,15z/data=!4m6!3m5!1s0x3a526798b1b1fa2d:0x8d7b3e3efef3c104!8m2!3d13.0669754!4d80.2605748!16s%2Fg%2F11y5_1pg7d?hl=en-GB&entry=tts&g_ep=EgoyMDI0MDgwNS4wKgBIAVAD"
"Protium Finance Limited, Basavanagudi"@"Bangalore"@"Karnataka"@"9:30 AM to 6:30 PM, Monday to Saturday , First and Second Saturdays are holidays"@"8828820004"@"Aishwarya Sampoorna, 79-1/2, 1st Floor, Vani Vilas Road, Basavanagudi, Bangalore, Karnataka, 560004."@"12.9480538"@"77.5689214"@"https://www.google.com/maps/place/Protium+Finance+Limited/@12.9480538,77.5689214,17z/data=!3m1!4b1!4m6!3m5!1s0x3bae15e76d462a11:0x898a7f8992117669!8m2!3d12.9480538!4d77.5689214!16s%2Fg%2F11w43jtj57?entry=tts&g_ep=EgoyMDI0MTIxMS4wIPu8ASoASAFQAw%3D%3D"
"Protium Finance Limited, Mundra Bhavan"@"Jaipur"@"Rajasthan"@"9:30 AM to 6:30 PM, Monday to Saturday , First and Second Saturdays are holidays"@"8828820004"@"1st Floor, Plot No 3, Mundra Bhawan, Landmark - Church Road, Ajmer Road, Church Road, Jaipur, Rajasthan, 302001."@"26.9160616"@"75.7989437"@"https://www.google.com/maps/place/Protium+Finance+Limited/@26.9160616,75.7989437,15z/data=!4m6!3m5!1s0x396db5b09f08ee31:0x2a7dd2be487e2b8e!8m2!3d26.9160616!4d75.7989437!16s%2Fg%2F11w43kgvyv?hl=en-GB&coh=219816&entry=tts&g_ep=EgoyMDI0MDgwNS4wKgBIAVAD"
"Protium Finance Limited, Korattur"@"Chennai"@"Tamil Nadu"@"9:30 AM to 6:30 PM, Monday to Saturday , First and Second Saturdays are holidays"@"8828820004"@"No.48B, Ground Floor, Siva Nivas, South Railway Road, Venkatraman Nagar, Korattur, Chennai, Tamil Nadu, 600080."@"13.1112854"@"80.1826919"@"https://www.google.com/maps/place/Protium+Finance+Limited/@13.1112854,80.1826919,15z/data=!4m6!3m5!1s0x3a52630c63ce4693:0x858c047b51a1be7c!8m2!3d13.1112854!4d80.1826919!16s%2Fg%2F11y5_1b_lx?hl=en-GB&coh=219816&entry=tts&g_ep=EgoyMDI0MDgwNS4wKgBIAVAD"
"Protium Finance Limited, Balanagar"@"Hyderabad"@"Telangana"@"9:30 AM to 6:30 PM, Monday to Saturday , First and Second Saturdays are holidays"@"8828820004"@"Lendalay Estate, 6-3-74/75, Balanagar Main Road, Opposite to NRSC, Shobana Colony, Hyderabad, Telangana, 500042."@"17.4647275"@"78.4501671"@"https://www.google.com/maps/place/Protium+Finance+Limited/@17.4647275,78.4501671,15z/data=!4m6!3m5!1s0x3bcb91ef5272874b:0x6dece48551e257!8m2!3d17.4647275!4d78.4501671!16s%2Fg%2F11w1wcq241?hl=en-GB&coh=219816&entry=tts&g_ep=EgoyMDI0MDgwNS4wKgBIAVAD"
"Protium Finance Limited, Dilsukhnagar"@"Hyderabad"@"Telangana"@"9:30 AM to 6:30 PM, Monday to Saturday , First and Second Saturdays are holidays"@"8828820004"@"House No. 16-11-579-1-1, 16-11-579-1-2,3,4, 2nd Floor, Tomasoma Jyothirgamaya Building, Dilsukhnagar, Gaddiannaram, Hyderabad, Telangana, 500060."@"17.3645523"@"78.5217912"@"https://www.google.com/maps/place/Protium+Finance+Limited/@17.3645523,78.5217912,17z/data=!3m1!4b1!4m6!3m5!1s0x3bcb990f8fef4ecd:0xbcdc25b1eeb410b4!8m2!3d17.3645523!4d78.5217912!16s%2Fg%2F11x0_dklj1?entry=tts&g_ep=EgoyMDI1MDMxOC4wIPu8ASoASAFQAw%3D%3D"
"Protium Finance Limited, Peenya"@"Bangalore"@"Karnataka"@"9:30 AM to 6:30 PM, Monday to Saturday , First and Second Saturdays are holidays"@"8828820004"@"1st Floor, 694, 1st Main, T Dasarahalli, Near Dasarahalli Metro Station, Dasarahalli, Bangalore, Karnataka, 560057."@"13.043444"@"77.5131142"@"https://www.google.com/maps/place/Protium+Finance+Limited/@13.043444,77.5131142,15z/data=!4m6!3m5!1s0x3bae3d7a3a22bf77:0x810c3cb6038e4f2d!8m2!3d13.043444!4d77.5131142!16s%2Fg%2F11y5_11sc3?hl=en-GB&coh=219816&entry=tts&g_ep=EgoyMDI0MDgwNS4wKgBIAVAD"
"Protium Finance Limited, Adambakkam"@"Chennai"@"Tamil Nadu"@"9:30 AM to 6:30 PM, Monday to Saturday , First and Second Saturdays are holidays"@"8828820004"@"No. 7A, 1st Floor, Citi Link Road, Adambakkam, Chennai, Tamil Nadu, 600088."@"12.9958983"@"80.2069721"@"https://www.google.com/maps/place/Protium+Finance+Limited/@12.9958983,80.2069721,17z/data=!3m1!4b1!4m6!3m5!1s0x3a525d706b3bed4d:0xfaedd0766c12fc09!8m2!3d12.9958983!4d80.2069721!16s%2Fg%2F11w43jhk0q?entry=tts&g_ep=EgoyMDI0MTIxMS4wIPu8ASoASAFQAw%3D%3D"
"Protium Finance Limited, Chandigarh"@"Chandigarh"@"Punjab"@"9:30 AM to 6:30 PM, Monday to Saturday , First and Second Saturdays are holidays"@"8828820004"@"Second Floor, SCO 24-25, Sector 9, Chandigarh, Punjab, 160009."@"30.7449552"@"76.7877379"@"https://www.google.com/maps/place/Protium+Finance+Limited/@30.7449552,76.7877379,15z/data=!4m6!3m5!1s0x390fed4abd4ec229:0xf6100f6525f9e435!8m2!3d30.7449552!4d76.7877379!16s%2Fg%2F11w2237k2s?hl=en-GB&coh=219816&entry=tts&g_ep=EgoyMDI0MDgwNS4wKgBIAVAD"
"Protium Finance Limited, Mysore"@"Mysuru"@"Karnataka"@"9:30 AM to 6:30 PM, Monday to Saturday , First and Second Saturdays are holidays"@"8828820004"@"# 794, 2nd Floor, Bhavam, Chandaranga Road, T. K. Layout, Mysuru, Karnataka, 570009."@"12.3007853"@"76.6167"@"https://www.google.com/maps/place/Protium+Finance+Limited/@12.3007853,76.6167,15z/data=!4m6!3m5!1s0x3baf7b6fe2746f29:0xbb05ce095839d449!8m2!3d12.3007853!4d76.6167!16s%2Fg%2F11y5_12482?hl=en-GB&coh=219816&entry=tts&g_ep=EgoyMDI0MDgwNS4wKgBIAVAD"
"Protium Finance Limited, Jodhpur"@"Jodhpur"@"Rajasthan"@"9:30 AM to 6:30 PM, Monday to Saturday , First and Second Saturdays are holidays"@"8828820004"@"4th Floor, K.P. Tower, Plot No. 17, Near Bombay Motor Circle, Upper Chopasni Road, Jodhpur, Rajasthan 342024."@"26.2781076"@"72.9967351"@"https://www.google.com/maps/place/Protium+Finance+Limited/@26.2781076,72.9967351,17z/data=!3m1!4b1!4m6!3m5!1s0x39418d28032e5809:0xdccd73e06db308d5!8m2!3d26.2781076!4d72.9967351!16s%2Fg%2F11y5_0y1pl?entry=tts&g_ep=EgoyMDI1MDMxOC4wIPu8ASoASAFQAw%3D%3D"
"Protium Finance Limited, Faridabad"@"Faridabad"@"Haryana"@"9:30 AM to 6:30 PM, Monday to Saturday , First and Second Saturdays are holidays"@"8828820004"@"NH 131, A NIT- 5 Faridabad, Railway Road, Faridabad, Haryana, 121001."@"28.4015206"@"77.306397"@"https://www.google.com/maps/place/Protium+Finance+Limited/@28.4015206,77.306397,15z/data=!4m6!3m5!1s0x390cddd23f320a5b:0x8b36de8b7b0cc6c0!8m2!3d28.4015206!4d77.306397!16s%2Fg%2F11w43jyc8x?hl=en-GB&coh=219816&entry=tts&g_ep=EgoyMDI0MDgwNS4wKgBIAVAD"
"Protium Finance Limited, Virar"@"Mumbai"@"Maharashtra"@"9:30 AM to 6:30 PM, Monday to Saturday , First and Second Saturdays are holidays"@"8828820004"@"Office No 205, 206, 2nd Floor, Kingston Court Commercial, Opp. Old Viva Collage, 100 feet Rd, Virar West, Mumbai, Maharashtra, 401301."@"19.457693"@"72.8038642"@"https://www.google.com/maps/place/Protium+Finance+Limited/@19.457693,72.8038642,15z/data=!4m6!3m5!1s0x3be7ab88f59a1a21:0xcbe53883f9b95d4!8m2!3d19.4572772!4d72.8040411!16s%2Fg%2F11w43jvl5p?hl=en-GB&coh=219816&entry=tts&g_ep=EgoyMDI0MDgwNS4wKgBIAVAD"
"Protium Finance Limited, Kancheepuram"@"Kancheepuram"@"Tamil Nadu"@"9:30 AM to 6:30 PM, Monday to Saturday , First and Second Saturdays are holidays"@"8828820004"@"32-A, Ground Floor, Vallal Pachaiyappan Street, Kancheepuram, Tamil Nadu, 631501."@"12.8283557"@"79.7038404"@"https://www.google.com/maps/place/Protium+Finance+Limited/@12.8283557,79.7038404,17z/data=!3m1!4b1!4m6!3m5!1s0x3a52c3686f8f1cb5:0x7f2ea66c3d8f6c4!8m2!3d12.8283557!4d79.7038404!16s%2Fg%2F11w1wcpqj7?entry=tts&g_ep=EgoyMDI0MTIxMS4wIPu8ASoASAFQAw%3D%3D"
"Protium Finance Limited, Vellore"@"Vellore"@"Tamil Nadu"@"9:30 AM to 6:30 PM, Monday to Saturday , First and Second Saturdays are holidays"@"8828820004"@"No. 625/4, P-14, First Floor, Samy Street, ATG Nagar Ext, Vellore Road, Katpadi, Vellore, Tamil Nadu, 632007."@"12.9637983"@"79.1374806"@"https://www.google.com/maps/place/Protium+Finance+Limited/@12.9637983,79.1374806,15z/data=!4m6!3m5!1s0x3bad39d48c921e67:0x6b8eb27b14e5d595!8m2!3d12.9637983!4d79.1374806!16s%2Fg%2F11w1wckx_f?hl=en-GB&coh=219816&entry=tts&g_ep=EgoyMDI0MDgwNS4wKgBIAVAD"
"Protium Finance Limited, Avadi"@"Tiruvallur"@"Tamil Nadu"@"9:30 AM to 6:30 PM, Monday to Saturday , First and Second Saturdays are holidays"@"8828820004"@"Door No.10, Complex No. 520, 1st Floor, Chennai – Tiruttani Highway, Near Hindu College, Pattabiram, Tiruvallur, Tamil Nadu, 600072."@"13.1194564"@"80.0724976"@"https://www.google.com/maps/place/Protium+Finance+Limited/@13.1194564,80.0724976,15z/data=!4m6!3m5!1s0x3a5291044e338073:0x8384a1424cb6ec10!8m2!3d13.1194564!4d80.0724976!16s%2Fg%2F11w1wcdln5?hl=en-GB&coh=219816&entry=tts&g_ep=EgoyMDI0MDgwNS4wKgBIAVAD"
"Protium Finance Limited, Thane"@"Thane"@"Maharashtra"@"9:30 AM to 6:30 PM, Monday to Saturday , First and Second Saturdays are holidays"@"8828820004"@"G14, Ground Floor, Eternity Commercial Premises, Teen Hath Naka, L.B.S. Marg, Thane, Thane, Maharashtra, 400604."@"19.187293"@"72.9626422"@"https://www.google.com/maps/place/Protium+Finance+Limited/@19.187293,72.9626422,15z/data=!4m6!3m5!1s0x3be7b9e456c1efcb:0x17ea3e79a1c51a02!8m2!3d19.187293!4d72.9626422!16s%2Fg%2F11w1wcj_48?hl=en-GB&coh=219816&entry=tts&g_ep=EgoyMDI0MDgwNS4wKgBIAVAD"
"Protium Finance Limited, Uttam Nagar"@"Delhi"@"Delhi"@"9:30 AM to 6:30 PM, Monday to Saturday , First and Second Saturdays are holidays"@"8828820004"@"3rd Floor, A-6, Dal Mil Road, Govardhan Park, Metro Pillar No. 682, Uttam Nagar, Delhi, Delhi, 110059."@"28.6221228"@"77.0568039"@"https://www.google.com/maps/place/Protium+Finance+Limited/@28.6221228,77.0568039,15z/data=!4m6!3m5!1s0x390d055637c04cbd:0xc46cb7b17348f9c4!8m2!3d28.6221228!4d77.0568039!16s%2Fg%2F11y6h_p4_l?hl=en-GB&coh=219816&entry=tts&g_ep=EgoyMDI0MDgwNS4wKgBIAVAD"
"Protium Finance Limited, Vijayawada"@"Vijayawada"@"Andhra Pradesh"@"9:30 AM to 6:30 PM, Monday to Saturday , First and Second Saturdays are holidays"@"8828820004"@"D.No. 59-10-3/A, 1st Floor, Gadde Krishnaiah Veedhi, Vijayawada, Andhra Pradesh, 520008."@"16.5017337"@"80.6559495"@"https://www.google.com/maps/place/Protium+Finance+Limited/@16.5017337,80.6559495,17z/data=!3m1!4b1!4m6!3m5!1s0x3a35fb9d49a51dc7:0xca3ba19fe78d8963!8m2!3d16.5017337!4d80.6559495!16s%2Fg%2F11w33nxjnh?entry=tts&g_ep=EgoyMDI0MTIxMS4wIPu8ASoASAFQAw%3D%3D"
"Protium Finance Limited, Pimpri"@"Pune"@"Maharashtra"@"9:30 AM to 6:30 PM, Monday to Saturday , First and Second Saturdays are holidays"@"8828820004"@"Office No. 602, 6th Floor, Fortune Business Center, Pune, Maharashtra, 411057."@"18.5978225"@"73.7740237"@"https://www.google.com/maps/place/Protium+Finance+Limited/@18.5978225,73.7740237,15z/data=!4m6!3m5!1s0x3bc2b9e636b41be1:0xc9a638caf6f36bf4!8m2!3d18.5978225!4d73.7740237!16s%2Fg%2F11w1wcqbt_?hl=en-GB&coh=219816&entry=tts&g_ep=EgoyMDI0MDgwNS4wKgBIAVAD"
"Protium Finance Limited, Bikaner"@"Bikaner"@"Rajasthan"@"9:30 AM to 6:30 PM, Monday to Saturday , First and Second Saturdays are holidays"@"8828820004"@"Shop No. 27 & 25, 28, 29, 30, 31, 32, 1st Floor, Rani Bazar, Bikaner, Rajasthan, 334001."@"28.0116723"@"73.3165771"@"https://www.google.com/maps/place/Protium+Finance+Limited/@28.0116723,73.3165771,15z/data=!4m6!3m5!1s0x393fe7b06a8bd4fb:0x4931822d5e097064!8m2!3d28.0116723!4d73.3165771!16s%2Fg%2F11w33lgnt4?hl=en-GB&coh=219816&entry=tts&g_ep=EgoyMDI0MDgwNS4wKgBIAVAD"
"Protium Finance Limited, Warangal"@"Warangal"@"Telangana"@"9:30 AM to 6:30 PM, Monday to Saturday , First and Second Saturdays are holidays"@"8828820004"@"ABK Mall, 2nd Floor, # 2-4-641/2-22 to 25, Ramnagar, NGO's Colony Road, Hanamkonda, Warangal, Telangana, 506001."@"18.0059725"@"79.5544117"@"https://www.google.com/maps/place/Protium+Finance+Limited/@18.0059725,79.5544117,15z/data=!4m6!3m5!1s0x3a334fdd8e231ded:0xa2705cd7ec30d062!8m2!3d18.0059725!4d79.5544117!16s%2Fg%2F11w4nqhqz2?hl=en-GB&coh=219816&entry=tts&g_ep=EgoyMDI0MDgwNS4wKgBIAVAD"
"Protium Finance Limited, Hosur"@"Hosur"@"Tamil Nadu"@"9:30 AM to 6:30 PM, Monday to Saturday , First and Second Saturdays are holidays"@"8828820004"@"1st Floor, Survey No. 51/1B1A1, Denkanikottai Main Road, Shanthi Nagar, Hosur, Tamil Nadu, 635109."@"12.7276193"@"77.8245811"@"https://www.google.com/maps/place/Protium+Finance+Limited/@12.7276193,77.8245811,15z/data=!4m6!3m5!1s0x3ba8594c326a8b33:0x8ab555aa949b0be4!8m2!3d12.7276193!4d77.8245811!16s%2Fg%2F11w43hq1l6?hl=en-GB&coh=219816&entry=tts&g_ep=EgoyMDI0MDgwNS4wKgBIAVAD"
"Protium Finance Limited, Nashik"@"Nashik"@"Maharashtra"@"9:30 AM to 6:30 PM, Monday to Saturday , First and Second Saturdays are holidays"@"8828820004"@"1st Floor, Flat No. 5, Smita Apartment Patil Len, 1, College Road, West, Nashik, Maharashtra, 422005."@"20.0070743"@"73.7688495"@"https://www.google.com/maps/place/Protium+Finance+Limited/@20.0070743,73.7688495,15z/data=!4m6!3m5!1s0x3bddebb23104b503:0xd33d8c59c762edef!8m2!3d20.0070743!4d73.7688495!16s%2Fg%2F11y5_1nx_l?hl=en-GB&coh=219816&entry=tts&g_ep=EgoyMDI0MDgwNS4wKgBIAVAD"
"Protium Finance Limited, Hadapsar"@"Pune"@"Maharashtra"@"9:30 AM to 6:30 PM, Monday to Saturday , First and Second Saturdays are holidays"@"8828820004"@"Chamber Office No. 330, Level C 3, 3rd Floor, Amanora Chambers East Wing, Amanora Park Town, Sadesatra Nali, Pune, Maharashtra, 411028."@"18.5182036"@"73.9360061"@"https://www.google.com/maps/place/Protium+Finance+Limited/@18.5182036,73.9360061,15z/data=!4m6!3m5!1s0x3bae717ca1d6d991:0x4de239f9989c1904!8m2!3d18.5182036!4d73.9360061!16s%2Fg%2F11w43m5cxr?hl=en-GB&coh=219816&entry=tts&g_ep=EgoyMDI0MDgwNS4wKgBIAVAD"
"Protium Finance Limited, Madurai"@"Madurai"@"Tamil Nadu"@"9:30 AM to 6:30 PM, Monday to Saturday , First and Second Saturdays are holidays"@"8828820004"@"No.144/1, 1st Floor, By-Pass Road, Fathima Nagar, Madurai, Tamil Nadu, 625016."@"9.9328644"@"78.0961797"@"https://www.google.com/maps/place/Protium+Finance+Limited/@9.9328644,78.0961797,17z/data=!3m1!4b1!4m6!3m5!1s0x3b00c5b18dbd0541:0x787ae0c2aa9ad2db!8m2!3d9.9328644!4d78.0961797!16s%2Fg%2F11w43jyc7_?entry=tts&g_ep=EgoyMDI0MTIxMS4wIPu8ASoASAFQAw%3D%3D"
"Protium Finance Limited, Banaswadi"@"Bangalore"@"Karnataka"@"9:30 AM to 6:30 PM, Monday to Saturday , First and Second Saturdays are holidays"@"8828820004"@"998/3, 1st Floor, 3rd Cross, 9th Main, 1st Block, HRBR Layout, Banaswadi, Bangalore, Karnataka, 560043."@"13.0183676"@"77.6533304"@"https://www.google.com/maps/place/Protium+Finance+Limited/@13.0183676,77.6533304,15z/data=!4m6!3m5!1s0x3bae175f334957b3:0x4a89a4bd8b4cc7d9!8m2!3d13.0183676!4d77.6533304!16s%2Fg%2F11w2d3rtc5?sa=X&ved=1t:2428&hl=en-GB&ictx=111&coh=219816&entry=tts&g_ep=EgoyMDI0MDgwNS4wKgBIAVAD"
"Protium Finance Limited, Alwar"@"Alwar"@"Rajasthan"@"9:30 AM to 6:30 PM, Monday to Saturday , First and Second Saturdays are holidays"@"8828820004"@"1st Floor, Vishnu Priya Tower, 201, Raghu Marg, Opposite Govt. Children Hospital, Alwar, Rajasthan, 301001."@"27.5659455"@"76.6139512"@"https://www.google.com/maps/place/Protium+Finance+Limited/@27.5659455,76.6139512,15z/data=!4m6!3m5!1s0x3972996ac486d6fb:0x4f12a1124774c5cb!8m2!3d27.5659455!4d76.6139512!16s%2Fg%2F11w43kzp_p?hl=en-GB&coh=219816&entry=tts&g_ep=EgoyMDI0MDgwNS4wKgBIAVAD"
"Protium Finance Limited, Vishakpatnam"@"Vishakpatnam"@"Andhra Pradesh"@"9:30 AM to 6:30 PM, Monday to Saturday , First and Second Saturdays are holidays"@"8828820004"@"4th Floor, 47-10-1, Bhuvaneshwari Plaza, Main Rd, Diamond Park, Dwaraka Nagar, Vishakpatnam, Andhra Pradesh, 530016."@"17.7272767"@"83.3019751"@"https://www.google.com/maps/place/Protium+Finance+Limited/@17.7272767,83.3019751,15z/data=!4m6!3m5!1s0x3a3943780a689185:0x2a5e4d8b29c15347!8m2!3d17.7272767!4d83.3019751!16s%2Fg%2F11y5_1pmdq?hl=en-GB&coh=219816&entry=tts&g_ep=EgoyMDI0MDgwNS4wKgBIAVAD"
"Protium Finance Limited, Nizamabad"@"Nizamabad"@"Telangana"@"9:30 AM to 6:30 PM, Monday to Saturday , First and Second Saturdays are holidays"@"8828820004"@"H No. 1-1-393, 2nd Floor, Opp. Reliance Mall & Samsung Showroom, Vinayak Nagar, Nizamabad, Telangana, 503002."@"18.6648311"@"78.1076775"@"https://www.google.com/maps/place/Protium+Finance+Limited/@18.6648311,78.1076775,15z/data=!4m6!3m5!1s0x3bcddbcf3fad626b:0x8626d2d43eb645c9!8m2!3d18.6648311!4d78.1076775!16s%2Fg%2F11rqfzp_s8?hl=en-GB&coh=219816&entry=tts&g_ep=EgoyMDI0MDgwNS4wKgBIAVAD"
"Protium Finance Limited, Salem"@"Salem"@"Tamil Nadu"@"9:30 AM to 6:30 PM, Monday to Saturday , First and Second Saturdays are holidays"@"8828820004"@"28/1, 1st Floor, LIC Colony, New Bus Stand Rd, Swarnapuri, Salem, Tamil Nadu, 636004."@"11.6698752"@"78.1421102"@"https://www.google.com/maps/place/Protium+Finance+Limited/@11.6698752,78.1421102,955m/data=!3m1!1e3!4m6!3m5!1s0x3babf15b65784b9d:0xef58a3d85d72c148!8m2!3d11.6699301!4d78.1420325!16s%2Fg%2F11y5_1k507?entry=tts&g_ep=EgoyMDI1MDYxNi4wIPu8ASoASAFQAw%3D%3D&skid=9a950356-53c3-4046-94f0-4cfd1136e8f6"
"Protium Finance Limited, Surat"@"Surat"@"Gujarat"@"9:30 AM to 6:30 PM, Monday to Saturday , First and Second Saturdays are holidays"@"8828820004"@"Office No. 405, 4th Floor, 21st Century, Near Udhna Darwaja, Ring Road, Surat, Gujarat, 395002."@"21.1842444"@"72.8338714"@"https://www.google.com/maps/place/Protium+Finance+Limited/@21.1842444,72.8338714,15z/data=!4m6!3m5!1s0x3be04f0aee065617:0x56edd330f8416153!8m2!3d21.1842444!4d72.8338714!16s%2Fg%2F11y65s1y54?hl=en-GB&coh=219816&entry=tts&g_ep=EgoyMDI0MDgwNS4wKgBIAVAD"
"Protium Finance Limited, Vadodara"@"Vadodara"@"Gujarat"@"9:30 AM to 6:30 PM, Monday to Saturday , First and Second Saturdays are holidays"@"8828820004"@"Old Padra Rd, Navneet Park, Vadodara, Gujarat, 390015."@"22.2961806"@"73.1667145"@"https://www.google.com/maps/place/Protium+Finance+Limited/@22.2961806,73.1667145,15z/data=!4m6!3m5!1s0x395fc7c5138b0f65:0xcbe907d6b1414aa!8m2!3d22.2961806!4d73.1667145!16s%2Fg%2F11w43k9v65?hl=en-GB&coh=219816&entry=tts&g_ep=EgoyMDI0MDgwNS4wKgBIAVAD"
"Protium Finance Limited, Gurugram"@"Gurugram"@"Haryana"@"9:30 AM to 6:30 PM, Monday to Saturday , First and Second Saturdays are holidays"@"8828820004"@"3rd Floor, JK Tower, Adjacent To HP Kataria Petrol Pump,Sector 4-5 Chowk, Railway Road, Gurugram, Haryana, 122001."@"28.4838592"@"77.0130577"@"https://www.google.com/maps/place/Protium+Finance+Limited/@28.4838592,77.0130577,15z/data=!4m6!3m5!1s0x390d19054c3e0c4f:0x2ef5cace191442f1!8m2!3d28.4838592!4d77.0130577!16s%2Fg%2F11ptn875m2?hl=en-GB&coh=219816&entry=tts&g_ep=EgoyMDI0MDgwNS4wKgBIAVAD"
"Protium Finance Limited, Ghaziabad"@"Ghaziabad"@"Uttar Pradesh"@"9:30 AM to 6:30 PM, Monday to Saturday , First and Second Saturdays are holidays"@"8828820004"@"TF-09A, 3rd Floor, Astoria Boulevard, RDC, Hint Chowk, Ghaziabad, Uttar Pradesh, 201002."@"28.6779231"@"77.442382"@"https://www.google.com/maps/place/Protium+Finance+Limited/@28.6779231,77.442382,15z/data=!4m6!3m5!1s0x390cf18edf6827fd:0xc5a17fa2bd3e93ec!8m2!3d28.6779231!4d77.442382!16s%2Fg%2F11y65rlqdd?hl=en-GB&coh=219816&entry=tts&g_ep=EgoyMDI0MDgwNS4wKgBIAVAD"
"Protium Finance Limited, Kalyan"@"Kalyan"@"Maharashtra"@"9:30 AM to 6:30 PM, Monday to Saturday , First and Second Saturdays are holidays"@"8828820004"@"Office No. 1, 1st Floor, Shrey Palace, Above Yes Bank, Santoshi Mata Road, Kalyan, Maharashtra, 421301."@"19.2420897"@"73.137134"@"https://www.google.com/maps/place/Protium+Finance+Limited/@19.2420897,73.137134,15z/data=!4m6!3m5!1s0x3be795f3316bbe23:0xef680b628e5f4778!8m2!3d19.2420897!4d73.137134!16s%2Fg%2F11y5_1dsf5?hl=en-GB&coh=219816&entry=tts&g_ep=EgoyMDI0MDgwNS4wKgBIAVAD"
"Protium Finance Limited, Ajit Mill Odhav"@"Ahmedabad"@"Gujarat"@"9:30 AM to 6:30 PM, Monday to Saturday , First and Second Saturdays are holidays"@"8828820004"@"Block -D-319, Sumel -8, 3rd Floor, (Old Bharat Bobbin Mill) Nr. Ajit Mill Char Rasta, Ahmedabad, Gujarat, 380023."@"23.0214123"@"72.6328107"@"https://www.google.com/maps/place/Protium+Finance+Limited/@23.0214123,72.6328107,15z/data=!4m6!3m5!1s0x395e87fadcd28acd:0xf57d3e43d221c540!8m2!3d23.0214123!4d72.6328107!16s%2Fg%2F11w1wbzhxq?hl=en-GB&coh=219816&entry=tts&g_ep=EgoyMDI0MDgwNS4wKgBIAVAD"
"Protium Finance Limited, Vapi"@"Vapi"@"Gujarat"@"9:30 AM to 6:30 PM, Monday to Saturday , First and Second Saturdays are holidays"@"8828820004"@"SB-09, Solitaire Business Center, Silvassa - Vapi Rd, Mahavir Nagar, Imran Nagar, Vapi, Gujarat, 396191."@"20.3684488"@"72.9196385"@"https://www.google.com/maps/place/Protium+Finance+Limited/@20.3684488,72.9196385,15z/data=!4m6!3m5!1s0x3be0cf80266a2ba1:0x826399456ddb9e3b!8m2!3d20.3684488!4d72.9196385!16s%2Fg%2F11w1wdgcbn?hl=en-GB&coh=219816&entry=tts&g_ep=EgoyMDI0MDgwNS4wKgBIAVAD"
"Protium Finance Limited, Vashi(Sanpada)"@"Mumbai"@"Maharashtra"@"9:30 AM to 6:30 PM, Monday to Saturday , First and Second Saturdays are holidays"@"8828820004"@"Office No. 601, 6th Floor, Meridian Business Center, Sector 30, Sanpada, Navi Mumbai, Mumbai, Maharashtra, 400705."@"19.0665469"@"73.0079944"@"https://www.google.com/maps/place/Protium+Finance+Limited/@19.0665469,73.0079944,15z/data=!4m6!3m5!1s0x3be7c1521a88ce73:0x15eb7fcf1905ad3b!8m2!3d19.0670466!4d73.0082717!16s%2Fg%2F11w43kckhd?hl=en-GB&coh=219816&entry=tts&g_ep=EgoyMDI0MDgwNS4wKgBIAVAD"
"Protium Finance Limited, Rajkot"@"Rajkot"@"Gujarat"@"9:30 AM to 6:30 PM, Monday to Saturday , First and Second Saturdays are holidays"@"8828820004"@"Office No. 401/2/3/4, 4th Floor, Nakshtra 9, Opp. Girnar Cinema, Near Phulchhab Press, Rajkot, Gujarat, 360001."@"22.2986353"@"70.7935779"@"https://www.google.com/maps/place/Protium+Finance+Limited/@22.2986353,70.7935779,15z/data=!4m6!3m5!1s0x3959cb57313ff43f:0x19a23f680ddc5efa!8m2!3d22.2986353!4d70.7935779!16s%2Fg%2F11w43kwb2m?hl=en-GB&coh=219816&entry=tts&g_ep=EgoyMDI0MDgwNS4wKgBIAVAD"
"Protium Finance Limited, Andheri -Marol"@"Mumbai"@"Maharashtra"@"9:30 AM to 6:30 PM, Monday to Saturday , First and Second Saturdays are holidays"@"8828820004"@"Office No. 404 & 405, CTS # 1425, 4th Floor, The Avenue, Marol, Andheri East, Andheri, Mumbai, Maharashtra, 400059."@"19.1070448"@"72.8767703"@"https://www.google.com/maps/place/Protium+Finance+Limited/@19.1070448,72.8767703,15z/data=!4m6!3m5!1s0x3be7c99033e0928b:0x4bf687d2525945b4!8m2!3d19.1070448!4d72.8767703!16s%2Fg%2F11w1wcvr_h?hl=en-GB&coh=219816&entry=tts&g_ep=EgoyMDI0MDgwNS4wKgBIAVAD"
"Protium Finance Limited, Noida"@"Noida"@"Uttar Pradesh"@"9:30 AM to 6:30 PM, Monday to Saturday , First and Second Saturdays are holidays"@"8828820004"@"1st Floor, Ch. Baburam Mukhiya Complex, Morna, Sector 35, Noida, Uttar Pradesh, 201301."@"28.5782148"@"77.3607408"@"https://www.google.com/maps/place/Protium+Finance+Limited/@28.5782148,77.3607408,15z/data=!4m6!3m5!1s0x390ce5180649870b:0x6e74b52438874677!8m2!3d28.5784861!4d77.3604511!16s%2Fg%2F11w220pm6m?hl=en-GB&coh=219816&entry=tts&g_ep=EgoyMDI0MDgwNS4wKgBIAVAD"
"Protium Finance Limited, Pondicherry"@"Lawspet"@"Puducherry"@"9:30 AM to 6:30 PM, Monday to Saturday , First and Second Saturdays are holidays"@"8828820004"@"Plot-4, Ward No: 11, 1st Floor, SH 49, Vallalar Nagar, Ashok Nagar, Lawspet, Puducherry, 605008."@"11.951671"@"79.8170636"@"https://www.google.com/maps/place/Protium+Finance+Limited/@11.951671,79.8170636,15z/data=!4m6!3m5!1s0x3a536125e42ea055:0x24ca1c9d705e6455!8m2!3d11.9517943!4d79.8169819!16s%2Fg%2F11w1wddtb8?hl=en-GB&coh=219816&entry=tts&g_ep=EgoyMDI0MDgwNS4wKgBIAVAD"
"Protium Finance Limited, Agra"@"Agra"@"Uttar Pradesh"@"9:30 AM to 6:30 PM, Monday to Saturday , First and Second Saturdays are holidays"@"8828820004"@"Unit No. A, Block No. E-12/8, 6th Floor, Shree Vrindavan Tower, Sanjay Place, Agra, Uttar Pradesh 282002."@"27.1986588"@"78.0067301"@"https://www.google.com/maps/place/Protium+Finance+Limited/@27.1986588,78.0067301,17z/data=!3m1!4b1!4m6!3m5!1s0x39747780ed385611:0xf80ce300679f168b!8m2!3d27.1986588!4d78.0067301!16s%2Fg%2F11w1wcvjfh?entry=tts&g_ep=EgoyMDI1MDMxOC4wIPu8ASoASAFQAw%3D%3D"
"Protium Finance Limited, Indore"@"Indore"@"Madhya Pradesh"@"9:30 AM to 6:30 PM, Monday to Saturday , First and Second Saturdays are holidays"@"8828820004"@"296, 1st Floor, PU4 Commercial, Behind C21 Mall, Vijay Nagar, Indore, Madhya Pradesh, 452010."@"22.7454656"@"75.8949109"@"https://www.google.com/maps/place/Protium+Finance+Limited/@22.7454656,75.8949109,15z/data=!4m6!3m5!1s0x3962fda5a3248231:0xd30dc3581e5d01b0!8m2!3d22.7454656!4d75.8949109!16s%2Fg%2F11y5_1j_g1?hl=en-GB&coh=219816&entry=tts&g_ep=EgoyMDI0MDgwNS4wKgBIAVAD"
"Protium Finance Limited, Rajahmundry"@"Rajamahendravaram"@"Andhra Pradesh"@"9:30 AM to 6:30 PM, Monday to Saturday , First and Second Saturdays are holidays"@"8828820004"@"D.No 6-13-2, First Floor, Kankatalavari St, Tyagaraja Nagar, Rajamahendravaram, Andhra Pradesh, 533101."@"16.99285"@"81.775411"@"https://www.google.com/maps/place/Protium+Finance+Limited/@16.99285,81.775411,15z/data=!4m6!3m5!1s0x3a37a5530f3c2bb1:0x56d0b124fddafe8f!8m2!3d16.99285!4d81.775411!16s%2Fg%2F11w43jw2dr?hl=en-GB&coh=219816&entry=tts&g_ep=EgoyMDI0MDgwNS4wKgBIAVAD"
"Protium Finance Limited, Asansol"@"Asansol"@"West Bengal"@"9:30 AM to 6:30 PM, Monday to Saturday , First and Second Saturdays are holidays"@"8828820004"@"1st Floor, BB Plaza, Ushagram, Asansol, West Bengal, 713303."@"23.6798938"@"86.9946006"@"https://www.google.com/maps/place/Protium+Finance+Limited/@23.6798938,86.9946006,15z/data=!4m6!3m5!1s0x39f71962d8e727e3:0x2a07a3a199d8028a!8m2!3d23.6798938!4d86.9946006!16s%2Fg%2F11w43j_4hc?hl=en-GB&coh=219816&entry=tts&g_ep=EgoyMDI0MDgwNS4wKgBIAVAD"
"Protium Finance Limited, Baruipur"@"South Kolkata"@"West Bengal"@"9:30 AM to 6:30 PM, Monday to Saturday , First and Second Saturdays are holidays"@"8828820004"@"2nd Floor, No. 6, Saha Mansion, Dutta Para, Ward No. 5, Near Shibi Pith Kulpi Road, South Kolkata, West Bengal, 700144."@"22.3567069"@"88.4351184"@"https://www.google.com/maps/place/Protium+Finance+Limited/@22.3567069,88.4351184,15z/data=!4m6!3m5!1s0x3a02417d2d593129:0x4d23757cde38453b!8m2!3d22.3567069!4d88.4351184!16s%2Fg%2F11w21_j5q_?hl=en-GB&coh=219816&entry=tts&g_ep=EgoyMDI0MDgwNS4wKgBIAVAD"
"Protium Finance Limited, North Kolkata"@"Noapara"@"West Bengal"@"9:30 AM to 6:30 PM, Monday to Saturday , First and Second Saturdays are holidays"@"8828820004"@"1st Floor, 34, N.H. Road, Noapara, Barasat, Noapara, West Bengal, 700125."@"22.7270144"@"88.4793969"@"https://www.google.com/maps/place/Protium+Finance+Limited/@22.7270144,88.4793969,15z/data=!4m6!3m5!1s0x39f8a39c72f6e623:0x78bda5ced198c3f0!8m2!3d22.7270144!4d88.4793969!16s%2Fg%2F11w43jbmnp?hl=en-GB&coh=219816&entry=tts&g_ep=EgoyMDI0MDgwNS4wKgBIAVAD"
"Protium Finance Limited, Durgapur"@"Durgapur"@"West Bengal"@"9:30 AM to 6:30 PM, Monday to Saturday , First and Second Saturdays are holidays"@"8828820004"@"2FL, 2nd Floor, UCP-012, Bengal Ambuja, City Center, Durgapur, West Bengal, 713216."@"23.5397822"@"87.3047209"@"https://www.google.com/maps/place/Protium+Finance+Limited/@23.5397822,87.3047209,15z/data=!4m6!3m5!1s0x39f7712769e317e5:0xad1f4909046adff6!8m2!3d23.5397822!4d87.3047209!16s%2Fg%2F11y5_2kf9c?hl=en-GB&coh=219816&entry=tts&g_ep=EgoyMDI0MDgwNS4wKgBIAVAD"
"Protium Finance Limited, Bhubeneshwar"@"Bhubaneswar"@"Odisha"@"9:30 AM to 6:30 PM, Monday to Saturday , First and Second Saturdays are holidays"@"8828820004"@"2nd Floor, Room No. 203, Janpath Tower, Bhubaneswar, Odisha, 751001."@"20.265881"@"85.8403089"@"https://www.google.com/maps/place/Protium+Finance+Limited/@20.265881,85.8403089,15z/data=!4m6!3m5!1s0x3a19a710afb47be5:0x8b88853eecb51298!8m2!3d20.265881!4d85.8403089!16s%2Fg%2F11y5_1h7d3?hl=en-GB&coh=219816&entry=tts&g_ep=EgoyMDI0MDgwNS4wKgBIAVAD"
"Protium Finance Limited, Hassan"@"Hassan"@"Karnataka"@"9:30 AM to 6:30 PM, Monday to Saturday , First and Second Saturdays are holidays"@"8828820004"@"Ground Floor, N.P.H Arcade, Behind NCC Office,, HS Prakash Road, Hassan, Karnataka, 573201."@"13.0159942"@"76.101325"@"https://www.google.com/maps/place/Protium+Finance+Limited/@13.0159942,76.101325,15z/data=!4m6!3m5!1s0x3ba549829f63c8d9:0xa2c92d9e4a98f407!8m2!3d13.0159942!4d76.101325!16s%2Fg%2F11kqs8l96t?sa=X&ved=1t:2428&hl=en-GB&ictx=111&coh=219816&entry=tts&g_ep=EgoyMDI0MDgwNS4wKgBIAVAD"
"Protium Finance Limited, Shivamogga"@"Shivamogga"@"Karnataka"@"9:30 AM to 6:30 PM, Monday to Saturday , First and Second Saturdays are holidays"@"8828820004"@"2nd Floor, 348/2-2536-2, Kantesh Arcade, Beside of Ganga Hospital, B H Road, Shankar Mutt Circle, Shivamogga, Karnataka, 577201."@"13.9323804"@"75.5863516"@"https://www.google.com/maps/place/Protium+Finance+Limited/@13.9323804,75.5863516,15z/data=!4m6!3m5!1s0x3bbba97713f863dd:0x368b0740fdd9f91d!8m2!3d13.9323804!4d75.5863516!16s%2Fg%2F11y5_0xnnj?hl=en-GB&coh=219816&entry=tts&g_ep=EgoyMDI0MDgwNS4wKgBIAVAD"
"Protium Finance Limited, Kengeri"@"Bangalore"@"Karnataka"@"9:30 AM to 6:30 PM, Monday to Saturday , First and Second Saturdays are holidays"@"8828820004"@"No: 47, Ground Floor, Pranavam Nilaya, 2nd Cross, Ullal Main Road, Opp. Union Bank of India, Bangalore, Karnataka 560056."@"12.9492802"@"77.4893995"@"https://www.google.com/maps/place/Protium+Finance+Limited/@12.9492802,77.4893995,17z/data=!3m1!4b1!4m6!3m5!1s0x3bae47cffd874a17:0x1135ec21d5e47fb5!8m2!3d12.9492802!4d77.4893995!16s%2Fg%2F11w1wc90_s?entry=tts&g_ep=EgoyMDI1MDMxOC4wIPu8ASoASAFQAw%3D%3D"
"Protium Finance Limited, Davangere"@"Davanagere"@"Karnataka"@"9:30 AM to 6:30 PM, Monday to Saturday , First and Second Saturdays are holidays"@"8828820004"@"1st Floor, Door No-1946/45, SMD Heights, Ward No. 38, 17th Cross Road, Vidyanagar Main Road, Davanagere, Karnataka, 577005."@"14.4352347"@"75.9187468"@"https://www.google.com/maps/place/Protium+Finance+Limited/@14.4352347,75.9187468,15z/data=!4m6!3m5!1s0x3bba257c336737e3:0xbfce87ff4bb82b04!8m2!3d14.4352347!4d75.9187468!16s%2Fg%2F11w43js44g?hl=en-GB&coh=219816&entry=tts&g_ep=EgoyMDI0MDgwNS4wKgBIAVAD"
"Protium Finance Limited, Bhopal"@"Bhopal"@"Madhya Pradesh"@"9:30 AM to 6:30 PM, Monday to Saturday , First and Second Saturdays are holidays"@"8828820004"@"Plot No. 250, 3rd Floor, Sagar Plaza, M P Nagar, Zone-2, Bhopal, Madhya Pradesh, 462011."@"23.2269545"@"77.4367765"@"https://www.google.com/maps/place/Protium+Finance+Limited/@23.2269545,77.4367765,15z/data=!4m6!3m5!1s0x397c43ae0b22fec1:0xee56034a31a3cf0e!8m2!3d23.2269545!4d77.4367765!16s%2Fg%2F11w4bbdn7f?hl=en-GB&coh=219816&entry=tts&g_ep=EgoyMDI0MDgwNS4wKgBIAVAD"
"Protium Finance Limited, Dehradun"@"Dehradun"@"Uttarakhand"@"9:30 AM to 6:30 PM, Monday to Saturday , First and Second Saturdays are holidays"@"8828820004"@"2nd Floor, 57/19, Shiva Place, Rajpur Road, Dehradun, Uttarakhand, 248001."@"30.3324346"@"78.0494901"@"https://www.google.com/maps/place/Protium+Finance+Limited/@30.3324346,78.0494901,15z/data=!4m6!3m5!1s0x3908d7857b68d1f3:0x110ee39d542eed31!8m2!3d30.3324346!4d78.0494901!16s%2Fg%2F11w1wdd4xb?sa=X&ved=1t:2428&hl=en-GB&ictx=111&coh=219816&entry=tts&g_ep=EgoyMDI0MDgwNS4wKgBIAVAD"
"Protium Finance Limited, Ajmer"@"Ajmer"@"Rajasthan"@"9:30 AM to 6:30 PM, Monday to Saturday , First and Second Saturdays are holidays"@"8828820004"@"Building No. 13, Central Hub, Near Kia Showroom, Opposite to Patel Stadium, Ajmer, Rajasthan, 305001."@"26.4669175"@"74.6396172"@"https://www.google.com/maps/place/Protium+Finance+Limited/@26.4669175,74.6396172,15z/data=!4m6!3m5!1s0x396be7cba305702f:0x64891ffed0477bef!8m2!3d26.4669175!4d74.6396172!16s%2Fg%2F11y5_16gyl?hl=en-GB&coh=219816&entry=tts&g_ep=EgoyMDI0MDgwNS4wKgBIAVAD"
"Protium Finance Limited, Dindigal"@"Dindigul"@"Tamil Nadu"@"9:30 AM to 6:30 PM, Monday to Saturday , First and Second Saturdays are holidays"@"8828820004"@"No. 83C, T.N.P.K Building, Thadicombu Rd, Ashok Nagar, Dindigul, Tamil Nadu, 624001."@"10.3681087"@"77.9697085"@"https://www.google.com/maps/place/Protium+Finance+Limited/@10.3681087,77.9697085,15z/data=!4m6!3m5!1s0x3b00abd28d5b5743:0x9389a6869d47ae78!8m2!3d10.3681087!4d77.9697085!16s%2Fg%2F11w1wcd9dm?hl=en-GB&coh=219816&entry=tts&g_ep=EgoyMDI0MDgwNS4wKgBIAVAD"
"Protium Finance Limited, Trichy"@"Tiruchirappalli"@"Tamil Nadu"@"9:30 AM to 6:30 PM, Monday to Saturday , First and Second Saturdays are holidays"@"8828820004"@"52B/1, 1st Floor, Thennur High Road, Kumaran Nagar, Tiruchirappalli, Tamil Nadu, 620017."@"10.8175309"@"78.6847832"@"https://www.google.com/maps/place/Protium+Finance+Limited/@10.8175309,78.6847832,15z/data=!4m6!3m5!1s0x3baaf5a0b1938c9d:0xba03167d3fb1c75a!8m2!3d10.8175309!4d78.6847832!16s%2Fg%2F11vm59t4wx?hl=en-GB&coh=219816&entry=tts&g_ep=EgoyMDI0MDgwNS4wKgBIAVAD"
"Protium Finance Limited, Tiruneveli"@"Tirunelveli"@"Tamil Nadu"@"9:30 AM to 6:30 PM, Monday to Saturday , First and Second Saturdays are holidays"@"8828820004"@"No. 991, Castro Palace, South By Pass Road, Near New Bus Stand, Tirunelveli, Tamil Nadu, 627005."@"8.700588"@"77.724926"@"https://www.google.com/maps/place/Protium+Finance+Limited/@8.700588,77.724926,15z/data=!4m6!3m5!1s0x3b0413d4fbd43f03:0xdeadf398cf9e2438!8m2!3d8.700588!4d77.724926!16s%2Fg%2F11y5_1371b?hl=en-GB&coh=219816&entry=tts&g_ep=EgoyMDI0MDgwNS4wKgBIAVAD"
"Protium Finance Limited, Erode"@"Erode"@"Tamil Nadu"@"9:30 AM to 6:30 PM, Monday to Saturday , First and Second Saturdays are holidays"@"8828820004"@"52, First Floor, Srivari Complex, Meenakshi Sundaram Street, Thiru Nagar Colony, Erode, Tamil Nadu, 638003."@"11.3351361"@"77.7095933"@"https://www.google.com/maps/place/Protium+Finance+Limited/@11.3351361,77.7095933,15z/data=!4m6!3m5!1s0x3ba96f127a95a3fd:0x9c5c3803b6ef7d1b!8m2!3d11.3351361!4d77.7095933!16s%2Fg%2F11y5_18cxd?sa=X&ved=1t:2428&hl=en-GB&ictx=111&coh=219816&entry=tts&g_ep=EgoyMDI0MDgwNS4wKgBIAVAD"
"Protium Finance Limited, Tiruppur"@"Tiruppur"@"Tamil Nadu"@"9:30 AM to 6:30 PM, Monday to Saturday , First and Second Saturdays are holidays"@"8828820004"@"Door no - 1 B2, K.P Tower, Kangayam Main Road, Tiruppur, Tamil Nadu, 641604."@"11.102087"@"77.3690069"@"https://www.google.com/maps/place/Protium+Finance+Limited/@11.102087,77.3690069,15z/data=!4m6!3m5!1s0x3ba90779b94f0e59:0x2c50318a3c488212!8m2!3d11.102087!4d77.3690069!16s%2Fg%2F11y5_1ccx4?hl=en-GB&coh=219816&entry=tts&g_ep=EgoyMDI0MDgwNS4wKgBIAVAD"
"Protium Finance Limited, Tirupati"@"Tirupati"@"Andhra Pradesh"@"9:30 AM to 6:30 PM, Monday to Saturday , First and Second Saturdays are holidays"@"8828820004"@"2nd Floor, Krishna Tulasi Paradise, 392A, Tilak Rd, Tirupati, Tirupati, Andhra Pradesh, 517501."@"13.63559"@"79.4220879"@"https://www.google.com/maps/place/Protium+Finance+Limited/@13.63559,79.4220879,15z/data=!4m6!3m5!1s0x3a4d4b8cab5da9ab:0xaf490daf1967c49b!8m2!3d13.63559!4d79.4220879!16s%2Fg%2F11w1wcqf_k?hl=en-GB&coh=219816&entry=tts&g_ep=EgoyMDI0MDgwNS4wKgBIAVAD"
"Protium Finance Limited, Kanpur"@"Kanpur"@"Uttar Pradesh"@"9:30 AM to 6:30 PM, Monday to Saturday , First and Second Saturdays are holidays"@"8828820004"@"2nd Floor, E-16/19, Civil Lines, Kanpur, Uttar Pradesh, 208001."@"26.4759294"@"80.3575061"@"https://www.google.com/maps/place/Protium+Finance+Limited/@26.4759294,80.3575061,15z/data=!4m6!3m5!1s0x399c39482e875fbb:0xac64074379bde2c5!8m2!3d26.4759294!4d80.3575061!16s%2Fg%2F11y5_1l9wy?hl=en-GB&coh=219816&entry=tts&g_ep=EgoyMDI0MDgwNS4wKgBIAVAD"
"Protium Finance Limited, Lucknow"@"Lucknow"@"Uttar Pradesh"@"9:30 AM to 6:30 PM, Monday to Saturday , First and Second Saturdays are holidays"@"8828820004"@"D-2/50, 51, 52, 3rd Floor, Sikka House, Vibhuti Khand, Gomti Nagar, Lucknow, Uttar Pradesh, 226010."@"26.8631329"@"81.0006169"@"https://www.google.com/maps/place/Protium+Finance+Limited/@26.8631329,81.0006169,15z/data=!4m6!3m5!1s0x399be392278decd1:0x5c227091aa3113d4!8m2!3d26.8631329!4d81.0006169!16s%2Fg%2F11y5_11b1z?hl=en-GB&coh=219816&entry=tts&g_ep=EgoyMDI0MDgwNS4wKgBIAVAD"
"Protium Finance Limited, Allahabad"@"Prayagraj"@"Uttar Pradesh"@"9:30 AM to 6:30 PM, Monday to Saturday , First and Second Saturdays are holidays"@"8828820004"@"SF-20, 21, 2nd Floor, Vinayak Triveni Tower, Civil Lines, Prayagraj, Uttar Pradesh, 211001."@"25.454955"@"81.8281923"@"https://www.google.com/maps/place/Protium+Finance+Limited/@25.454955,81.8281923,15z/data=!4m6!3m5!1s0x399acb3b8c167237:0xc9c726699dbd49ee!8m2!3d25.4548294!4d81.8284359!16s%2Fg%2F11w4bb4l9c?hl=en-GB&coh=219816&entry=tts&g_ep=EgoyMDI0MDgwNS4wKgBIAVAD"
"Protium Finance Limited, Varnasi"@"Varnasi"@"Uttar Pradesh"@"9:30 AM to 6:30 PM, Monday to Saturday , First and Second Saturdays are holidays"@"8828820004"@"3rd Floor, D 58/12- A-2, Gandhi Nagar, Childcare Building, Sigra, Varnasi, Uttar Pradesh, 221010."@"25.3110766"@"82.989285"@"https://www.google.com/maps/place/Protium+Finance+Limited/@25.3110766,82.989285,17z/data=!3m1!4b1!4m6!3m5!1s0x398e2d68f74a07a5:0x9087a7506dfa9f2d!8m2!3d25.3110766!4d82.989285!16s%2Fg%2F11w1wcxy0c?entry=tts&g_ep=EgoyMDI0MTIxMS4wIPu8ASoASAFQAw%3D%3D"
"Protium Finance Limited, Hubli"@"Hubli"@"Karnataka"@"9:30 AM to 6:30 PM, Monday to Saturday , First and Second Saturdays are holidays"@"8828820004"@"3rd Floor, 302 & 303, Wali Nirvana Tradewinds,, Opp. Hubli Regional Bus Terminus, Vidyanagar, Hubli, Karnataka, 580021."@"15.3564008"@"75.1297658"@"https://www.google.com/maps/place/Protium+Finance+Limited/@15.3564008,75.1297658,15z/data=!4m6!3m5!1s0x3bb8d75ad131bd97:0xdc23529faa5e28ca!8m2!3d15.3564008!4d75.1297658!16s%2Fg%2F11y5_39b01?hl=en-GB&coh=219816&entry=tts&g_ep=EgoyMDI0MDgwNS4wKgBIAVAD"
"Protium Finance Limited, Sikar"@"Sikar"@"Rajasthan"@"9:30 AM to 6:30 PM, Monday to Saturday , First and Second Saturdays are holidays"@"8828820004"@"302, 303, 3rd Floor, Murli Plaza, Rani Sati Road, Shastri Nagar, Sikar, Rajasthan, 332001."@"27.6009197"@"75.1442105"@"https://www.google.com/maps/place/Protium+Finance+Limited/@27.6009197,75.1442105,15z/data=!4m6!3m5!1s0x396ca56d5d3be1dd:0x74cac200cb59027!8m2!3d27.6009197!4d75.1442105!16s%2Fg%2F11w43kfyld?sa=X&ved=1t:2428&hl=en-GB&ictx=111&coh=219816&entry=tts&g_ep=EgoyMDI0MDgwNS4wKgBIAVAD"
"Protium Finance Limited, Nirman Vihar"@"East Delhi"@"Delhi"@"9:30 AM to 6:30 PM, Monday to Saturday , First and Second Saturdays are holidays"@"8828820004"@"501, 5th Floor, Pragati Deep Building, Plot No. 8, District Centre, Laxmi Nagar, East Delhi, Delhi, 110092."@"28.6380309"@"77.2852342"@"https://www.google.com/maps/place/Protium+Finance+Limited/@28.6380309,77.2852342,15z/data=!4m6!3m5!1s0x390cfd6a50ddf7b5:0x1223602d7249b2b1!8m2!3d28.6380309!4d77.2852342!16s%2Fg%2F11ldy794h7?sa=X&ved=1t:2428&hl=en-GB&ictx=111&coh=219816&entry=tts&g_ep=EgoyMDI0MDgwNS4wKgBIAVAD"
"Protium Finance Limited, Mandya"@"Mandya"@"Karnataka"@"9:30 AM to 6:30 PM, Monday to Saturday , First and Second Saturdays are holidays"@"8828820004"@"#1420, 1st Floor, V V Road, Near Ganapathi Temple, Mandya, Karnataka, 571401."@"12.5234884"@"76.8948884"@"https://www.google.com/maps/place/Protium+Finance+Limited/@12.5234884,76.8948884,15z/data=!4m6!3m5!1s0x3bafa11149faea69:0xbb549be8fa6d5f18!8m2!3d12.5234884!4d76.8948884!16s%2Fg%2F11w43jzf1l?hl=en-GB&coh=219816&entry=tts&g_ep=EgoyMDI0MDgwNS4wKgBIAVAD"
"Protium Finance Limited, Theni"@"Theni"@"Tamil Nadu"@"9:30 AM to 6:30 PM, Monday to Saturday , First and Second Saturdays are holidays"@"8828820004"@"370F/22, 1st Floor, Master Plan Complex Road, Forest Bypass Road, Bangalow Medu, Theni, Tamil Nadu, 625531."@"10.0100664"@"77.4976654"@"https://www.google.com/maps/place/Protium+Finance+Limited/@10.0100664,77.4976654,15z/data=!4m6!3m5!1s0x3b0715ce4ac63931:0x12f8c42cf50ae833!8m2!3d10.0100664!4d77.4976654!16s%2Fg%2F11w43jtk18?sa=X&ved=1t:2428&hl=en-GB&ictx=111&coh=219816&entry=tts&g_ep=EgoyMDI0MDgwNS4wKgBIAVAD"
"Protium Finance Limited, Kakinada"@"Kakinada"@"Andhra Pradesh"@"9:30 AM to 6:30 PM, Monday to Saturday , First and Second Saturdays are holidays"@"8828820004"@"D.No. 3/18/1A, Flat No:1B, BVR Complex, Behind Benda Complex, Sarpavaram Junction, Ramanayyapeta, Kakinada, Andhra Pradesh, 533005."@"16.9959401"@"82.24243"@"https://www.google.com/maps/place/Protium+Finance+Limited/@16.9959401,82.24243,15z/data=!4m6!3m5!1s0x3a3829027cee449b:0x35ffac27c27fe4bf!8m2!3d16.9959401!4d82.24243!16s%2Fg%2F11w43kcj00?hl=en-GB&coh=219816&entry=tts&g_ep=EgoyMDI0MDgwNS4wKgBIAVAD"
"Protium Finance Limited, Yelahanka"@"Bangalore"@"Karnataka"@"9:30 AM to 6:30 PM, Monday to Saturday , First and Second Saturdays are holidays"@"8828820004"@"No: 74, M I G, 707 CHS, 1st Floor, 4th phase Main Road, Newtown, Yelahanka, Bangalore, Karnataka, 560064."@"13.1037071"@"77.5754456"@"https://www.google.com/maps/place/Protium+Finance+Limited/@13.1037071,77.5754456,15z/data=!4m6!3m5!1s0x3bae193aedc5c2d1:0x6803e838abd57531!8m2!3d13.1037071!4d77.5754456!16s%2Fg%2F11w1wbrd47?hl=en-GB&coh=219816&entry=tts&g_ep=EgoyMDI0MDgwNS4wKgBIAVAD"
"Protium Finance Limited, Rajendra Nagar-Indore"@"Indore"@"Madhya Pradesh"@"9:30 AM to 6:30 PM, Monday to Saturday , First and Second Saturdays are holidays"@"8828820004"@"290, 1st Floor, Gopur Extension, 97 part 4, Slice no. 1, Gopur Chouraha, Rajendra Nagar, Indore, Madhya Pradesh, 452009."@"22.6846384"@"75.8288603"@"https://www.google.com/maps/place/Protium+Finance+Limited/@22.6846384,75.8288603,15z/data=!4m6!3m5!1s0x3962fd431f2a786f:0xc7fb8bb00d3a3c08!8m2!3d22.6846384!4d75.8288603!16s%2Fg%2F11w1wc9m1h?sa=X&ved=1t:2428&hl=en-GB&ictx=111&coh=219816&entry=tts&g_ep=EgoyMDI0MDgwNS4wKgBIAVAD"
"Protium Finance Limited, Vikrant Tower-11th Floor"@"New Delhi"@"Delhi"@"9:30 AM to 6:30 PM, Monday to Saturday , First and Second Saturdays are holidays"@"8828820004"@"1106, 1107, 1108, 11th Floor, Vikrant Tower, Rajendra Place, Delhi, Delhi, 110008."@"28.6458351"@"77.1779783"@"https://www.google.com/maps/place/Protium+Finance+Limited/@28.6458351,77.1779783,15z/data=!4m6!3m5!1s0x390d03fc413913f3:0x5a459b24173eebf6!8m2!3d28.6458351!4d77.1779783!16s%2Fg%2F11rrpqw6hw?hl=en-GB&entry=tts&g_ep=EgoyMDI0MDgwNS4wKgBIAVAD"
"Protium Finance Limited, Chandapura"@"Bangalore"@"Karnataka"@"9:30 AM to 6:30 PM, Monday to Saturday , First and Second Saturdays are holidays"@"8828820004"@"No. 765, Jayarama Reddy Building, 1st Floor, Pilla Reddy Layout, Opp. Big Market, Anekal Road, Chandapura, Bangalore, Karnataka, 560099."@"12.7973458"@"77.7062464"@"https://www.google.com/maps/place/Protium+Finance+Limited/@12.7973458,77.7062464,15z/data=!4m6!3m5!1s0x3bae6ddd3806a4ad:0x7a858129ff8ad548!8m2!3d12.7973458!4d77.7062464!16s%2Fg%2F11w2d44zfq?sa=X&ved=1t:2428&hl=en-GB&ictx=111&coh=219816&entry=tts&g_ep=EgoyMDI0MDgwNS4wKgBIAVAD"
"Protium Finance Limited, Chengalpet"@"Chennai"@"Tamil Nadu"@"9:30 AM to 6:30 PM, Monday to Saturday , First and Second Saturdays are holidays"@"8828820004"@"No. 148, GST Road, Rattinakinaru, Chengalpattu, Chennai, Tamil Nadu, 603001."@"12.6841619"@"79.9832045"@"https://www.google.com/maps/place/Protium+Finance+Limited/@12.6841619,79.9832045,15z/data=!4m6!3m5!1s0x3a52fdfe0538bcb7:0xa07a998944c07910!8m2!3d12.6841619!4d79.9832045!16s%2Fg%2F11w22015gx?hl=en-GB&coh=219816&entry=tts&g_ep=EgoyMDI0MDgwNS4wKgBIAVAD"
"Protium Finance Limited, Chennai - Red Hills"@"Chennai"@"Tamil Nadu"@"9:30 AM to 6:30 PM, Monday to Saturday , First and Second Saturdays are holidays"@"8828820004"@"No. 2/370, 1st Floor, By-Pass Road, Red Hills, Chennai, Tamil Nadu, 600052."@"13.1887998"@"80.1921879"@"https://www.google.com/maps/place/Protium+Finance+Limited/@13.1887998,80.1921879,15z/data=!4m6!3m5!1s0x3a527b1f1e78ca99:0x3412c555fe308929!8m2!3d13.1887998!4d80.1921879!16s%2Fg%2F11w4nsvq2j?hl=en-GB&coh=219816&entry=tts&g_ep=EgoyMDI0MDgwNS4wKgBIAVAD"
"Protium Finance Limited, Chinthamani"@"Chinthamani"@"Karnataka"@"9:30 AM to 6:30 PM, Monday to Saturday , First and Second Saturdays are holidays"@"8828820004"@"# 6, 1st Floor, Sree Lakshmi Mittal Complex, near Deccan Hospital, Ashwini Layout, Chinthamani, Karnataka, 563125."@"13.3926185"@"78.0471774"@"https://www.google.com/maps/place/Protium+Finance+Limited/@13.3926185,78.0471774,15z/data=!4m6!3m5!1s0x3bb205cf8fb93ae7:0x4d75f403996312d2!8m2!3d13.3926185!4d78.0471774!16s%2Fg%2F11lmb0l71r?hl=en-GB&coh=219816&entry=tts&g_ep=EgoyMDI0MDgwNS4wKgBIAVAD"
"Protium Finance Limited, Chikkamagaluru"@"Chikkamagaluru"@"Karnataka"@"9:30 AM to 6:30 PM, Monday to Saturday , First and Second Saturdays are holidays"@"8828820004"@"Ground Floor, Site No. 21-2-519-63, Manjushree, Opp. APMC Market, K.M.Road, Jyothinagar, Chikkamagaluru, Karnataka, 577102."@"13.3310735"@"75.7901812"@"https://www.google.com/maps/place/Protium+Finance+Limited/@13.3310735,75.7901812,15z/data=!4m6!3m5!1s0x3bbad92e43963c0f:0x6482ba3cb8861449!8m2!3d13.3310735!4d75.7901812!16s%2Fg%2F11w43m031r?hl=en-GB&coh=219816&entry=tts&g_ep=EgoyMDI0MDgwNS4wKgBIAVAD"
"Protium Finance Limited, Ranebennur"@"Haveri"@"Karnataka"@"9:30 AM to 6:30 PM, Monday to Saturday , First and Second Saturdays are holidays"@"8828820004"@"1964, 1st Floor, Ashok Circle Road, Vageesh Nagar, Landmark: Above Indian Bank, Near Head Post Office, Ranebennur, Haveri, Karnataka, 581115."@"14.6207267"@"75.6336997"@"https://www.google.com/maps/place/Protium+Finance+Limited/@14.6207267,75.6336997,15z/data=!4m6!3m5!1s0x3bb97f59682a80e9:0xdb5ef51d41a60c61!8m2!3d14.6207267!4d75.6336997!16s%2Fg%2F11w4tfgl8r?hl=en-GB&coh=219816&entry=tts&g_ep=EgoyMDI0MDgwNS4wKgBIAVAD"
"Protium Finance Limited, Channagiri"@"Davanagere"@"Karnataka"@"9:30 AM to 6:30 PM, Monday to Saturday , First and Second Saturdays are holidays"@"8828820004"@"No. 3573/ 3573/ 3B, First Floor, GMS Complex, Opposite to Channamaji Lake, Near KSRTC Bus Stand, Channagiri, Davanagere, Karnataka, 577213."@"14.0198511"@"75.92991"@"https://www.google.com/maps/place/Protium+Finance+Limited/@14.0198511,75.92991,15z/data=!4m6!3m5!1s0x3bba5bbd43eafc31:0xa77116e33bf89edd!8m2!3d14.0198511!4d75.92991!16s%2Fg%2F11w2jnb43q?hl=en-GB&coh=219816&entry=tts&g_ep=EgoyMDI0MDgwNS4wKgBIAVAD"
"Protium Finance Limited, Palladam"@"Tiruppur"@"Tamil Nadu"@"9:30 AM to 6:30 PM, Monday to Saturday , First and Second Saturdays are holidays"@"8828820004"@"No. 239, Ground Floor, Sudha Complex, Mangalam Road, Palladam, Tiruppur, Tamil Nadu, 641664."@"11.0035405"@"77.2857631"@"https://www.google.com/maps/place/Protium+Finance+Limited/@11.0035405,77.2857631,15z/data=!4m6!3m5!1s0x3ba9ab2130d6e84d:0x8f4e0086dd20a3e9!8m2!3d11.0035405!4d77.2857631!16s%2Fg%2F11w4tf2_c2?hl=en-GB&coh=219816&entry=tts&g_ep=EgoyMDI0MDgwNS4wKgBIAVAD"
"Protium Finance Limited, Pollachi"@"Coimbatore"@"Tamil Nadu"@"9:30 AM to 6:30 PM, Monday to Saturday , First and Second Saturdays are holidays"@"8828820004"@"No. 9, 1st Floor, Pollachi Main Road, Opposite to Sub Register Office, Pollachi, Coimbatore, Tamil Nadu, 642001."@"10.6603187"@"77.0082661"@"https://www.google.com/maps/place/Protium+Finance+Limited/@10.6603187,77.0082661,15z/data=!4m6!3m5!1s0x3ba839497352491b:0xe6980a34ddb01923!8m2!3d10.6603187!4d77.0082661!16s%2Fg%2F11w2jnbsqh?hl=en-GB&coh=219816&entry=tts&g_ep=EgoyMDI0MDgwNS4wKgBIAVAD"
"Protium Finance Limited, Pudukkottai"@"Pudukkottai"@"Tamil Nadu"@"9:30 AM to 6:30 PM, Monday to Saturday , First and Second Saturdays are holidays"@"8828820004"@"No. 1396, 2nd Floor, HM Tower, Vrindavan, North Main Street, Pudukkottai, Tamil Nadu, 622001."@"10.3861723"@"78.8177998"@"https://www.google.com/maps/place/Protium+Finance+Limited/@10.3861723,78.8177998,15z/data=!4m6!3m5!1s0x3b00797f05eb0035:0x9a48440e2ea3ee85!8m2!3d10.3861723!4d78.8177998!16s%2Fg%2F11w2jnbnb7?hl=en-GB&coh=219816&entry=tts&g_ep=EgoyMDI0MDgwNS4wKgBIAVAD"
"Protium Finance Limited, Sivakasi"@"Virudhunagar"@"Tamil Nadu"@"9:30 AM to 6:30 PM, Monday to Saturday , First and Second Saturdays are holidays"@"8828820004"@"No. 311N-A/1, 1st Floor, Chairman PKSA Arumugam Road, Sivakasi, Virudhunagar, Tamil Nadu, 626189."@"9.4520658"@"77.8021204"@"https://www.google.com/maps/place/Protium+Finance+Limited/@9.4520658,77.8021204,15z/data=!4m6!3m5!1s0x3b06cfb2b669b4d3:0xef8f42519492f436!8m2!3d9.4520658!4d77.8021204!16s%2Fg%2F11w4tgcg_m?hl=en-GB&coh=219816&entry=tts&g_ep=EgoyMDI0MDgwNS4wKgBIAVAD"
"Protium Finance Limited, Nagercoil"@"Nagercoil"@"Tamil Nadu"@"9:30 AM to 6:30 PM, Monday to Saturday , First and Second Saturdays are holidays"@"8828820004"@"No. 422/7, 2nd Floor, A.R. Illam, MS Road, opposite EB office, Parvathipuram, Nagercoil, Tamil Nadu, 629003."@"8.189311"@"77.4053431"@"https://www.google.com/maps/place/Protium+Finance+Limited/@8.189311,77.4053431,15z/data=!4m6!3m5!1s0x3b04f19758651941:0x4ccd159f34690ec6!8m2!3d8.189311!4d77.4053431!16s%2Fg%2F11y5_1ftyz?sa=X&ved=1t:2428&hl=en-GB&ictx=111&coh=219816&entry=tts&g_ep=EgoyMDI0MDgwNS4wKgBIAVAD"
"Protium Finance Limited, Jaipur 2"@"Jaipur"@"Rajasthan"@"9:30 AM to 6:30 PM, Monday to Saturday , First and Second Saturdays are holidays"@"8828820004"@"Office Number 409-413, Plot K-12, Arcade, Opposite Sunny House, Malviya Marg, C Scheme, Jaipur, Rajasthan, 302001."@"26.9148516"@"75.8020479"@"https://www.google.com/maps/place/Protium+Finance+Limited/@26.9148516,75.8020479,15z/data=!4m6!3m5!1s0x396db5ac3bab6da9:0x8bdd2be0da47adfa!8m2!3d26.9148516!4d75.8020479!16s%2Fg%2F11w43kzp3r?hl=en-GB&coh=219816&entry=tts&g_ep=EgoyMDI0MDgwNS4wKgBIAVAD"
"Protium Finance Limited, A S Rao Nagar-Hyderabad"@"Hyderabad"@"Telangana"@"9:30 AM to 6:30 PM, Monday to Saturday , First and Second Saturdays are holidays"@"8828820004"@"Site No. 1-1-260/2/C/NR, Plot No. 2, 2nd Floor, Srinivas Nagar Colony, Kapra, A. S. Rao Nagar, Medchal-Malkajgiri, Hyderabad, Telangana, 500062."@"17.4805393"@"78.5614241"@"https://www.google.com/maps/place/Protium+Finance+Limited/@17.4805393,78.5614241,15z/data=!4m6!3m5!1s0x3bcb9bd4f4c23455:0x6db887ad8fe70e85!8m2!3d17.4806093!4d78.5615423!16s%2Fg%2F11y6j34ybl?hl=en-GB&coh=219816&entry=tts&g_ep=EgoyMDI0MDgwNS4wKgBIAVAD"
"Protium Finance Limited, Miyapur"@"Hyderabad"@"Telangana"@"9:30 AM to 6:30 PM, Monday to Saturday , First and Second Saturdays are holidays"@"8828820004"@"Plot No. 362/A, 5th Floor, J K Heights, Huda Colony, Manjeera Pipeline Road, Gangaram, Chanda Nagar, Miyapur, Hyderabad, Telangana, 500050."@"17.4918152"@"78.3319065"@"https://www.google.com/maps/place/Protium+Finance+Limited/@17.4918152,78.3319065,15z/data=!4m6!3m5!1s0x3bcb93d4c677455d:0xfbb0277dc49e4922!8m2!3d17.4918152!4d78.3319065!16s%2Fg%2F11w2jnnygt?hl=en-GB&coh=219816&entry=tts&g_ep=EgoyMDI0MDgwNS4wKgBIAVAD"
"Protium Finance Limited, Sungavachetram"@"Kanchipuram"@"Tamil Nadu"@"9:30 AM to 6:30 PM, Monday to Saturday , First and Second Saturdays are holidays"@"8828820004"@"Door No. 889, 1st Floor, Vellore-Chennai Highway, Sunguvarchatram Post, Sriperumbudur Taluk, Kancheepuram, Tamil Nadu, 602106."@"12.9228768"@"79.8759803"@"https://www.google.com/maps/place/Protium+Finance+Limited/@12.9228768,79.8759803,17z/data=!3m1!4b1!4m6!3m5!1s0x3a52ed62e68b0991:0x91cef6e9d485769c!8m2!3d12.9228768!4d79.8759803!16s%2Fg%2F11w8sfff4s?sa=X&ved=1t:2428&ictx=111&entry=tts&g_ep=EgoyMDI0MTIxMS4wIPu8ASoASAFQAw%3D%3D"
"Protium Finance Limited, Zirakpur"@"Zirakpur"@"Punjab"@"9:30 AM to 6:30 PM, Monday to Saturday , First and Second Saturdays are holidays"@"8828820004"@"Showroom No. 17, 2nd Floor, Royal State, Ambala Highway, Zirakpur, Punjab, 140603."@"30.6488524"@"76.8221191"@"https://www.google.com/maps/place/Protium+Finance/@30.6488524,76.8221191,17z/data=!3m1!4b1!4m6!3m5!1s0x390feb3a7895dc4d:0xaf6ffcb59521ff8a!8m2!3d30.6488524!4d76.8221191!16s%2Fg%2F11x120c2j0?entry=tts&g_ep=EgoyMDI1MDMxOC4wIPu8ASoASAFQAw%3D%3D"
"Protium Finance Limited, Kanakapura Road"@"Bangalore"@"Karnataka"@"9:30 AM to 6:30 PM, Monday to Saturday , First and Second Saturdays are holidays"@"8828820004"@"No. 05, S.M Complex, 2nd Floor, Vajarahalli Grama, Kanakapura Main Road, Thalaghatapura, Bangalore, Karnataka, 560109."@"12.8746913"@"77.540035"@"https://www.google.com/maps/place/Protium+Finance+Limited/@12.8746913,77.540035,17z/data=!3m1!4b1!4m6!3m5!1s0x3bae3fa5195fba95:0xd86cde72d2fa6648!8m2!3d12.8746913!4d77.540035!16s%2Fg%2F11lp0mq3h2?sa=X&ved=1t:2428&ictx=111&entry=tts&g_ep=EgoyMDI0MTIxMS4wIPu8ASoASAFQAw%3D%3D"
"Protium Finance Limited, Tiruvannamalai"@"Tiruvannamalai"@"Tamil Nadu"@"9:30 AM to 6:30 PM, Monday to Saturday , First and Second Saturdays are holidays"@"8828820004"@"No. 336 A2, 1st Floor, Polur Main Road, Selva Nagar, Vengikkal, Tiruvannamalai, Tamil Nadu, 606604"@"12.2605994"@"79.0687078"@"https://www.google.com/maps/place/Protium+Finance+Limited/@12.2605994,79.0687078,17z/data=!3m1!4b1!4m6!3m5!1s0x3bacc1f7e4ab53d5:0x9f068ce6d9ea6e4a!8m2!3d12.2605994!4d79.0687078!16s%2Fg%2F11y7jcrj78?entry=tts&g_ep=EgoyMDI0MTIxMS4wIPu8ASoASAFQAw%3D%3D"
"Protium Finance Limited, Chaufula"@"Daund"@"Maharashtra"@"9:30 AM to 6:30 PM, Monday to Saturday , First and Second Saturdays are holidays"@"8828820004"@"Office No. 1,2,3,4,5, 1st Floor, Kshitij Heights, Chaufula -Kedgaon Road, Kedgaon, Boripardhi Post, Moje Dhaygudewadi, Daund, Maharashtra, 412203."@"18.4555556"@"74.3782222"@"https://www.google.com/maps/place/18%C2%B027'20.0%22N+74%C2%B022'41.6%22E/@18.4555556,74.3782222,925m/data=!3m2!1e3!4b1!4m4!3m3!8m2!3d18.4555556!4d74.3782222?entry=tts&g_ep=EgoyMDI1MDYxNi4wIPu8ASoASAFQAw%3D%3D&skid=40c16ff7-03ec-46fc-8647-50d497ef4d62"
"Protium Finance Limited, Jobner"@"Jobner"@"Rajasthan"@"9:30 AM to 6:30 PM, Monday to Saturday , First and Second Saturdays are holidays"@"8828820004"@"1st Floor, Kalwar Road, Jobner, Rajasthan, 303328."@"26.9750727"@"75.3928272"@"https://www.google.com/maps/place/N.F.+STEEL/@26.9750727,75.3928272,17z/data=!3m1!4b1!4m6!3m5!1s0x396c5cd6a6509217:0x7848492b2b67da14!8m2!3d26.9750727!4d75.3928272!16s%2Fg%2F11kbbsdnw0?entry=tts&g_ep=EgoyMDI1MDYxNi4wIPu8ASoASAFQAw%3D%3D&skid=558d83a2-58a4-4822-82d2-cd6df8d84d1d"
"Protium Finance Limited, Satara"@"Satara"@"Maharashtra"@"9:30 AM to 6:30 PM, Monday to Saturday , First and Second Saturdays are holidays"@"8828820004"@"Office No. 9, 1st Floor, Yashodhan Complex, Opposite Y.C. College, Sadar Bazar, Satara, Maharashtra, 415001."@"17.6852555"@"74.0096199"@"https://www.google.com/maps/place/17%C2%B041'06.1%22N+74%C2%B000'34.2%22E/@17.6852555,74.0096199,15z/data=!4m4!3m3!8m2!3d17.6850278!4d74.0095?entry=tts&g_ep=EgoyMDI1MDYxNi4wIPu8ASoASAFQAw%3D%3D&skid=239851bd-b0ad-4250-b5cb-1288ea69cbd8"
"Protium Finance Limited, Dausa"@"Dausa"@"Rajasthan"@"9:30 AM to 6:30 PM, Monday to Saturday , First and Second Saturdays are holidays"@"8828820004"@"2nd Floor, RK Tower, Near Tiwari Dharamkanta, Opp. Chaudhary Petrol Bunk, Agra Road, Dausa, Rajasthan, 303303."@"26.9007191"@"76.3365755"@"https://www.google.com/maps/place/26%C2%B054'02.6%22N+76%C2%B020'20.9%22E/@26.9007191,76.3365755,17z/data=!3m1!4b1!4m4!3m3!8m2!3d26.9007191!4d76.3391504?entry=tts&g_ep=EgoyMDI1MDYxNi4wIPu8ASoASAFQAw%3D%3D&skid=21609ff7-bff0-46bf-be4e-67c59a598655"
"Protium Finance Limited, Kolhapur"@"Kolhapur"@"Maharashtra"@"9:30 AM to 6:30 PM, Monday to Saturday , First and Second Saturdays are holidays"@"8828820004"@"526, E Ward, 1st Floor, Office No. 2, Tirthraj Enclave, Vyapari Peth, Shahupuri, Kolhapur, Maharashtra, 416001."@"16.7014513"@"74.2393186"@"https://www.google.com/maps/place/Tirthraj+Enclave/@16.7014513,74.2393186,15z/data=!4m6!3m5!1s0x3bc101f15f6e97c5:0x5af44244166d81b2!8m2!3d16.7015378!4d74.2392823!16s%2Fg%2F11fnnpccyg?entry=tts&g_ep=EgoyMDI1MDYxNi4wIPu8ASoASAFQAw%3D%3D&skid=a14ffade-dfc6-4ff7-97cb-81e43cd057e6"
"Protium Finance Limited, Palwal"@"Palwal"@"Haryana"@"9:30 AM to 6:30 PM, Monday to Saturday , First and Second Saturdays are holidays"@"8828820004"@"Tewatia Tower, 2nd Floor, Property No - 6429, GT Road Bypass, (Near Prem Ice Factory), New Colony, Palwal, Haryana, 121102."@"28.136549"@"77.33131"@"https://www.google.com/maps/place/28%C2%B008'11.6%22N+77%C2%B019'52.7%22E/@28.136549,77.33131,859m/data=!3m2!1e3!4b1!4m4!3m3!8m2!3d28.136549!4d77.33131?entry=tts&g_ep=EgoyMDI1MDYxNi4wIPu8ASoASAFQAw%3D%3D&skid=927d70b5-e4f6-4478-907b-afb934144a2d"
"Protium Finance Limited, Panipat"@"Panipat"@"Haryana"@"9:30 AM to 6:30 PM, Monday to Saturday , First and Second Saturdays are holidays"@"8828820004"@"Shop No. 946/8, 1st Floor, Classic Tower, GT Road, Panipat, Haryana, 132103."@"29.390128"@"76.968742"@"https://www.google.com/maps/place/29%C2%B023'24.5%22N+76%C2%B058'07.5%22E/@29.390128,76.968742,17z/data=!3m1!4b1!4m4!3m3!8m2!3d29.390128!4d76.968742?entry=tts&g_ep=EgoyMDI1MDYxNi4wIPu8ASoASAFQAw%3D%3D&skid=6089117d-e517-4b6b-92ac-4d9699cda9c1"
"Protium Finance Limited, Rohtak"@"Rohtak"@"Haryana"@"9:30 AM to 6:30 PM, Monday to Saturday , First and Second Saturdays are holidays"@"8828820004"@"Shop No. 20 B, First Floor, Geeta Complex, Rohtak, Haryana, 124001."@"28.893563"@"76.600306"@"https://www.google.com/maps/place/28%C2%B053'36.8%22N+76%C2%B036'01.1%22E/@28.893563,76.600306,17z/data=!3m1!4b1!4m4!3m3!8m2!3d28.893563!4d76.600306?entry=tts&g_ep=EgoyMDI1MDYxNi4wIPu8ASoASAFQAw%3D%3D&skid=b3f6526c-48ff-42fc-9da6-081990184f04"
"Protium Finance Limited, Meerut"@"Meerut"@"Uttar Pradesh"@"9:30 AM to 6:30 PM, Monday to Saturday , First and Second Saturdays are holidays"@"8828820004"@"Four41st Business Arcade, 3rd Floor, 441/1, University Road, Mangal Pandey Nagar, Near Navjeevan Hospital, Meerut, Uttar Pradesh, 250001."@"N/A"@"N/A"@"https://www.google.com/maps/search/28.968668,+77.735272?entry=tts&g_ep=EgoyMDI1MDcyMy4wIPu8ASoASAFQAw%3D%3D&skid=d276bf73-6b27-49a2-a5b8-3cbf66a585d2"
"Protium Finance Limited, JhunJhunu"@"Jhunjhunu"@"Rajasthan"@"9:30 AM to 6:30 PM, Monday to Saturday , First and Second Saturdays are holidays"@"8828820004"@"1st Floor, Khem Sati Road, Near MG Mall, Jhunjhunu, Rajasthan, 333001."@"N/A"@"N/A"@"https://www.google.com/maps/search/28.128186,+75.410391?entry=tts&g_ep=EgoyMDI1MDcyMy4wIPu8ASoASAFQAw%3D%3D&skid=fb0eed86-ef92-4e00-b2d7-ba836daefa44"
"Protium Finance Limited, Gorakhpur"@"Gorakhpur"@"Uttar Pradesh"@"9:30 AM to 6:30 PM, Monday to Saturday , First and Second Saturdays are holidays"@"8828820004"@"Shop No 25, First Floor, Lotus Tower, Mauja Bashratpur, Medical College Road, Near Shahpur Thana, Gorakhpur, Uttar Pradesh, 273001."@"N/A"@"N/A"@"https://www.google.com/maps/search/26.789138,+83.385687?entry=tts&g_ep=EgoyMDI1MDcyMy4wIPu8ASoASAFQAw%3D%3D&skid=608bfb73-f276-4e09-8ad1-114d88af5f81"
"Protium Finance Limited, Saharanpur"@"Saharanpur"@"Uttar Pradesh"@"9:30 AM to 6:30 PM, Monday to Saturday , First and Second Saturdays are holidays"@"8828820004"@"1st and 2nd Floor, Impiriyal Sahkari Awas Samiti, Near Hassanpur Chowk, Saharanpur, Uttar Pradesh, 247001."@"29.9374734"@"77.5395116"@"https://www.google.com/maps/place/29%C2%B056'14.8%22N+77%C2%B032'22.4%22E/@29.9374734,77.5395116,21z/data=!4m4!3m3!8m2!3d29.937442!4d77.539566?entry=tts&g_ep=EgoyMDI1MDcyMy4wIPu8ASoASAFQAw%3D%3D&skid=40a99deb-158a-4f6e-b4ad-5e49f6a0b0ff"
"Protium Finance Limited, Bhiwani"@"Bhiwani"@"Haryana"@"9:30 AM to 6:30 PM, Monday to Saturday , First and Second Saturdays are holidays"@"8828820004"@"Unit No X-819, Patel Nagar, Opp. Basia Bawan, Beside Canara Bank, Main Hansi Road, Bhiwani, Haryana, 127021."@"28.8048981"@"76.1327686"@"https://www.google.com/maps/place/28%C2%B048'17.6%22N+76%C2%B007'58.6%22E/@28.8048981,76.1327686,21z/data=!4m4!3m3!8m2!3d28.8049!4d76.132933?entry=tts&g_ep=EgoyMDI1MDcyMy4wIPu8ASoASAFQAw%3D%3D&skid=d778ada3-b222-4e3c-ae92-2798bb075a24"
