State,City,Branch,Address
Uttar Pradesh,Varanasi,VARANASI,"ART Housing Finance (India) Limited Office No - D 57/37, Sidhgiribagh, Varanasi, Uttar Pradesh – 221010"
Uttar Pradesh,Prayagraj,PRAYAGRAJ,"ART Housing Finance (India) Limited Shop no.4, Milan Complex 22/30 MG Marg Prayagraj, Uttar Pradesh – 211001"
Uttar Pradesh,Meerut,MEERUT,"ART Housing Finance (India) Limited Office No - Shop no. 206, I - Block, Scheme no. 3 Shri Ram Plaza, Shastri Nagar, Meerut, Uttar Pradesh – 250004"
Uttar Pradesh,Lucknow,LUCKNOW,"ART Housing Finance (India) Limited D-2/104, 01st Floor, Vibhuti Khand, Mantri Awas Road, Gomtinagar, Lucknow, Uttar Pradesh – 226010"
Uttar Pradesh,Kanpur,KANPUR,"ART Housing Finance (India) Limited Office Number - 414, Kan Chamber's Civil Lines, Kanpur - 208011, Uttar Pradesh"
Uttar Pradesh,Agra,AGRA,"ART Housing Finance (India) Limited Office No. 524 A, Corporate Park, Sanjay Place, Agra - 282002"
Delhi NCR,Uttam Nagar,UTTAM NAGAR,"ART Housing Finance (India) Limited A-42/43, Sewak Park, Gram Sabha Near, Dwarka Mor Metro Station, Metro Pillar No. 773, Uttam Nagar, New Delhi – 110059"
Delhi NCR,Pitampura,PITAMPURA,"ART Housing Finance (India) Limited 107, Best Sky Tower, Netaji Subhash Place, Pitampura, Delhi -110034"
Delhi NCR,Mayur Vihar,MAYUR VIHAR,"ART Housing Finance (India) Limited P - 9 & 10, 1st Floor, Pandav Nagar, Mayur Vihar, Phase - 1, New Delhi - 110091,"
Delhi NCR,Gurugram,GURUGRAM,"ART Housing Finance (India) Limited 49, Udyog Vihar, Phase- IV, Gurugram - 122015, Haryana"
Delhi NCR,Ghaziabad,GHAZIABAD,"ART Housing Finance (India) Limited Plot no. C -28, RDC Ghaziabad, Uttar Pradesh – 201002"
Delhi NCR,Faridabad,FARIDABAD,"ART Housing Finance (India) Limited Plot No. 69-71, Shop No. 308, 3rd Floor, Shubham Complex, Opp. Neelam Cinema, Faridabad, Haryana- 121001"
Gujarat,Vapi,VAPI,"ART Housing Finance (India) Limited Shop No. G 20, Plot No. 209, Girnal Khushbu Plaza, Gunjan, GIDC Vapi – 396195, Gujarat"
Gujarat,Surat,SURAT,"ART Housing Finance (India) Limited S 223, Second Floor, Times Square, Opp Landmark Empire, Surat - Kadodara Road, Parvat Patia, Surat, 395010"
Gujarat,Rajkot,RAJKOT,"ART Housing Finance (India) Limited Office no. 401, The Imperia Subhash Road,  Road, Rajkot 360001"
Gujarat,Navsari,NAVSARI,"ART Housing Finance (India) Limited G -3, Umadarshan Arced, AT. Kabilpore, Navsari – 396445"
Gujarat,Junagadh,JUNAGADH,"ART Housing Finance (India) Limited 140, 01st Floor, Central Plaza (GST office building) Near Angan Park, Madhuram, Junagadh, Gujarat- 362001"
Gujarat,Ahmedabad,AHMEDABAD,"ART Housing Finance (India) Limited 706, Opposite Panchwati Appartments, Near Panchwati Circle, Ellis Bridge , Ahmedabad - 380006, Gujarat"
Haryana,Yamuna Nagar,YAMUNA NAGAR,"ART Housing Finance (India) Limited SCO - 179, First Floor, Sector 17, Yamuna Nagar Jagadhri  Haryana - 135003"
Haryana,Rohtak,ROHTAK,"ART Housing Finance (India) Limited 1st Floor, Nr. YES Bank Narain Complex, Sant Nagar, Civil Road,  Rohtak - 124001, Haryana"
Haryana,Panipat,PANIPAT,"ART Housing Finance (India) Limited Office No. 10, Beri Complex, Tau Devi Lal Shopping Complex, Panipat - 132103, Haryana"
Haryana,Kurukshetra,KURUKSHETRA,"ART Housing Finance (India) Limited. S.C.O. No 57-P, Sector 17, Kurukshetra, Haryana - 136118"
Haryana,Kaithal,KAITHAL,"ART Housing Finance (India) Limited 1st Floor, Plot No-95/15, Ashoka Garden Colony, Opp. DC Resi, Karnal Road, Kaithal - 136027, Haryana"
Haryana,Karnal,KARNAL,"ART Housing Finance (India) Limited DSS No. 21, Sector - 8, Karnal - 132001, Haryana"
Madhya Pradesh,Ujjain,UJJAIN,"ART Housing Finance (India) Limited Office no. 310, 3rd Floor, Patidar Tower, 66 Varruchi Marg, Freeganj, Ujjain – 456010"
Madhya Pradesh,Indore,INDORE,"ART Housing Finance (India) Limited Scheme no.54, P.U -4, Commercial A . B Road, 324 Sagun Apartment Indore - 452010"
Madhya Pradesh,Dewas,DEWAS,"ART Housing Finance (India) Limited Plot no. 02, Jawahar Nagar, A B Road, Dewas, Madhya Pradesh – 455001"
Madhya Pradesh,Bhopal,BHOPAL,"ART Housing Finance (India) Limited MM – 12 & 13, B – Block, Mezzanine Floor, Mansarovar Complex, Near Rani Kamlapati Railway Station,"
Maharashtra,Pune,PUNE,"ART Housing Finance (India) Limited Hirabag Business Centre, Plot No. 47A, 02nd Floor, Office No. 221 HBC, Shukrawar Peth, Nr. Subhash Nagar, Pune – 411002"
Maharashtra,Kalyan,KALYAN,"ART Housing Finance (India) Limited Shop No. 4 & 5, Sarvodaya Mall, 2nd Floor, Opp. APMC Market, Kalyan (West), Thane, Kalyan - 421301, Maharashtra"
Maharashtra,Ahmednagar,AHMEDNAGAR,"ART Housing Finance (India) Limited Sai Icon, 95/3, 2nd Floor, Sanmitra Housing, Sawedi Road, Ahmednagar - 414003, Maharashtra"
Rajasthan,Sikar,SIKAR,"ART Housing Finance (India) Limited Shop no. 320-321, 3rd Floor, Bhaskar Mega Mall, Station Road, Opposite City Center Mall, Sikar-332001, Rajasthan."
Rajasthan,Kota,KOTA,"ART Housing Finance (India) Limited 2nd Floor, Pal Tower, Opp. HP Petrol Pump, Gumanpura, Kota - 324007"
Rajasthan,Jodhpur,JODHPUR,"ART Housing Finance (India) Limited OM Saraswati Tower, 2nd floor, OS Motor Gali, Near Bombay Motor Circle, Jodhpur - 342001, Rajasthan"
Rajasthan,Jaipur 2,JAIPUR 2,"ART Housing Finance (India) Ltd. 7A/2 Sanjay Nagar, A Near Joshi Marg, Kalwar Road Jhotwara, Jaipur Rajasthan, Pincode- 302012"
Rajasthan,Jaipur,JAIPUR,"ART Housing Finance (India) Limited Office No - 139, 1st Floor Metro Polise Tower, Near Purani Chungi, Ajmer Road, Jaipur - Rajasthan 302019"
Rajasthan,Bikaner,BIKANER,"ART Housing Finance (India) Limited Shop No. 4, 1st Floor, Chugh Mansion, Opposite DRM Office, Bikaner - 334001, Rajasthan"
Rajasthan,Bhilwara,BHILWARA,"ART Housing Finance (India) Limited S1, Bhandari Tower, Plot C, Pur Road, Near Shakun Electronics, Gandhi Nagar, Bhilwara, Rajasthan – 311001"
Rajasthan,Alwar,ALWAR,"ART Housing Finance (India) Limited Shop No. 99, 1st Floor, Shiv Complex, Dushara Maidan, Alwar - 301001, Rajasthan"
Rajasthan,Ajmer,AJMER,"ART Housing Finance (India) Limited  711/4, 2nd Floor, Opp. Daulat Bagh, KC Complex Ajmer - 305001, Rajasthan"
Haryana,Gurugram,GURUGRAM,"ART HOUSING FINANCE (INDIA) LIMITED 49, Udyog Vihar, Phase- IV, Gurugram - 122015, Haryana Toll Free: 0124-5060981"