State,City/Branch,Address,Embedded Map Link
Maharashtra,AURANGABAD,"Office No. FR-6, Kuber Avenue - B, Rana Nagar, Seven Hill, Jalna Road, Aurangabad, Maharashtra - 431005",https://www.google.com/maps/embed?pb=!1m14!1m12!1m3!1d663.2951391865317!2d75.35498729287238!3d19.87529880124286!2m3!1f0!2f0!3f0!3m2!1i1024!2i768!4f13.1!5e0!3m2!1sen!2sin!4v1617632423455!5m2!1sen!2sin
Maharashtra,KALYAN,"Shop No 1/A, Blue Beary, Mulberry Meadows, Shani Mandir Road, Godrej Hill, West Kalyan, WestThane - 421301",https://www.google.com/maps/embed?pb=!1m18!1m12!1m3!1d2298.010743083641!2d73.12066294024!3d19.235784935480744!2m3!1f0!2f0!3f0!3m2!1i1024!2i768!4f13.1!3m3!1m2!1s0x0%3A0x39792801101dadf6!2sSarvoday+Mall!5e1!3m2!1sen!2sin!4v1560330618952!5m2!1sen!2sin
Maharashtra,Mumbai,"Office no 501, 05th Floor,
South Annexe Tower 2, One World Center,
Senapati Bapat Marg,
Lower Parel,
Mumbai - 400 013",https://www.google.com/maps/embed?pb=!1m18!1m12!1m3!1d3772.293623693911!2d72.83190309999999!3d19.0067789!2m3!1f0!2f0!3f0!3m2!1i1024!2i768!4f13.1!3m3!1m2!1s0x3be7cfd3b0023321%3A0x8e1adfcfce21c494!2sONE%20WORLD%20CENTER!5e0!3m2!1sen!2sin!4v1704954156666!5m2!1sen!2sin
Maharashtra,PUNE,"N Wing 405, Mega Center, Behind Nobel Hospital, Hadapsar, Pune, Maharastra - 411028",https://www.google.com/maps/embed?pb=!1m18!1m12!1m3!1d1891.7754281103214!2d73.92388353984363!3d18.503992990338894!2m3!1f0!2f0!3f0!3m2!1i1024!2i768!4f13.1!3m3!1m2!1s0x3bc2c1f04b884c4f%3A0x1abdd9a03c7dbd28!2sMega%20Center%2C%20Solapur%20Rd%2C%20North%20Hadapsar%2C%20Hadapsar%2C%20Pune%2C%20Maharashtra%20411028!5e0!3m2!1sen!2sin!4v1658416780793!5m2!1sen!2sin
Maharashtra,VIRAR,"Flat No. 104, Shree Sangam, Nr. Kalawati Mandir, M.B. Estate, Behind Woodland Cinema, Virar (W), Maharashtra - 401303",https://www.google.com/maps/embed?pb=!1m17!1m12!1m3!1d3762.039492270352!2d72.80357307426185!3d19.45386404000329!2m3!1f0!2f0!3f0!3m2!1i1024!2i768!4f13.1!3m2!1m1!2zMTnCsDI3JzEzLjkiTiA3MsKwNDgnMjIuMSJF!5e0!3m2!1sen!2sin!4v1731563746009!5m2!1sen!2sin
Karnataka,Athani,"RS No 1234/4, Mali complex, Shivayogi Circle, Opp KEB, Halyal Circle, Athani - 591304, Karnataka.",https://www.google.com/maps/embed?pb=!1m18!1m12!1m3!1d3821.701256604651!2d75.04495861465205!3d16.691826388498853!2m3!1f0!2f0!3f0!3m2!1i1024!2i768!4f13.1!3m3!1m2!1s0x3bc72bcd2dc00579%3A0xf19651abdf28fc9c!2sShri%20Shivayogi%20KMLP%20School.!5e0!3m2!1sen!2sin!4v1644384885575!5m2!1sen!2sin
Karnataka,Belagavi,"CTS No 9511, Shiv Shakti Building, M M Extension, Ward No 54, Belgaum, Karnataka - 590016",https://www.google.com/maps/embed?pb=!1m18!1m12!1m3!1d2092.837046310766!2d74.52264070382586!3d15.841845863385958!2m3!1f0!2f0!3f0!3m2!1i1024!2i768!4f13.1!3m3!1m2!1s0x3bbf67d27dc53433%3A0xf7255c40ceae3613!2sShakti%20Building!5e0!3m2!1sen!2sin!4v1660026813186!5m2!1sen!2sin
Karnataka,BELLARY,"W,No 20, Ts No 650/1B 2nd cross Beside post office, Gandhi Nagar, Bellary, Karnataka -583101",https://www.google.com/maps/embed?pb=!1m17!1m12!1m3!1d2978.585464493694!2d76.93331207378907!3d15.152829985401645!2m3!1f0!2f0!3f0!3m2!1i1024!2i768!4f13.1!3m2!1m1!2zMTXCsDA5JzEwLjIiTiA3NsKwNTYnMDkuMiJF!5e1!3m2!1sen!2sin!4v1755003114285!5m2!1sen!2sin
Karnataka,Bhalki,"#5-9-236, IV-2, Beside Urban Co-Operative Bank, Bhalki, Karnataka - 585328",https://www.google.com/maps/embed?pb=!1m17!1m12!1m3!1d3793.4337281944595!2d77.22257607422563!3d18.051465083337163!2m3!1f0!2f0!3f0!3m2!1i1024!2i768!4f13.1!3m2!1m1!2zMTjCsDAzJzA1LjMiTiA3N8KwMTMnMzAuNSJF!5e0!3m2!1sen!2sin!4v1742360310461!5m2!1sen!2sin
Karnataka,Bidar,"Door No 8-10-191, 2nd floor Patil complex, above IDFC first Bharath Bank, Ganesh maidan,  District - Bidar, Karnataka - 585401",https://www.google.com/maps/embed?pb=!1m17!1m12!1m3!1d3796.3398701176557!2d77.51257007422227!3d17.91629508735516!2m3!1f0!2f0!3f0!3m2!1i1024!2i768!4f13.1!3m2!1m1!2zMTfCsDU0JzU4LjYiTiA3N8KwMzAnNTQuNSJF!5e0!3m2!1sen!2sin!4v1739880048376!5m2!1sen!2sin
Karnataka,CHANNAGIRI,"D No.3872, Marulasiddeswara Complex, N H-13, Near Areca Hotel, Chitradurga Road, Channagiri, Davanagere, Karnataka - 577213",https://www.google.com/maps/embed?pb=!1m17!1m12!1m3!1d3870.9860840894544!2d75.92792407413863!3d14.018839191056857!2m3!1f0!2f0!3f0!3m2!1i1024!2i768!4f13.1!3m2!1m1!2zMTTCsDAxJzA3LjgiTiA3NcKwNTUnNDkuOCJF!5e0!3m2!1sen!2sin!4v1720157802052!5m2!1sen!2sin
Karnataka,CHANNARAYAPATNA,"#52, Nethaji Road near Ganapathi Pendal, Channarayapatna town, Channarayapatna, District -Hassan, Karnataka - 573116",https://www.google.com/maps/embed?pb=!1m17!1m12!1m3!1d3889.0612943595033!2d76.3884710741192!3d12.903780216363494!2m3!1f0!2f0!3f0!3m2!1i1024!2i768!4f13.1!3m2!1m1!2zMTLCsDU0JzEzLjYiTiA3NsKwMjMnMjcuOCJF!5e0!3m2!1sen!2sin!4v1758521777749!5m2!1sen!2sin
Karnataka,Chikodi,"CTS No 3991,3992,3993,3994, 2nd Floor, Aman Complex, Main KC Road, Chikodi, Karnataka - 591201.",https://www.google.com/maps/embed?pb=!1m18!1m12!1m3!1d2242.9074648716905!2d74.58054268058366!3d16.42620301338209!2m3!1f0!2f0!3f0!3m2!1i1024!2i768!4f13.1!3m3!1m2!1s0x3bc0ea0293f66785%3A0x8bc925d693bb7f85!2sAman%20Digital%20%26%20Graphics!5e0!3m2!1sen!2sin!4v1644244378709!5m2!1sen!2sin
Karnataka,CHITRADURGA,"1st floor, Mathrushree Complex H L K Road Near K G I D Office, Chitradurga, Karnataka - 577501",https://www.google.com/maps/embed?pb=!1m17!1m12!1m3!1d3867.549555406893!2d76.3874410741424!3d14.221133186256345!2m3!1f0!2f0!3f0!3m2!1i1024!2i768!4f13.1!3m2!1m1!2zMTTCsDEzJzE2LjEiTiA3NsKwMjMnMjQuMSJF!5e0!3m2!1sen!2sin!4v1723005761303!5m2!1sen!2sin
Karnataka,DAVANAGERE,"D No.330, 5th Ward, 7th Division, Dikshit Road, K B Extension, Near Ganesh Temple, Davanagere - 577002",https://www.google.com/maps/embed?pb=!1m17!1m12!1m3!1d3863.35233942623!2d75.92083437414706!3d14.464446280397553!2m3!1f0!2f0!3f0!3m2!1i1024!2i768!4f13.1!3m2!1m1!2zMTTCsDI3JzUyLjAiTiA3NcKwNTUnMjQuMyJF!5e0!3m2!1sen!2sin!4v1720157491830!5m2!1sen!2sin
Karnataka,Gangavathi,"OPP: INDIAN PETROL PUMP, GANGAVATHI, KARNATAKA-583227",https://www.google.com/maps/embed?pb=!1m18!1m12!1m3!1d1018.652522044885!2d76.5344369623664!3d15.43486813295068!2m3!1f0!2f0!3f0!3m2!1i1024!2i768!4f13.1!3m3!1m2!1s0x0%3A0x4001d7088b68114!2zMTXCsDI2JzA3LjIiTiA3NsKwMzInMDYuMSJF!5e0!3m2!1sen!2sin!4v1665215344921!5m2!1sen!2sin
Karnataka,Gokak,"CTS No 4490/B Hiremath Building, Byalikata Road, Guruvar peth, Near Shunya Sampadan Math, Gokak, Karnataka - 591307.",https://www.google.com/maps/embed?pb=!1m18!1m12!1m3!1d3832.0114670696507!2d74.82488931513276!3d16.1683589888198!2m3!1f0!2f0!3f0!3m2!1i1024!2i768!4f13.1!3m3!1m2!1s0x0%3A0x9fe5c12522a1dc35!2zMTbCsDEwJzA2LjEiTiA3NMKwNDknMzcuNSJF!5e0!3m2!1sen!2sin!4v1643706398922!5m2!1sen!2sin
Karnataka,HAVERI,"No 3336/7A Hangal Road, 
District - Haveri,
Karnataka - 581110 
Landmark: Beside KSRTC Bus Stand",https://www.google.com/maps/embed?pb=!1m17!1m12!1m3!1d3857.6777008698095!2d75.39424907415331!3d14.787175172483435!2m3!1f0!2f0!3f0!3m2!1i1024!2i768!4f13.1!3m2!1m1!2zMTTCsDQ3JzEzLjgiTiA3NcKwMjMnNDguNiJF!5e0!3m2!1sen!2sin!4v1757912483117!5m2!1sen!2sin
Karnataka,Hospet,"beside trends line & Above Shiridi Sai tailor, Hospet taluk, Vijayanagar district-583201",https://www.google.com/maps/embed?pb=!1m18!1m12!1m3!1d962.2134142498259!2d76.38117992913772!3d15.275774493058313!2m3!1f0!2f0!3f0!3m2!1i1024!2i768!4f13.1!3m3!1m2!1s0x0%3A0xc672ad5beb125896!2zMTXCsDE2JzMyLjgiTiA3NsKwMjInNTQuMiJF!5e0!3m2!1sen!2sin!4v1662815382206!5m2!1sen!2sin
Karnataka,Humanabad,"TMC No 22-405/1, Opp Canara Bank Sohail complex Building, 2nd Floor, Gulbarga Road Humnabad, Karnataka – 585330",https://www.google.com/maps/embed?pb=!1m17!1m12!1m3!1d2938.6100509734397!2d77.1182190738637!3d17.772181983182083!2m3!1f0!2f0!3f0!3m2!1i1024!2i768!4f13.1!3m2!1m1!2zMTfCsDQ2JzE5LjkiTiA3N8KwMDcnMTQuOSJF!5e1!3m2!1sen!2sin!4v1751870120970!5m2!1sen!2sin
Karnataka,KADUR,"No 419 U B Road Kadur (T), Opposite LIC Office,  District - Chikkamangalore,Kadur, Karnataka - 577548",https://www.google.com/maps/embed?pb=!1m17!1m12!1m3!1d3878.7899501613338!2d76.01119007413014!3d13.548473201970527!2m3!1f0!2f0!3f0!3m2!1i1024!2i768!4f13.1!3m2!1m1!2zMTPCsDMyJzU0LjUiTiA3NsKwMDAnNDkuNiJF!5e0!3m2!1sen!2sin!4v1720157861084!5m2!1sen!2sin
Karnataka,Kalburgi,"CMC, 3-295/TF/4 of Gajipur, 3RD Floor, Sri Sumadhur complex, Near central mall, Gajipurchakkar Katta road, Gulbarga (Kalburgi), Karnataka - 585101",https://www.google.com/maps/embed?pb=!1m18!1m12!1m3!1d8070.390038173307!2d76.83053568856921!3d17.32920322593659!2m3!1f0!2f0!3f0!3m2!1i1024!2i768!4f13.1!3m3!1m2!1s0x0%3A0xc1d85799fb9b2a83!2zMTfCsDE5JzQ3LjAiTiA3NsKwNTAnMDMuNSJF!5e0!3m2!1sen!2sin!4v1674046588603!5m2!1sen!2sin
Karnataka,KOTTURU,"No 4/72-73 Sri Sailakshmi sankirnna 1st Floor, Main Road kotturu, Karnataka - 583134",https://www.google.com/maps/embed?pb=!1m17!1m12!1m3!1d2983.13733163728!2d76.22375007378056!3d14.826063985687462!2m3!1f0!2f0!3f0!3m2!1i1024!2i768!4f13.1!3m2!1m1!2zMTTCsDQ5JzMzLjgiTiA3NsKwMTMnMzQuOCJF!5e1!3m2!1sen!2sin!4v1752824894383!5m2!1sen!2sin
Karnataka,KRISHNARAJANAGARA,"14/74, Patel Complex, 1st Floor, 14th Ward, 7th Road, K R Nagara town, Near Karnataka Bank, Mysore Dist, Karnataka -571602",https://www.google.com/maps/embed?pb=!1m17!1m12!1m3!1d3013.4586053943985!2d76.379472073724!3d12.43713098783127!2m3!1f0!2f0!3f0!3m2!1i1024!2i768!4f13.1!3m2!1m1!2zMTLCsDI2JzEzLjciTiA3NsKwMjInNTUuNCJF!5e1!3m2!1sen!2sin!4v1755002926263!5m2!1sen!2sin
Karnataka,KUNIGAL,"SLN Complex, Ward No 2, Mallaghatta, Mavinakatte, BM Road, Near LIC Office, Kunigal, District - Tumkur, Karnataka - 572130",https://www.google.com/maps/embed?pb=!1m17!1m12!1m3!1d3887.137051557533!2d77.04071407412121!3d13.026943213664413!2m3!1f0!2f0!3f0!3m2!1i1024!2i768!4f13.1!3m2!1m1!2zMTPCsDAxJzM3LjAiTiA3N8KwMDInMzUuOCJF!5e0!3m2!1sen!2sin!4v1758951200939!5m2!1sen!2sin
Karnataka,MUDDEBIHAL,"No 181/2/67, Guraddi Complex 1st Floor, Maruti Nagar, Opp police station Main Road Muddebihal, Karnataka -586212",https://www.google.com/maps/embed?pb=!1m17!1m12!1m3!1d730.3056799230044!2d76.12936823003169!3d16.348642570769467!2m3!1f0!2f0!3f0!3m2!1i1024!2i768!4f13.1!3m2!1m1!2zMTbCsDIwJzU2LjIiTiA3NsKwMDcnNDUuNyJF!5e1!3m2!1sen!2sin!4v1757590500152!5m2!1sen!2sin
Karnataka,Mudhol,"CTS No. 4035/61, Teli Complex, First Floor, Ward No. 5, Maharaja Colony, Mudhol District – Bagalkot, Karnataka - 587313",https://www.google.com/maps/embed?pb=!1m17!1m12!1m3!1d3828.889565664751!2d75.28563307418534!3d16.328586032444438!2m3!1f0!2f0!3f0!3m2!1i1024!2i768!4f13.1!3m2!1m1!2zMTbCsDE5JzQyLjkiTiA3NcKwMTcnMTcuNiJF!5e0!3m2!1sen!2sin!4v1739879384782!5m2!1sen!2sin
Karnataka,Rabakavi,"Ground floor, Gurukrupa Nilaya, Basavanagar 2nd Cross, Near new bustand, beside ICICI bank Teradal road Rabakavi - 587314",https://www.google.com/maps/embed?pb=!1m17!1m12!1m3!1d3825.9432670533824!2d75.1001960741887!3d16.47841012835586!2m3!1f0!2f0!3f0!3m2!1i1024!2i768!4f13.1!3m2!1m1!2zMTbCsDI4JzQyLjMiTiA3NcKwMDYnMTAuMCJF!5e0!3m2!1sen!2sin!4v1736147411226!5m2!1sen!2sin
Karnataka,Raichur,"Shop No 4, Ground Floor, Athnor Paradise, 
Basaveshwar Colony, Lingasur Road, Raichur - 584101",https://www.google.com/maps/embed?pb=!1m18!1m12!1m3!1d3831.25637823558!2d77.33426831408127!3d16.20725414003092!2m3!1f0!2f0!3f0!3m2!1i1024!2i768!4f13.1!3m3!1m2!1s0x0%3A0x9046cfa291ef26fd!2zMTbCsDEyJzI2LjEiTiA3N8KwMjAnMTEuMyJF!5e0!3m2!1sen!2sin!4v1660114817073!5m2!1sen!2sin
Karnataka,SEDAM,"Shop no 05, Khan Complex, Behind ICICI bank, Opp: Taluka Panchayat Main Road, Sedam, District – Gulbarga, Karnataka - 585222",https://www.google.com/maps/embed?pb=!1m17!1m12!1m3!1d2948.1972944025547!2d77.27924107384578!3d17.179419983672748!2m3!1f0!2f0!3f0!3m2!1i1024!2i768!4f13.1!3m2!1m1!2zMTfCsDEwJzQ1LjkiTiA3N8KwMTYnNTQuNSJF!5e1!3m2!1sen!2sin!4v1756453753793!5m2!1sen!2sin
Karnataka,Shahpur,"TMC NO:7-9/1, 7-9/1 A,B,C,D,E 7-9/1/B/1, Near KSRTC Bus Stand, Opp: Karantaka Bank, Bidar- Bangalore Main Road, Shapura, Karnataka - 585223",https://www.google.com/maps/embed?pb=!1m17!1m12!1m3!1d3821.444231882494!2d76.83803979999999!3d16.7046722!2m3!1f0!2f0!3f0!3m2!1i1024!2i768!4f13.1!3m2!1m1!2zMTbCsDQyJzE2LjQiTiA3NsKwNTAnMTYuOSJF!5e0!3m2!1sen!2sin!4v1681302220081!5m2!1sen!2sin
Karnataka,SHIVAMOGGA,"1st Floor, Sri Adishakthi Towers, LLR Road, Opp Mylar Building, Shivamogga, Karnataka - 577201",https://www.google.com/maps/embed?pb=!1m17!1m12!1m3!1d3872.364804396924!2d75.56758007413721!3d13.936871192983698!2m3!1f0!2f0!3f0!3m2!1i1024!2i768!4f13.1!3m2!1m1!2zMTPCsDU2JzEyLjciTiA3NcKwMzQnMTIuNiJF!5e0!3m2!1sen!2sin!4v1729233539934!5m2!1sen!2sin
Karnataka,SINDAGI,"No 27701/1 BM Patil Complex 1st Floor, 
Ward No 10, Ilager Badavane Main Road Vijayapura, Sindgi, Karnataka – 586128",https://www.google.com/maps/embed?pb=!1m17!1m12!1m3!1d2912.784929450865!2d76.223367073757!3d16.903659983903303!2m3!1f0!2f0!3f0!3m2!1i1024!2i768!4f13.1!3m2!1m1!2zMTbCsDU0JzEzLjIiTiA3NsKwMTMnMzMuNCJF!5e1!3m2!1sen!2sin!4v1757923012878!5m2!1sen!2sin
Karnataka,Sindhanur,"Shop No 5-5-399/15,16 1st Floor, Sri Ranga buildings, Kustagi Road, Opp: SLV Hotel, Sindhanur - 584128",https://www.google.com/maps/embed?pb=!1m18!1m12!1m3!1d3839.7139136075793!2d76.737654614429!3d15.766266451674504!2m3!1f0!2f0!3f0!3m2!1i1024!2i768!4f13.1!3m3!1m2!1s0x0%3A0x629a053745cbc522!2zMTXCsDQ1JzU4LjUiTiA3NsKwNDQnMjMuNCJF!5e0!3m2!1sen!2sin!4v1661508745577!5m2!1sen!2sin
Andhra Pradesh,ADDANKI,"D No: 31-231/1, SBI Road, Abhyudaya Nagar, Revenue Ward No: 4, Near NTR Degree College, Addanki Town, District - Bapatla, Andhra Pradesh - 523201",https://www.google.com/maps/embed?pb=!1m17!1m12!1m3!1d3838.9059927259914!2d79.97486607417409!3d15.808910146356174!2m3!1f0!2f0!3f0!3m2!1i1024!2i768!4f13.1!3m2!1m1!2zMTXCsDQ4JzMyLjEiTiA3OcKwNTgnMzguOCJF!5e0!3m2!1sen!2sin!4v1725536443593!5m2!1sen!2sin
Andhra Pradesh,ADONI,"D No: 15/160A,  Halvis ABCS Complex, Near G.H Road, Revenue Ward: 15, Adoni, District - Kurnool, Andhra Pradesh - 518301",https://www.google.com/maps/embed?pb=!1m17!1m12!1m3!1d3842.419574450592!2d77.26803207417021!3d15.622630151240804!2m3!1f0!2f0!3f0!3m2!1i1024!2i768!4f13.1!3m2!1m1!2zMTXCsDM3JzIxLjUiTiA3N8KwMTYnMTQuMiJF!5e0!3m2!1sen!2sin!4v1725540835373!5m2!1sen!2sin
Andhra Pradesh,AMALAPURAM,"D No: 7-2-71, Second Floor, Yarramilli Vari Street, Revenue Ward No: 9, Near Green Land Hotel, Amalapuram East Godavari District - 533201",https://www.google.com/maps/embed?pb=!1m16!1m12!1m3!1d61184.32276854088!2d81.98996978367381!3d16.57549223961355!2m3!1f0!2f0!3f0!3m2!1i1024!2i768!4f13.1!2m1!1sD%20NO.%207-2-21%2C%20second%20floor%2C%20Yarra%20Milli%20Vari%20Street%2C%20Amalapuram%2C%20East%20Godavari%2C%20Andhra%20Pradesh%20-%20533201!5e0!3m2!1sen!2sin!4v1596869709046!5m2!1sen!2sin
Andhra Pradesh,ANAKAPALLI,"GKM Plaza, First Floor, D No: 10-20-5, beside Canara Bank, Opp NTR Market Yard, Ring Road, Anakapalli - 531001",https://www.google.com/maps/embed?pb=!1m18!1m12!1m3!1d3801.141583915529!2d83.01313551419189!3d17.690770498642145!2m3!1f0!2f0!3f0!3m2!1i1024!2i768!4f13.1!3m3!1m2!1s0x3a3970e095fec2d3%3A0x1338ed39d2eda2f1!2sNTR%20Market%20Yard!5e0!3m2!1sen!2sin!4v1606807208368!5m2!1sen!2sin
Andhra Pradesh,ANANTAPUR,"D No: 6-4-743, Venkatrao Nagar, Revenue Ward No: 6, Anantapur, Andhra Pradesh - 515001",https://www.google.com/maps/embed?pb=!1m17!1m12!1m3!1d3859.758339796988!2d77.58558107415095!3d14.669651175384253!2m3!1f0!2f0!3f0!3m2!1i1024!2i768!4f13.1!3m2!1m1!2zMTTCsDQwJzEwLjciTiA3N8KwMzUnMTcuNCJF!5e0!3m2!1sen!2sin!4v1729233612934!5m2!1sen!2sin
Andhra Pradesh,ATMAKUR,"D No: 3/1/3/2-3, Lakshman Rao Palli, Atmakur, District - Nellore, Andhra Pradesh - 524322",https://www.google.com/maps/embed?pb=!1m17!1m12!1m3!1d3860.4677889269446!2d79.61946807415022!3d14.62936717637362!2m3!1f0!2f0!3f0!3m2!1i1024!2i768!4f13.1!3m2!1m1!2zMTTCsDM3JzQ1LjciTiA3OcKwMzcnMTkuNCJF!5e0!3m2!1sen!2sin!4v1723023226977!5m2!1sen!2sin
Andhra Pradesh,BADVEL,"Door No:10-1-266/1,2 ,Mydukur Main road, Current office Opp, Amma hospital be side, Badvel, District -Y.S.R, Andhra Pradesh - 516227",https://www.google.com/maps/embed?pb=!1m17!1m12!1m3!1d3858.525943789009!2d79.05461707415233!3d14.739373173665964!2m3!1f0!2f0!3f0!3m2!1i1024!2i768!4f13.1!3m2!1m1!2zMTTCsDQ0JzIxLjciTiA3OcKwMDMnMjUuOSJF!5e0!3m2!1sen!2sin!4v1731563225146!5m2!1sen!2sin
Andhra Pradesh,BAPATLA,"H NO: 8-3-35, Ground Floor, Beside Anjaneya swamy Temple Suryalanka Road, Bapatla, Andhrapradesh - 522101",https://www.google.com/maps/embed?pb=!1m18!1m12!1m3!1d3837.144597363917!2d80.46639786421122!3d15.901493798136435!2m3!1f0!2f0!3f0!3m2!1i1024!2i768!4f13.1!3m3!1m2!1s0x3a4a3f9d0b3d30f5%3A0x7147f418bd58c34!2sAnjaneya%20Swamy%20Temple%2C%20Maddiboinavaripalem%2C%20Bapatla%2C%20Andhra%20Pradesh%20522101!5e0!3m2!1sen!2sin!4v1648793897835!5m2!1sen!2sin
Andhra Pradesh,BHIMAVARAM,"D No. 22-2-113, Second Floor, P. P. Road Revenue, Ward No. 4, Opp. Reliance Super Market, Bhimavaram, West Godavari - 534201",https://www.google.com/maps/embed?pb=!1m16!1m12!1m3!1d3824.621152506341!2d81.52303171434248!3d16.545212930901684!2m3!1f0!2f0!3f0!3m2!1i1024!2i768!4f13.1!2m1!1sD%20No.%2022-2-113%2C%20second%20floor%2C%20ward%20no.%204%2C%20opp.%20Reliance%20Supermarket%2C%20Bhimavaram%2C%20W%20G%20District%2C%20Andhra%20Pradesh%20%E2%80%93%20534201!5e0!3m2!1sen!2sin!4v1575613305594!5m2!1sen!2sin
Andhra Pradesh,Bobbili,"D.No.13-57/1, Rama takies center, Opp Venugopala Swamy Temple, Bobbili, Vizianagar Dist - 535558",https://www.google.com/maps/embed?pb=!1m18!1m12!1m3!1d3781.998029210641!2d83.35474981392768!3d18.57412758737784!2m3!1f0!2f0!3f0!3m2!1i1024!2i768!4f13.1!3m3!1m2!1s0x3a3b9b38af348ea9%3A0x3eaf274826d53465!2sBalaji%20Electronics%2C%20Bobbili!5e0!3m2!1sen!2sin!4v1612345721784!5m2!1sen!2sin
Andhra Pradesh,CHITTOR,"H.No.5-665, Situated at, Aragonda road, Chittoor town, within the Municipal limits of Chittoor, District - Chittoor, Andhra Pradesh - 517001",https://www.google.com/maps/embed?pb=!1m17!1m12!1m3!1d3883.9460207448396!2d79.09227207412466!3d13.228704209191273!2m3!1f0!2f0!3f0!3m2!1i1024!2i768!4f13.1!3m2!1m1!2zMTPCsDEzJzQzLjMiTiA3OcKwMDUnNDEuNSJF!5e0!3m2!1sen!2sin!4v1733125045715!5m2!1sen!2sin
Andhra Pradesh,DHARMAVARAM,"D No: 25/575-8 ,ICK Puram, Block -1,Yerraguntta Circle Bangalore Road, PO& Mdl : Dharmavaram, District - Anantapur, Andra Pradesh - 515671",https://www.google.com/maps/embed?pb=!1m17!1m12!1m3!1d3864.5408781029582!2d77.70376907414574!3d14.395955182056113!2m3!1f0!2f0!3f0!3m2!1i1024!2i768!4f13.1!3m2!1m1!2zMTTCsDIzJzQ1LjQiTiA3N8KwNDInMjIuOCJF!5e0!3m2!1sen!2sin!4v1725541109060!5m2!1sen!2sin
Andhra Pradesh,DHONE,"D No: 25-32, Kondapeta, Revenue Ward: 25, Dhone, District - Kurnool, Andhra Pradesh - 518222",https://www.google.com/maps/embed?pb=!1m17!1m12!1m3!1d3846.6931081971647!2d77.86780207416541!3d15.393098157185399!2m3!1f0!2f0!3f0!3m2!1i1024!2i768!4f13.1!3m2!1m1!2zMTXCsDIzJzM1LjEiTiA3N8KwNTInMTMuNCJF!5e0!3m2!1sen!2sin!4v1731563576835!5m2!1sen!2sin
Andhra Pradesh,ELURU,"D No. 25-11-5, 2nd Floor rear portion, Sri Ratna Mansion N. R. Pet, Alla Nani Street, Near Hotel Grand Arya, Fire Station Centre, Eluru, West Godavari - 534006",https://www.google.com/maps/embed?pb=!1m16!1m12!1m3!1d3821.337960426948!2d81.09137801434454!3d16.709980726386846!2m3!1f0!2f0!3f0!3m2!1i1024!2i768!4f13.1!2m1!1sD%20No.%2025-11-5%20%2C%202nd%20Floor%2C%20Sri%20Ratna%20Mansion%2C%20N%20R%20Pet%2C%20Alla%20Nanai%20Street%2C%20Near%20Hotel%20Grand%20Arya%2C%20Eluru%2C%20Andhra%20Pradesh%20%E2%80%93%20534006!5e0!3m2!1sen!2sin!4v1570104198158!5m2!1sen!2sin
Andhra Pradesh,GANNAVARAM,"D.NO.1-57, 2nd Floor, Above Mannapuram Gold Loans Office, Dhavajigudem Road, Gannavaram Town, Krishna District, Andhra Pradesh - 521101",https://www.google.com/maps/embed?pb=!1m17!1m12!1m3!1d3824.691859756244!2d80.80374167419006!3d16.541646926619727!2m3!1f0!2f0!3f0!3m2!1i1024!2i768!4f13.1!3m2!1m1!2zMTbCsDMyJzI5LjkiTiA4MMKwNDgnMjIuNyJF!5e0!3m2!1sen!2sin!4v1729234035592!5m2!1sen!2sin
Andhra Pradesh,GUNTAKAL,"D No: 7-274/-B-21,Alur Road, Dwaraka Nagar, inters 1st building, Po& Mdl : Guntakal, Dist.: Anantapur, Andhra Pradesh-515801",https://www.google.com/maps/embed?pb=!1m17!1m12!1m3!1d3851.0077120043056!2d77.36836407416065!3d15.157921163191036!2m3!1f0!2f0!3f0!3m2!1i1024!2i768!4f13.1!3m2!1m1!2zMTXCsDA5JzI4LjUiTiA3N8KwMjInMTUuNCJF!5e0!3m2!1sen!2sin!4v1725541046607!5m2!1sen!2sin
Andhra Pradesh,HINDUPUR,"D No: Door No.5/7/19B,Hindupur, Under the Municipality of Hindupur town, District - Anantapuram, Andhra Pradesh - 515201",https://www.google.com/maps/embed?pb=!1m17!1m12!1m3!1d3874.2827257088406!2d77.49669007413509!3d13.822054195665016!2m3!1f0!2f0!3f0!3m2!1i1024!2i768!4f13.1!3m2!1m1!2zMTPCsDQ5JzE5LjQiTiA3N8KwMjknNTcuNCJF!5e0!3m2!1sen!2sin!4v1731563283689!5m2!1sen!2sin
Andhra Pradesh,JAGGAMPETA,"Shop No: 4 & 5, 2nd Floor,Kandula & Koduri complex, opp: Chaitanya Techno School, Jaggampeta -533435",https://www.google.com/maps/embed?pb=!1m17!1m12!1m3!1d3811.8875564172213!2d82.06122007420456!3d17.175680108871422!2m3!1f0!2f0!3f0!3m2!1i1024!2i768!4f13.1!3m2!1m1!2zMTfCsDEwJzMyLjQiTiA4MsKwMDMnNDkuNyJF!5e0!3m2!1sen!2sin!4v1714635072490!5m2!1sen!2sin
Andhra Pradesh,KADIRI,"D No: 14/225-F-1C, Ananthapur Road, Revenue Ward No: 8, Kadiri, Andhra Pradesh - 515591",https://www.google.com/maps/embed?pb=!1m17!1m12!1m3!1d3869.211529766043!2d78.15241807414061!3d14.123654188577627!2m3!1f0!2f0!3f0!3m2!1i1024!2i768!4f13.1!3m2!1m1!2zMTTCsDA3JzI1LjEiTiA3OMKwMDknMTguMCJF!5e0!3m2!1sen!2sin!4v1725541157368!5m2!1sen!2sin
Andhra Pradesh,KAKINADA,"D No. 19-1-100/1, Second Floor, Cinema Road, Near Mayuri Theatre, Revenue Ward No:13, Kakinada, West, Godavari - 533001",https://www.google.com/maps/embed?pb=!1m16!1m12!1m3!1d3816.4695166793!2d82.23456031434759!3d16.951440119694425!2m3!1f0!2f0!3f0!3m2!1i1024!2i768!4f13.1!2m1!1sD%20No.%2019-1-100%2F1%2C%20R%20K%2C%20%20second%20floor%2C%20Cinema%20Road%2C%20Near%20Mayuri%20Theatre%2C%20Kakinada%20%2CEast%20Godavari%20District%2C%20%20Andhra%20Pradesh%20%E2%80%93%20533001!5e0!3m2!1sen!2sin!4v1578293802986!5m2!1sen!2sin
Andhra Pradesh,Kavali,"Flat No 202, Sai Teja towers, Santhi Nagar, opp R S R Kalyana mandapam, Kavali, Nellore - 524201",https://www.google.com/maps/embed?pb=!1m18!1m12!1m3!1d3855.6667820110747!2d79.98966551432346!3d14.899899673667441!2m3!1f0!2f0!3f0!3m2!1i1024!2i768!4f13.1!3m3!1m2!1s0x3a4b7c0c0229307d%3A0xfd713241596b276b!2sSai%20Teja%20Towers!5e0!3m2!1sen!2sin!4v1632549977203!5m2!1sen!2sin
Andhra Pradesh,KURNOOL,"D No: 51/14-MLV-1F-13, First Floor, MLV Complex, Opp Current Office, Near Bus Stand, Revenue Ward No: 51, Karnool, Andhra Prdesh -518003",https://www.google.com/maps/embed?pb=!1m17!1m12!1m3!1d3838.6044753424358!2d78.0214380741745!3d15.82479614593709!2m3!1f0!2f0!3f0!3m2!1i1024!2i768!4f13.1!3m2!1m1!2zMTXCsDQ5JzI5LjMiTiA3OMKwMDEnMjYuNSJF!5e0!3m2!1sen!2sin!4v1729233461250!5m2!1sen!2sin
Andhra Pradesh,MACHHALIPATNAM,"D No:23/15 to 17,3rd Floor, Sri Manikanta Claassy, Krishna District, Machilipatnam - 521001",https://www.google.com/maps/embed?pb=!1m18!1m12!1m3!1d3221.9526436259926!2d81.13840004177128!3d16.1911613942428!2m3!1f0!2f0!3f0!3m2!1i1024!2i768!4f13.1!3m3!1m2!1s0x3a49e7bddc7be61f%3A0x2e6eda3032c8a1de!2sSri%20Manikanta%20Tiles%2CGranites%20%26%20Marbles!5e0!3m2!1sen!2sin!4v1617858125714!5m2!1sen!2sin
Andhra Pradesh,MADANAPALLE,"D No: 14-520, Barma Street-1, Revenue Ward No: 14, Madanapalle, Andhra Pradesh - 517325",https://www.google.com/maps/embed?pb=!1m17!1m12!1m3!1d3878.7242303799417!2d78.5059340741303!3d13.552501201878517!2m3!1f0!2f0!3f0!3m2!1i1024!2i768!4f13.1!3m2!1m1!2zMTPCsDMzJzA5LjAiTiA3OMKwMzAnMzAuNiJF!5e0!3m2!1sen!2sin!4v1725540887534!5m2!1sen!2sin
Andhra Pradesh,Naidupeta,"D No: 3-3-204, Agraharapupeta, L A Sagaram, Naidupeta, Nellore District, Nellore, Andhra Pradesh - 524126.",https://www.google.com/maps/embed?pb=!1m18!1m12!1m3!1d3872.8498762393483!2d79.88696531431316!3d13.907919997404903!2m3!1f0!2f0!3f0!3m2!1i1024!2i768!4f13.1!3m3!1m2!1s0x3a4d1b6d391ed0cf%3A0x20a3c0514f9a248e!2sBASHA%20AGENCIES%20%2FBASHA%20PAINTS%20%26%20TILES%20AND%20TATA%20TISCON%20STEEL!5e0!3m2!1sen!2sin!4v1632550039287!5m2!1sen!2sin
Andhra Pradesh,NALLAJERALA,"D No: 5-132, Main Road, Opp: SBI, Nallajerala, East Godavari District, Andhra Pradesh, Pin Code: 534112",https://www.google.com/maps/embed?pb=!1m17!1m12!1m3!1d3816.4851497299474!2d81.40815407419932!3d16.950670115241145!2m3!1f0!2f0!3f0!3m2!1i1024!2i768!4f13.1!3m2!1m1!2zMTbCsDU3JzAyLjQiTiA4McKwMjQnMzguNiJF!5e0!3m2!1sen!2sin!4v1720157282105!5m2!1sen!2sin
Andhra Pradesh,NANDIGAMA,"D.No.27-2/1, Sri Ram Nagar, Near Venkateswara Swamy Arch, Ramannapeta Road, Nandigama Town, District - NTR, Andhra Pradesh - 521185",https://www.google.com/maps/embed?pb=!1m17!1m12!1m3!1d3820.0714771050575!2d80.27811407419526!3d16.773119120212137!2m3!1f0!2f0!3f0!3m2!1i1024!2i768!4f13.1!3m2!1m1!2zMTbCsDQ2JzIzLjIiTiA4MMKwMTYnNTAuNSJF!5e0!3m2!1sen!2sin!4v1731563429428!5m2!1sen!2sin
Andhra Pradesh,NANDYAL,"Door No.25/684-432-1 Sy.No.657/2 Padmavathinagar, Moolasagaram village, Nandyal, Nandyal Dist Andhra Pradesh - 518501",https://www.google.com/maps/embed?pb=!1m17!1m12!1m3!1d3845.0809162248515!2d78.48101407416719!3d15.480079154942326!2m3!1f0!2f0!3f0!3m2!1i1024!2i768!4f13.1!3m2!1m1!2zMTXCsDI4JzQ4LjMiTiA3OMKwMjknMDAuOSJF!5e0!3m2!1sen!2sin!4v1733139530815!5m2!1sen!2sin
Andhra Pradesh,NARASARAOPET,"First floor, D.No.6-3-269, Mallamma center, Above LVB Bank, Sattenapalli road, Opp: Kanyaka parameswari temple, Narasaraopet - 522601",https://www.google.com/maps/embed?pb=!1m18!1m12!1m3!1d7661.410070144541!2d80.05423849736951!3d16.235596926679605!2m3!1f0!2f0!3f0!3m2!1i1024!2i768!4f13.1!3m3!1m2!1s0x3a4a80e21074de53%3A0x8c271bd344a56cb3!2sLakshmi%20Vilas%20Bank!5e0!3m2!1sen!2sin!4v1632549953804!5m2!1sen!2sin
Andhra Pradesh,NARSIPATNAM,"D No: 117, Second Floor, Balaji Complex, Saradha Nagar, Balighattam Village, Narsipatnam, District - Anakapalli, Andhra Pradesh – 531116",https://www.google.com/maps/embed?pb=!1m17!1m12!1m3!1d3801.78541668368!2d82.61309767421606!3d17.660319394887058!2m3!1f0!2f0!3f0!3m2!1i1024!2i768!4f13.1!3m2!1m1!2zMTfCsDM5JzM3LjEiTiA4MsKwMzYnNTYuNCJF!5e0!3m2!1sen!2sin!4v1720157658852!5m2!1sen!2sin
Andhra Pradesh,Nellore,"D.No 29-12-197-2, First Floor, Raju Complex, Ward No 26, Mini Bye Pass Road, BV Nagar, Near GVRR College,AK Nagar Post, Nellore - 524004",https://www.google.com/maps/embed?pb=!1m18!1m12!1m3!1d3864.307972241825!2d79.96134361483799!3d14.40940178992454!2m3!1f0!2f0!3f0!3m2!1i1024!2i768!4f13.1!3m3!1m2!1s0x3a4cf3747166fe55%3A0xb5d5a3a4b54a69c5!2sTVP%20car%20kit!5e0!3m2!1sen!2sin!4v1625491882563!5m2!1sen!2sin
Andhra Pradesh,NIDADAVOLE,"Door No : 3-10-5/1, Bommaganti Vari Veedhi, Opposite Sriram Murthy Hospital, Ramnagar, Nidadavole, East Godavari District, Andhra Pradesh – 534301",https://www.google.com/maps/embed?pb=!1m17!1m12!1m3!1d3817.2913408592804!2d81.66990507419843!3d16.910915116358378!2m3!1f0!2f0!3f0!3m2!1i1024!2i768!4f13.1!3m2!1m1!2zMTbCsDU0JzM5LjMiTiA4McKwNDAnMjAuOSJF!5e0!3m2!1sen!2sin!4v1743499211115!5m2!1sen!2sin
Andhra Pradesh,PALAMANER,"H.No.11-474/1  (PTIN No. 1117004246) M.B.T. Road, Palamaner town, within the Municipal limits of Palamaner, Dist. Chittoor, Andhra Pradesh - 517408",https://www.google.com/maps/embed?pb=!1m17!1m12!1m3!1d3884.3892958789093!2d78.74465107412418!3d13.20085820981242!2m3!1f0!2f0!3f0!3m2!1i1024!2i768!4f13.1!3m2!1m1!2zMTPCsDEyJzAzLjEiTiA3OMKwNDQnNTAuMCJF!5e0!3m2!1sen!2sin!4v1733122557406!5m2!1sen!2sin
Andhra Pradesh,PALASA,"D NO:  15-27A, OPP: STATE BANK OF INDIA, SUBHADRA NAGAR, WARD-14, PALASAKASIBUGGA-532222.",https://www.google.com/maps/embed?pb=!1m17!1m12!1m3!1d3777.778977180532!2d84.41686507424359!3d18.763407061713377!2m3!1f0!2f0!3f0!3m2!1i1024!2i768!4f13.1!3m2!1m1!2zMTjCsDQ1JzQ4LjMiTiA4NMKwMjUnMTAuMCJF!5e0!3m2!1sen!2sin!4v1714634992277!5m2!1sen!2sin
Andhra Pradesh,PENDURTHI,"Shop NO: 307, 3rd Floor, Sri Venkateswara complex, Chanukyanagar, Chinamushidiwada, Pendurthi, Visakhapatnam -530051",https://www.google.com/maps/embed?pb=!1m17!1m12!1m3!1d3798.7674734603397!2d83.20696807421952!3d17.802622090712287!2m3!1f0!2f0!3f0!3m2!1i1024!2i768!4f13.1!3m2!1m1!2zMTfCsDQ4JzA5LjQiTiA4M8KwMTInMzQuNCJF!5e0!3m2!1sen!2sin!4v1714635146152!5m2!1sen!2sin
Andhra Pradesh,PRODDATUR,"DOOR NO:6-852-1, Up First Floor, Gandhi Road, Near BGR Hospital, Proddatur, District - YSR, Andhra Pradesh -516360",https://www.google.com/maps/embed?pb=!1m17!1m12!1m3!1d3858.365540574766!2d78.54478807415252!3d14.748424173442368!2m3!1f0!2f0!3f0!3m2!1i1024!2i768!4f13.1!3m2!1m1!2zMTTCsDQ0JzU0LjMiTiA3OMKwMzInNTAuNSJF!5e0!3m2!1sen!2sin!4v1738578252596!5m2!1sen!2sin
Andhra Pradesh,RAJAHMUNDRY,"D No 6-3-13/2, First Floor,Challapally Vari Street, T Nagar, Rajamundhry, East Godavari, Andhra Pradesh - 533101",https://www.google.com/maps/embed?pb=!1m18!1m12!1m3!1d3815.5730446582047!2d81.7703513140921!3d16.995539118462943!2m3!1f0!2f0!3f0!3m2!1i1024!2i768!4f13.1!3m3!1m2!1s0x0%3A0xf05e864e046fc8f!2zMTbCsDU5JzQzLjkiTiA4McKwNDYnMjEuMSJF!5e0!3m2!1sen!2sin!4v1672479795202!5m2!1sen!2sin
Andhra Pradesh,RAJAM,"D.No: 15-4-41, Revenue ward no-8,Cheepurupalli Road, Rajam -532127",https://www.google.com/maps/embed?pb=!1m17!1m12!1m3!1d3784.8117463127533!2d83.6504536742355!3d18.44685467142371!2m3!1f0!2f0!3f0!3m2!1i1024!2i768!4f13.1!3m2!1m1!2zMTjCsDI2JzQ4LjciTiA4M8KwMzknMTAuOSJF!5e0!3m2!1sen!2sin!4v1714634868581!5m2!1sen!2sin
Andhra Pradesh,RAJAMPET,"Door No: 3-87-1A ,Main Road,Mannuru ,Beside Thota Kalyana Mandapam,Near Tirumala Steel & Cement, Rajampet, Andhra Pradesh - 516115",https://www.google.com/maps/embed?pb=!1m17!1m12!1m3!1d3867.8178960002792!2d79.14388207414216!3d14.205438686631085!2m3!1f0!2f0!3f0!3m2!1i1024!2i768!4f13.1!3m2!1m1!2zMTTCsDEyJzE5LjYiTiA3OcKwMDgnNDcuMyJF!5e0!3m2!1sen!2sin!4v1733139582150!5m2!1sen!2sin
Andhra Pradesh,RAMACHANDRAPURAM,"D No: 28-2-3/4, 2nd Floor, Draksharama Road,Revenue ward No-7,Ramachandrapuram, DR.B.R.Ambedkar Konaseema District, AP -533255",https://www.google.com/maps/embed?pb=!1m17!1m12!1m3!1d3818.8982497177058!2d82.03323507419663!3d16.8314031185857!2m3!1f0!2f0!3f0!3m2!1i1024!2i768!4f13.1!3m2!1m1!2zMTbCsDQ5JzUzLjAiTiA4MsKwMDInMDguOSJF!5e0!3m2!1sen!2sin!4v1714635503124!5m2!1sen!2sin
Andhra Pradesh,RAVULAPALEM,"Door No : 2-371, First Floor, Rohini Apartment, Shop No.D4, Banana Market Yard Road, Ravulapalem Manadalam, Dr. B R Ambedkar Konaseema District, Andhra Pradesh – 533238",https://www.google.com/maps/embed?pb=!1m17!1m12!1m3!1d3820.4243769208465!2d81.83592907419487!3d16.75554912070144!2m3!1f0!2f0!3f0!3m2!1i1024!2i768!4f13.1!3m2!1m1!2zMTbCsDQ1JzIwLjAiTiA4McKwNTAnMTguNiJF!5e0!3m2!1sen!2sin!4v1748680271329!5m2!1sen!2sin
Andhra Pradesh,RAYACHOTY,"Door No:498-2-Arajula Colony, T.Sundupalli & Rajampet Road, Dwakra Office, Chennamukkapalle, Rayachoty, District - Annamayya, Andhra Pradesh - 516269",https://www.google.com/maps/embed?pb=!1m17!1m12!1m3!1d3870.3037335580752!2d78.75950507413941!3d14.059233190103424!2m3!1f0!2f0!3f0!3m2!1i1024!2i768!4f13.1!3m2!1m1!2zMTTCsDAzJzMzLjIiTiA3OMKwNDUnNDMuNSJF!5e0!3m2!1sen!2sin!4v1736147798162!5m2!1sen!2sin
Andhra Pradesh,RAYDURGAM,"JRS Colony, Near RTC Depo, Anantapur Road, Raydurgam, Andhra Pradesh - 515865",https://www.google.com/maps/embed?pb=!1m17!1m12!1m3!1d3859.30152377877!2d76.85561947415145!3d14.695532974747282!2m3!1f0!2f0!3f0!3m2!1i1024!2i768!4f13.1!3m2!1m1!2zMTTCsDQxJzQzLjkiTiA3NsKwNTEnMjkuNSJF!5e0!3m2!1sen!2sin!4v1733122430362!5m2!1sen!2sin
Andhra Pradesh,REPALLE,"D No: 2-3-128, Revenue Ward No: 2, Repalle, District - Bapatla, Andhra Pradesh - 522265",https://www.google.com/maps/embed?pb=!1m17!1m12!1m3!1d3834.8047738276314!2d81.83804507417871!3d16.02367514065771!2m3!1f0!2f0!3f0!3m2!1i1024!2i768!4f13.1!3m2!1m1!2zMTbCsDAxJzI1LjIiTiA4McKwNTAnMjYuMiJF!5e0!3m2!1sen!2sin!4v1720157409415!5m2!1sen!2sin
Andhra Pradesh,SRIKAKULAM,"Plot no 33, 1st Floor, Peddapadu Road Vishaka B colony, Near State bank of India, Ramalaxmana Branch, Srikakulam - 532001",https://www.google.com/maps/embed?pb=!1m16!1m12!1m3!1d3787.9402227278274!2d83.90954091436572!3d18.304341680529905!2m3!1f0!2f0!3f0!3m2!1i1024!2i768!4f13.1!2m1!1sAPAC%20Financial%20Services%20Private%20Limited%20Plot%20No.%2034%20%2C%20Peddapadu%20road%2C%20Vishaka%20A%20Colony%2C%20Near%20SBI%20Branch%2C%20Srikakulam%2C%20Andhra%20Pradesh%20-532001!5e0!3m2!1sen!2sin!4v1594703835902!5m2!1sen!2sin
Andhra Pradesh,SRIKALAHASTI,"Door No. 7-243, Kothapeta, Beside Indian Overseas Bank, Near Old Bus Stand, Srikalahasti, Andhra Pradesh - 517644",https://www.google.com/maps/embed?pb=!1m17!1m12!1m3!1d3875.42152128177!2d79.70242207413386!3d13.75343519725761!2m3!1f0!2f0!3f0!3m2!1i1024!2i768!4f13.1!3m2!1m1!2zMTPCsDQ1JzEyLjQiTiA3OcKwNDInMTguMCJF!5e0!3m2!1sen!2sin!4v1731576041027!5m2!1sen!2sin
Andhra Pradesh,TANUKU,"Sri Manikanta Towers, D No: 33-1-126/3, Second Floor, OPP Town Hall, Main Road, Rashtrapati Road, Tanuku, District - West Godavari, Andhra Pradesh - 534211",https://www.google.com/maps/embed?pb=!1m17!1m12!1m3!1d3820.4183141758203!2d81.68056407419489!3d16.75585112069306!2m3!1f0!2f0!3f0!3m2!1i1024!2i768!4f13.1!3m2!1m1!2zMTbCsDQ1JzIxLjEiTiA4McKwNDAnNTkuMyJF!5e0!3m2!1sen!2sin!4v1733139779288!5m2!1sen!2sin
Andhra Pradesh,TEKKALI,"D No.3-152 A, Beside Bandhan Bank, Rotary Nagar, Temburu Road, Tekkali, District - Srikakulam, Andhra Pradesh – 532201",https://www.google.com/maps/embed?pb=!1m17!1m12!1m3!1d2924.611410579252!2d84.22557707388984!3d18.60486198250504!2m3!1f0!2f0!3f0!3m2!1i1024!2i768!4f13.1!3m2!1m1!2zMTjCsDM2JzE3LjUiTiA4NMKwMTMnNDEuNCJF!5e1!3m2!1sen!2sin!4v1752559284191!5m2!1sen!2sin
Andhra Pradesh,Tenali,"D No. 11-1-13, Opp bank off india, Anumola complex, Chenchupet, Guntur district, Tenali - 522202",https://www.google.com/maps/embed?pb=!1m18!1m12!1m3!1d7661.240635553!2d80.64147262064036!3d16.239947705102423!2m3!1f0!2f0!3f0!3m2!1i1024!2i768!4f13.1!3m3!1m2!1s0x3a4a06015511e97f%3A0x648d793d0a62f471!2zQmFuayBPZiBJbmRpYSDgsKzgsY3gsK_gsL7gsILgsJXgsYEg4LCG4LCr4LGNIOCwh-CwguCwoeCwv-Cwr-Cwvg!5e0!3m2!1sen!2sin!4v1613322216968!5m2!1sen!2sin
Andhra Pradesh,TIRUVURU,"D. NO.9-25, Jai bavi Center, Nadimi Tiruvuru, Tiruvuru Town, District - NTR, Andhra Pradesh - 521235",https://www.google.com/maps/embed?pb=!1m17!1m12!1m3!1d3813.205772062044!2d80.60485807420307!3d17.111459110697393!2m3!1f0!2f0!3f0!3m2!1i1024!2i768!4f13.1!3m2!1m1!2zMTfCsDA2JzQxLjIiTiA4MMKwMzYnMjYuOCJF!5e0!3m2!1sen!2sin!4v1731563368337!5m2!1sen!2sin
Andhra Pradesh,TUNI,"D No. 17-11, First Floor, Musalim Veedhi, Opp: Chitra Mandir Theatre, Payarakaropeta,Tuni, Vishakhapatnam - 531126",https://www.google.com/maps/embed?pb=!1m16!1m12!1m3!1d3808.031080116081!2d82.54744471435292!3d17.362237408101112!2m3!1f0!2f0!3f0!3m2!1i1024!2i768!4f13.1!2m1!1sD%20No%2017-11%2C%20First%20floor%2Copp%20Chitra%20Mandir%20Theatre%2C%20Payakaraopet%2CAvishakapatnam%2C%20Tuni%20%2C%20Andhra%20Pradesh%20-%20531126!5e0!3m2!1sen!2sin!4v1586945233960!5m2!1sen!2sin
Andhra Pradesh,Venkatagiri,"D No: 5-143, Railway Station Road, Revenue Ward-5,
Venkatagiri, Tirupati District, Andhra Pradesh - 524132.",https://www.google.com/maps/embed?pb=!1m18!1m12!1m3!1d3772.293623693911!2d72.83190309999999!3d19.0067789!2m3!1f0!2f0!3f0!3m2!1i1024!2i768!4f13.1!3m3!1m2!1s0x3be7cfd3b0023321%3A0x8e1adfcfce21c494!2sONE%20WORLD%20CENTER!5e0!3m2!1sen!2sin!4v1704954156666!5m2!1sen!2sin
Andhra Pradesh,VENKATAGIRIKOTA,"1st floor, Hanumepalli, Venkatagirikota G.P & mandal, District - Chittoor, Andhra Pradesh - 517424",https://www.google.com/maps/embed?pb=!1m17!1m12!1m3!1d3887.515400121365!2d78.49056807412086!3d13.002817214195035!2m3!1f0!2f0!3f0!3m2!1i1024!2i768!4f13.1!3m2!1m1!2zMTPCsDAwJzEwLjEiTiA3OMKwMjknMzUuMyJF!5e0!3m2!1sen!2sin!4v1731563503639!5m2!1sen!2sin
Andhra Pradesh,VINUKONDA,"D. NO.23-49,50,1st Floor, Above 99 Baloons, Revenue Ward No:9, Gunti Anjaneyaswamy temple Bazar, Near Kasireddy Hospital, Vinukonda Town, Palnadu District, Andhra Pradesh - 522647",https://www.google.com/maps/embed?pb=!1m17!1m12!1m3!1d3834.265431823046!2d79.73707707417935!3d16.051710139908586!2m3!1f0!2f0!3f0!3m2!1i1024!2i768!4f13.1!3m2!1m1!2zMTbCsDAzJzA2LjEiTiA3OcKwNDQnMjIuOCJF!5e0!3m2!1sen!2sin!4v1729229653661!5m2!1sen!2sin
Andhra Pradesh,VIZIANAGARAM,"Door No : 17-11-12a, First Floor, Jeeyar Complex, Kota Junction, Vizianagaram, District - Vizianagaram, Andhra Pradesh – 535001",https://www.google.com/maps/embed?pb=!1m17!1m12!1m3!1d3792.153267321163!2d83.4097310742271!3d18.11071208156729!2m3!1f0!2f0!3f0!3m2!1i1024!2i768!4f13.1!3m2!1m1!2zMTjCsDA2JzM4LjYiTiA4M8KwMjQnNDQuMyJF!5e0!3m2!1sen!2sin!4v1755520119976!5m2!1sen!2sin
