Branch Name@Address
Alambagh Branch@565-KA/68, Amrudhi Bagh, Sringar Nagar, Alambagh, Lucknow, Uttar Pradesh, 226005
Amarpur Nain Branch@Pravin Kumar Panwar S/O Lt. Shri Rajkumar Panwar, Village - Amarpur Nain, Paragana & Tehsi...
Ambala Branch@5369/2A, Punjabi Mohalla, Ambala Cantt., Haryana, 133001
Ambehta Branch@House No.688/15, Near Bus Stand, Main Road, Ambetha, Saharanpur, Uttar Pradesh, 247340
Ansari Road Branch@13/1207, Ansari Road, Saharanpur, Uttar Pradesh, 247001
Bahudeen Branch@Arvind Kumar S/O Hiranand, Mohalla - Neemtala, Paragana - Gangoh, Tehsil - Nakur, Gangoh,...
Balaghat Branch@W/O Swroop Lal Goyal 170 Ward No 08 Garra, Balaghat, Madhya Pradesh-481001
Barsi Branch@Barsi,Pargana,Nakud, Gangoh,Saharanpur,Uttar Pradesh -247452
Bengaluru Branch@Upper Ground Floor, Plot No. 802, 12th Cross road, 27th Main, Sector-1, HSR Layout, Bengal...
Bhagwanpur Branch@Village Bhagwanpur Ambetha Chand Aht , Saharanpur,Uttar Pradesh - 247451
Chennai Branch@Ground Floor, Abdul Wahab Chambers. No. 11 (Old No. 4), Adyar Bridge Road, Adyar, Chennai,...
Chilkana Road Branch@Near Gyan Garden Colony, Chilkana Road, Saharanpur, Uttar Pradesh, 247001
Daid Naur Branch@Daidnoar, Badgoan, Kerhere, Gangoh, Saharanpur, Uttar Pradesh- 247341
Dehradun Branch@59/3, Sai Kripa, Ground Floor, Rajpur Road, Dehradun, Uttarakhand, 248001
Deoband Branch@Plot No-780, Subhash Chowk, Railway Road, Deoband, Saharanpur, Uttar Pradesh, 247554
Dewas Branch@8, Tarani Colony, A.B. Road, Near Hotel Abhilasha, Dewas, Madhya Pradesh, 455001
Dhar Branch@Plot No-112, MG Road, Chota Rajwada, Dhar, Madhya Pradesh, 454001
Dindori Branch@RTO Office Ke Samne Ward No 1 Subkhar, Dindori, Madhya Pradesh -481880
Dugchadi Branch@S/O Nanpal Singh, Dugchadri Malkpur Road, Pargana, Dugchari - 247554
Fathepur Deoband Branch@Dharamveer S/O Kushala, Village - Fatehpur Urf Sanpla Divda, Paragana & Tehsil - Deoband,...
Gandhi Nagar Branch@Ground Floor-830, Main Road Gandhi Nagar, East Delhi, Delhi, New Delhi, Delhi, 110031
Gangoh Branch@Rambagh Road, Gangoh, Saharanpur, Uttar Pradesh, 247341
Ghaziabad Branch@204/370, Ground Floor, Opp Nehru Yuva Kendra, ICICI Bank, Ambedkar Road, Ghaziabad, Uttar...
Hakikat Nagar Branch@Nr. Old Sales Tax Office, Hakikat Nagar, Saharanpur, Uttar Pradesh, 247001
Hapur Branch@W - 29/73(1), Opposite Collector Ganj, Railway Road, Hapur, Uttar Pradesh, 245101
Haridwar Branch@Plot No 1 & 2, Ground Floor, New Haridwar Colony, Ranipur More, Haridwar, Uttarakhand, 249...
Hathras Branch@Tehra Mahamaya Nagar Kalwari,Tehra,Hathras, Uttar Pradesh-204101
Hoshangabad Branch@Kamal Fincap Pvt Ltd. Phase 2, House no 48, shree rang colony,budhwara road, budhwara panc...
Hyderabad Branch@Plot No. 8/A, Road No. 2/5 & 2 Jubilee Hills, Near More Supermarket, Hyderabad, 500033
Indirapuram Branch@GH-5, Nirala Eden Park, Ahinsha Khand-2, Indirapuram, Ghaziabad, Uttar Pradesh – 201014
Indore Branch@6, Jagjivan Ram Nagar, Main Road, Patnipura Chauraha, Indore, Madhya Pradesh, 452011
Jagrauli Branch@Anand Kumar S/O Kala, Village - Jagrauli, Paragana & Tehsil - Rampur Maniharan, Saharanpur...
Jind Branch@Rjkumar Shastri House 1St Floore Emplise Colony Bharat Nagar Gali No 1 Ke Samne Guhana Bay...
Kallarpur Gujjar Branch@Village Kallarpur Gujjar Rampur, Saharanpur, Uttar Pradesh - 247451
Karnal Branch@Shop No 29-30-31-32, GF Super Mall, Plot No SM 1, Sector 12, Karnal, Haryana,132001
Khargone Branch@73, Jawahar Nagar, Khargone, Madhya Pradesh, 451001
Khatauli Branch@Ward No. 8, Ganeshpuri, G.T. Road, Khatauli, Muzaffarnagar, Uttar Pradesh, 251201
Kurukshetra Branch@43 Ladwa Road Pipli Near Central Bank Of India Kurukshetra, Haryana- 136131
Madho Nagar Branch@Ground Floor, 1546 A/6, New Madho Nagar, Saharanpur, Uttar Pradesh, 247001
Mawana Branch@2422-2423, Hastinapur, Near Subhash Chowk, Mawana, Meerut, Uttar Pradesh, 250401
Meerut Branch@C-2/6, Naisadak, Shastri Nagar, Garh Road, Meerut, Meerut, Uttar Pradesh, 250001
Meerut Delhi Road Branch@Shop No. 32, South & North Part, Delhi Road, Meerut, Uttar Pradesh, 250002
Meghnagar Branch@Kamal Fincap Pvt Ltd. Nearby HP petrol puMadhya Pradesh, jhabua road,agral, Meghnagar, Mad...
Moh Ikram Branch@Moh Ikram, Near Delhi Road, Rampur, Maniharan, Saharanpur, Uttar Pradesh - 247451
Mumbai Branch@Shop no-G-119, Ground Floor, Highland Corporate Centre, Maji Wada, Thane West, Mumbai, Mah...
Muzaffarnagar Branch@Ground Floor 311, South Bhopa Road, Opposite LIC Office, Nai Mandi, Muzaffarnagar, Uttar P...
Nagal Branch@G.T. Road, Nagal, Saharanpur, Uttar Pradesh, 247551
Nainkhera Branch@Sandeep Kumar S/O Shiv Kumar, Village - Nainkhera, Paragana & Tehsil - Rampur Maniharan,...
Nanauta Branch@Gangoh-Deoband Road, Opposite Nagar Panchayat, Nanauta, Saharanpur, Uttar Pradesh, 247452
Narnaul Branch (BC Centre)@Kamal Fincap Pvt. Ltd, House Number 143, Near Natkhatschool, Moti Nagar, Narnaul, Haryana-...
Pilkhani Branch@Arun Kumar S/O Pramod, Vill. - Pilkhani, Paragana & Tehsil - Rampur Maniharan, Pahansu, Sa...
Pratapgarh Branch@Kamal fincap pvt ltd R K Restaurent k Side me Thanagaji road pratapgarh, Rajasthan- 301027
Pune Branch@Upper Ground floor, 1022 Modi Tower, Tilak Road, Swargate, Pune, Maharashtra, 411002
Rampur Branch@Near Old PNB Building Moh. Mahajanan, Rampur Maniharan, Saharanpur, Uttar Pradesh, 247451
Roorkee Branch@Ground Floor, Khasra No. 489 M, 492/2 M, 491 M, 498 M, Ganeshpur, Malviya Chowk, Roorkee,...
Sardhana Branch@567-569, Chaudhary Market, Near Union Bank, Binoli Road, Sardhana, Meerut, Uttar Pradesh,...
Sarsawa Branch@51 & 53, Gayatri Market, Ambala Road, Main Market, Opposite Punjab Sindh Bank, Sarsawa, Ut...
Satna Branch@Gali No. 14/15, Sankarshnam Building, Rajendra Nagar Chitrakut Ashram, Satna, Madhya Prade...
Sector 135 Noida Branch@WA 68 Upper GF,Near Shriram Millenium School, Sector 135, Noida, Gautam Buddha Nagar, Utta...
Sector 18 Noida Branch@B- 9, Ground Floor, Sector 18, Noida, Gautam Buddha Nagar, Uttar Pradesh, 201301
Sector 45 Noida Branch@SDA-8, Sector-45, Noida, Gautam Buddha Nagar, Uttar Pradesh, 201303
Shamli Branch@99/2, V.V.Internal College Road, Shamli, Uttar Pradesh, 247776
Sharda Nagar Branch@1/1245 Wake Mohalla, Khalasi Line, Sharda Nagar, Saharanpur, Uttar Pradesh, 247001
Sironj Branch@Near By New Government Hospital Hill City Colony Gram Malsipur Post Chitawar Tej Sironj ,...
Sitapur Branch@Kamal Fincap Pvt Ltd. Kanwa kheda marg Sitapur kanwa khera Hanumat colony valmik ashram ne...
Surat Branch@Shop No- 21, Ground Floor, Western Arena, Nr. Madhuvan Circle, Surat, Gujarat, 395009
Talheri Khurd Branch@Talheri Khurd, Deoband, Saharanpure,Uttar Pradesh - 247554
Talupura Branch@Rampur Maniharan Dehat, Saharanpur,Uttar Pradesh-247451
Tatahedi  Branch@Aalim S/O Sharif, Village - Totaheri, Paragana - Gangoh, Tehsil Nakur, Saharanpur, Uttar P...
Thokkarpur Branch@Ghanshyam S/o Rehtu Lal, Village - Issarpur Thokarpur ,Pargana & Tehsil Deoband, District...
Tidauli Branch@Mubarik S/O Alim, Village - Tidauli, Gangoh Road, Paragana & Tehsil - Nakur,Saharanpur, Ut...
Tikamgarh Branch@Dumrau Office Near BJP Karyala, Tikamgarh, Madhya Pradesh - 472111
Tipra Branch@Shobhit Walia S/O Satyapal Walia, Village - Tipra, Paragana & Tehsil - Rampur Maniharan, S...
Ujjain Branch@37, Ujjain Trade Centre, Ghatkarpar Marg, Near BJP Office, Freeganj, Madhya Pradesh, 45600...
Umaria Pan Branch@H. No. 1362 Umariya Pan Sihora Road Mohan Chourasiya Building Panumariya,Katni, Dhimarkhed...
Vikas Nagar Branch@1/175 Sector-1, Near Shiv Murti, Vikas Nagar, Lucknow, Uttar Pradesh, 226022
Yamuna Nagar Branch@Bhatia Tower, Upper Ground Floor, 392 West Bhatia Nagar Model Town, Yamuna Nagar, Haryana,...
