state,city,branch,address,latitude,longitude
CHHATTISGARH,Ambikapur,Ambikapur,"Ground Floor, Ward No- 12, Anand Complex, Ring Road, Ambikapur, District Surguja,",23.114462,83.206606
CHHATTISGARH,Baloda Bazar,BALODA BAZAR,"PLOT NO.-285, GROUND FLOOR, LUCKY COMPLEX, SHOP NO.-3, LAWAN ROAD, BALODA BAZAR, DISTT.-BALODA BAZAR",21.656736,82.174377
Chhattisgarh,Bemetara,Bemetara,"Ground Floor, Khasra No. 1423/5, Ward No. 10, Near Govt. College, Raipur Road, Bemetara",21.69766,81.546484
CHHATTISGARH,Bhilai,BHILAI,"PLOT NO. 14, BLOCK NO.-21, FIRST FLOOR, ABOVE SHARADHA MOTORS, IN FRONT OF GE ROAD, DAKSHIN GANGOTRI, SUPELA, BHILAI, DISTT.-DURG",21.2060125,81.3442478
CHHATTISGARH,Bilaspur,BILASPUR,"H. NO.-22, GAURAV TOWER P, FIRST FLOOR, MOUZA, near INCOME TAX OFFICE, Talapara, Vypar Vihar, Bilaspur",22.0681598,77.266428
CHHATTISGARH,Dhamtari,DHAMTARI,"GULMOHAR HEIGHTS, SHOP NO.-12, GROUND FLOOR, KHASRA NO.-402, HOUSING BOARD COLONY, HATKESHWAR, DHAMTARI, DISTT.-DHAMTARI",20.714366,81.534274
CHHATTISGARH,Janjgir Champa,Janjgir Champa,"First Floor, Near Dream Point Hotel, Champa Road, Dist-Janjgir Champa",22.016482,82.597535
CHHATTISGARH,Kanker,Kanker,"First Floor, Above Bank Of Maharashtra, In Front Of Cspdl Colony, Kanker",20.28268,81.485017
CHHATTISGARH,Kawardha,KAWARDHA,"FIRST FLOOR, VARDHMAN COMPLEX, WARD NO. 24, NEAR HOTEL MOHINI PALACE, RAIPUR ROAD, TEHSIL-KAWARDHA",22.001081,81.238802
CHHATTISGARH,Korba,KORBA,"PLOT NO.-1B/A, INDIRA COMMERCIAL & RESIDENTIAL CENTRE COMPLEX, FIRST FLOOR, NEAR POWER HOUSE ROAD, TRANSPORT NAGAR, KORBA, DISTT.-KORBA",22.358109,82.708171
CHHATTISGARH,Mahasamund,Mahasamund,"First Floor, Kunal Complex, In Front Of Dcb Bank, Raipur Road, Kharora, Mahasamund",21.119559,82.078547
CHHATTISGARH,Mungeli,MUNGELI,"FIRST FLOOR, OPPOSITE OF ELECTRICITY OFFICE, PANDARIYA MARG, MUNGELI, DISTT.-MUNGELI",22.067203,81.674687
Chhattisgarh,Pithora,Pithora,"Khasra No. 908/7, Ground Floor, Near Hanuman Temple, Lahrod Padav, Tehsil Pithora, District Mahasamund",21.25606,82.509797
CHHATTISGARH,Raigarh,RAIGARH,"ADITYA BUSINESS PARK, 405, FOURTH FLOOR, OPPOSITE ICICI BANK, NEAR CARMEL SCHOOL, DHIMRAPUR ROAD, JAGATPUR, RAIGARH, DISTT.-RAIGARH",21.905332,83.392205
CHHATTISGARH,Raipur,RAIPUR,"ROSHAN HEIGHTS, FIRST FLOOR, BHATAGAON, RING ROAD-1, RAIPUR, DISTT.-RAIPUR",21.220513,81.619777
CHHATTISGARH,Raipur Lalpur,RAIPUR LALPUR,"ISHANYA TOWER, KHA. NO.-427/8, THIRD FLOOR, P.H. NO.-114/45, NEW 70AT RAVINDRA NATH TAGORE WARD, VILL.-TIKRAPURA, RAIPUR, DISTT.-RAIPUR",21.211439,81.664209
CHHATTISGARH,Rajnandgaon,RAJNANDGAON,"PLOT NO.-9, INFRONT OF JIVAN REKHA HOSPITAL, WARD NO.-45, MAHESH NAGAR, BASANTPUR ROAD, KAURIN BHATA, RAJNANDGAON, DISTT.-RAJNANDGAON",21.084083,81.021397
CHHATTISGARH,Saraipali,Saraipali,"HOUSE NO.-24, GROUND FLOOR, OPPOSITE TEHSIL OFFICE, BUS STAND ROAD, WARD NO.-12, SARAIPALI, DISTT.- MAHASAMUND",21.314805,82.987919
DELHI,Azadpur,AZADPUR,"PLOT NO.-93, SHOP NO.-A-26 & A-27, FIRST FLOOR, KHASRA NO.-877/1, & 1049/1, VILLAGE-RAMGARH, GT KARNAL ROAD, JAHANGIR PURI, DELHI",28.729808,77.159945
DELHI,Faridabad,FARIDABAD,"BEARING NO.-83, OFFICE NO.-401, FOURTH FLOOR, NEAR SSB TRAINING CENTER RAILWAY ROAD, NH-5, NIT, FARIDABAD, DISTT.-FARIDABAD",28.404206,77.306727
Delhi,Janakpuri,Janakpuri,"1st Floor, WZ-2A Om Vihar, Phase 1, Metro Pillar no. 706, Uttam Nagar, New Delhi",28.6213407,77.0486951
DELHI,Laxmi Nagar,LAXMI NAGAR,"A-1/89, RAJA TOWER, SECOND FLOOR, ABOVE CANARA BANK, GURUNANAK PURA, LAXMI NAGAR",28.636588,77.285235
DELHI,Pataudi,PATAUDI,"FIRST FLOOR, NEAR PATHFINDER GLOBAL SCHOOL, BILASPUR ROAD, PATAUDI, DISTT.-GURUGRAM",28.332905,76.773076
GUJARAT,Ahmedabad Narol,AHMEDABAD NAROL,"RADHE KISHAN BUSINESS PARK, OFFICE NO.-608-612, SIX FLOOR, BLOCK- B-1, OPP. HP PETROL PUMP, NAROL ISANPUR HIGHWAY, AHMEDABAD",22.974589,72.593246
GUJARAT,Ahmedabad Satellite,AHMEDABAD SATELLITE,"408, FOURTH FLOOR, SIGMA ICON, OPP. MEDILINK HOSPITAL, 132 RING ROAD, SHYMAL, AHMEDABAD",23.0173422,72.5249012
GUJARAT,Amreli,AMRELI,"S-5 & S-18, SECOND FLOOR, MEGA MALL, ZILLA PANCHAYAT MAIN ROAD, NEAR OLD MARKET YARD, AMRELI",21.602878,71.217552
GUJARAT,Anand,ANAND,"RUDRA INFINIUM”, OFFICE NO.-201, SECOND FLOOR, NEAR RELIANCE FRESH, OPP. DHAN LAXMI TOWER, GRID-INDIRA STATUE ROAD, ANAND, DISTT.-ANAND",22.560703,72.947575
GUJARAT,Bardoli,BARDOLI,"OFFICE NO. U-6, AMAR PLAZA, SURAT DHULIYA ROAD, OPPOSITE BUS STAND, BARDOLI",21.115352,73.106828
GUJARAT,Baroda,BARODA,"OFFICE NO. A-238, SECOND FLOOR, K 10 BUILDING, SARABHAI ROAD, NEAR GENDA CIRCLE, VADODARA",22.3177434,73.1681437
GUJARAT,Bayad,BAYAD,"F-155, FIRST FLOOR, SREEJI DADA COMPLEX, NEAR KESHAV HOSPITAL, BAYAD, DIST ARAVALI",23.223308,73.214953
GUJARAT,Bharuch,Bharuch,"7X Business hub, 313, third floor, near bus stop collage road maitri nagar society Bholav, Bharuch , Distt.-Bharuch",21.7155292,73.001819
GUJARAT,Bhavnagar,BHAVNAGAR,"EVA COMPLEX, OFFICE NO.-101 & 102, FIRST FLOOR, OPP. GULISTA GROUND, WAGHAWADI ROAD, BHAVNAGAR, DISTT.-BHAVNAGAR",22.271048,73.724388
GUJARAT,Bhuj,BHUJ,"HALL NO.-4 & 5, FIRST FLOOR, KATIRA COMPLEX (KNOWN AS RTO RELOCATION SITE PROJECT B), BHUJ, DISTT.-KUTCH",23.2383801,69.6819976
GUJARAT,Bodeli,BODELI,"OFFICE NO.-FF 17, BK HEIGHT, CHHOTAUDEPUR ROAD, VILLAGE-CHACHAK, TAL.-BODELI, DISTT.-CHHOTAUDEPUR",,
GUJARAT,Borsad,BORSAD,"SHOP NO. 19, BHAI SHREE MALL, ANAND CHOKADI, BORSAD",22.420984,72.899046
GUJARAT,Botad,BOTAD,"OFFICE NO.-101, FIRST FLOOR, SHALIBHADRA MARKET, TOWER ROAD, VILLAGE & TALUKA-BOTAD, DISTT.-BOTAD",22.172325,71.666325
GUJARAT,Dahod,DAHOD,"OFFICE NO.-4, SECOND FLOOR, SAMRUDHI COMPLEX, COLLEGE ROAD, NR. SAMIR HOSPITAL, ZALOD HIGHWAY, DAHOD, DISTT.-DAHOD",22.853208,74.246332
GUJARAT,Dakor,Dakor,"Apollo Complex, Office No. 3933, Ground Floor, Near Radhe Hospital, Umreth Road, Dakor, Dist. Kheda",22.747511,73.152703
GUJARAT,Deesa,DEESA,"OFFICE NO.-S-2 & S-3, SECOND FLOOR, PUSHPANJALI HEIGHTS, OPP. JALARAM MANDIR, RANPUR ROAD, TA-DEESA, DISTT.-BASANTKANTHA",24.263038,72.186854
GUJARAT,Dehgam,DEHGAM,"SHOP NO. 125, FIRST FLOOR, BALMUKUND COMPLEX, TEH. DEHGAM, DIST- GANDHINAGAR",23.165483,72.811617
GUJARAT,Deodar,DEODAR,"J-318, OFFICE NO.-1 & 2, FIRST FLOOR, OPP. SATI JASMA COMPLEX, NEAR INDIAN OIL PETROL PUMP, BHABHAR-KHIMANA HIGHWAY, DEODAR, DISTT.-BANASKANTHA",24.112979,71.779821
GUJARAT,Devgadh Baria,DEVGADH BARIA,"208, SECOND FLOOR, SHIV PLAZA, RAJ MAHAL ROAD, DEVGADHBARIA, DISTT.-DAHOD",22.705909,73.912305
GUJARAT,Dhandhuka,DHANDHUKA,"OFFICE NO.-2, DWARKADHISH COMPLEX, FIRST FLOOR, RANPUR ROAD, DHANDHUKA, DISTT.-AHMEDABAD",22.379807,71.971586
GUJARAT,Dhasa,Dhasa,"Sarthi - 2, Office No. – 2, First Floor, Plot No. – 3, R S No. – 263, Bhavnagar - Rajkot Highway, Dhasa, Tal-Gadhada, Dis – Bhavnagar",21.804861,71.512827
GUJARAT,Dholka,DHOLKA,"SHIVALIK ARCAD, OFFICE NO.-F-33, FIRST FLOOR, NEAR PARSHWANATH CIRCLE, GUNDRA-KALIKUND ROAD, DHOLKA, DISTT.-AHMEDABAD",22.742936,72.442089
GUJARAT,Dhrangdhra,DHRANGDHRA,"OFFICE NO.-106, FIRST FLOOR, OPP. HDFC BANK. NEAR MEVADA OIL MILL, HALVAD ROAD, DHRANGADHRA, TALUKA-DHRANGADHRA, DISTT.-SURENDRANAGAR",22.997675,71.449047
GUJARAT,Gandhi Nagar,GANDHI NAGAR,"SHOP NO. 10, SECTOR-1, SARTHAK MALL, SARGASAN CHOUKADI, TEH & DIST- GANDHINAGAR",23.19518645,72.61462719
GUJARAT,Gandhidham,GANDHIDHAM,"OFFICE NO.-107, FIRST FLOOR, SHREE AMBIKA ARCADE, PLOT NO.-300, 12/B, OPP. C G HIGH SCHOOL, GANDHIDHAM",23.066678,70.136547
GUJARAT,Gariyadhar,Gariyadhar,"Office No-14, Second Floor, Opp. Arjun Cinema, Palitana Road, Gariyadhar, Dist. Bhavnagar",21.543035,71.581512
GUJARAT,Godhra,GODHRA,"SHOP NO.-07&08, FIRST FLOOR, MARUTINANDAN COMPLEX, NEAR HANUMANJI TEMPLE, GODHRA-DAHOD ROAD, VAVDI GUZURG, GODHRA, DISTT.-PANCHMAHAL",22.774859,73.637984
GUJARAT,Himmat Nagar,HIMMAT NAGAR,"OFFICE NO.-204, SECOND FLOOR, SUN COMPLEX-1, MOTIPURA CIRCLE, HIMMATNAGAR, DIST- SABARKANTHA",23.580532,72.959422
GUJARAT,Idar,IDAR,"FIRST FLOOR, SHANKHESWAR COMPLEX, NR.RAILWAY CROSSING, OPPOSITE LIC OFFICE, IDAR, DISTT.-SABARKANTHA",23.832361,73.001359
GUJARAT,Jambusar,JAMBUSAR,"Mala Complex, Office No-3, First Floor, Above Bank of Baroda, Khanpuri Bhagol, Ring Road, Ta :-Jambusar, Di :- Bharuch, Jambusar",22.049635,72.798766
GUJARAT,Jamkhambhaliya,JAMKHAMBHALIYA,"OFFICE NO. 2 & 3, OPP. LIC OFFICE, RAILWAY STATION ROAD, AT-JAMKHAMBHALIYA",22.213884,69.656953
GUJARAT,Jamnagar,JAMNAGAR,"302/A, THIRD FLOOR, MADHAV SQUARE, OPP. CRICKET BANGLOW, LIMDALINE, TEH. JAMNAGAR-361008 (GUJARAT)",22.47183598,70.06578518
GUJARAT,Jasdan,Jasdan,"Dharati Arcade -3, Office No-8, First Floor, Near New Marketing Yard, Vichhiya Pase, At :- Jasdan, Ta & Di :- Rajkot",22.048511,71.218797
GUJARAT,Jetpur,JETPUR,"SAVITA ESTATE, SECOND FLOOR, OFFICE NO.-5, TINBATTI CHOWK, JETPUR, DISTT.-RAJKOT",21.75396,70.617734
Gujarat,Jhalod,JHALOD,"Office No :- Na, 01ST Floor, Opp. HDFC BANK, Nr. Mahindra Finance, Above Adil Tyre, Rayan Faliya Muvada, At Zalod Di :- Dahod",23.0929109505636,74.1539838875865
GUJARAT,Junagarh,JUNAGARH,"TRIDENT PLAZA, OFFICE NO.-203, SECOND FLOOR, OPP. ELEGANCE HEIGHTS, ZANZARDA ROAD, MONALISA TWP, JUNAGADH, DISTT.-JUNAGADH",21.524055,70.43631
GUJARAT,Kalol,KALOL,"OFFICE NO:-F/125, FIRST FLOOR, SANIDHYA ARCADE, OPP. SINDBAD HOTEL, AHMEDABAD-MEHSANA HIGHWAY, KALOL, DISTT.-GANDHINAGAR",23.2528081,72.4841667
GUJARAT,Kathlal,KATHLAL,"SHOP NO.-11, KESHAV ARCADE, OPP. MADHAV COMPLEX, AHEMDABAD ROAD, KATHLAL, TA-KATHLAL DIST-KHEDA",22.893832,72.980987
GUJARAT,Kheda,KHEDA,"OFFICE NO.-F1, FIRST FLOOR, ALAXA PLAZA COMPLEX, NEAR NH-8, AT-KHEDA, TALUKA & DISTT.-KHEDA-387411 (GUJARAT)",22.745635,72.685234
GUJARAT,Kim,Kim,"Shree Sai Lila Residency, First Floor, Office No. F/19, Station Road, Village Kudsad, Tehsil Olpad, Kim, District Surat",21.398661,72.931328
GUJARAT,Lunawada,LUNAWADA,"Office No.-25 &26 , First Floor, Opposite Varundavan Hotel, Near Teja Hotel, Godhra Road, Dist:- Nahisagar, Ta:- Lunawada",23.119959,73.611169
GUJARAT,Mahuva,MAHUVA,"ASHOK ARCADE, PLOT NO.-166, OFFICE NO.-6, SECOND FLOOR, NEAR KUBERBAUG, MAHUVA, DISTT.-BHAVNAGAR",21.092575,71.763264
GUJARAT,Mehsana,MEHSANA,"OFFICE NO 201-202-203, SECOND FLOOR, SHIVAM COMPLEX, NR. PASA BHAI PETROL PUMP, NAGALPUR HIGHWWAY ROAD, MEHSANA",23.586858,72.375862
GUJARAT,Modasa,MODASA,"SHOP NO.-110, FIRST FLOOR, PAVAN CITY COMPLEX, MEGHRAJ ROAD, MODASA, DISTT.-ARAVALLI",23.466809,73.305421
GUJARAT,Morbi,MORBI,"Landmark Arcade, Office No.- 305, 3rd Floor, Sanala Road, Near Samay Gate, Opp. Sky Mall, Morbi",22.3716611,70.4694549
GUJARAT,Mundra,Mundra,"Ashoka Vatika, Office No-12, First Floor, Plot no. 1, Dhrab Char Rasta, Rasapir Circle, Mundra Ta :- Kachchh",22.83541,69.687547
GUJARAT,Nadiad,NADIAD,"Shreyas Lalwani Empire, Office no. 107, First Floor, Pij road, Behind Railway Station, Tehsil Nadiad, District Kheda, Nadiad",22.695133,72.859202
GUJARAT,Nakhatrana,NAKHATRANA,"OFFICE NO.-1, FIRST FLOOR, SHRINATH COMPLEX, OPPOSITE BUS STAND, NAKHATRANA",23.347878,69.266078
GUJARAT,Naroda,NARODA,"ELYSIUM SQUARE, OFFICE NO. 302, 303, 304, THIRD FLOOR, OPP. MARUTI PLAZA, NATIONAL HIGHWAY, ROAD. NO.-8, KRISHNANAGAR, SAIJPUR BOGHA, AHMEDABAD",23.050683,72.643263
GUJARAT,Narol,NAROL,"RADHE KISHAN BUSINESS PARK, OFFICE NO.-608 TO 612, SIX FLOOR, BLOCK- B-1, OPP. HP PETROL PUMP, NAROL ISANPUR HIGHWAY, AHMEDABAD",22.974589,72.593246
GUJARAT,Navsari,NAVSARI,"OFFICE NO. FF-15, LUNCIKUI, MAIN ROAD, NAVSARI",20.947134,72.937202
GUJARAT,Palanpur,PALANPUR,"71, SECOND FLOOR, SANSKRUT COMPLEX, OPP. INCOME TAX OFFICE, ABU HIGHWAY HI-WAY, PALANPUR, DISTT.-BANASKANTHA",24.178603,72.418823
GUJARAT,Patan,PATAN,"F/16, KRUSHNAM PLAZA, OPP. COURT, NEAR SIDHPUR CHAR RASTA, PATAN",23.8506,72.134703
GUJARAT,Porbandar,PORBANDAR,"SHOP NO.-25, BALAJI COMPLEX, OPP. BHARTI VIDHYALAY, PORBANDAR",21.634457,69.625297
GUJARAT,Radhanpur,RADHANPUR,"SHOP NO.-78, FIRST FLOOR, MARUTI PLAZA, KANDLA HIGHWAY ROAD, TEHSIL-RADHANPUR DISTT.-PATAN",23.8259,71.614698
GUJARAT,Rajkot,RAJKOT,"THE MILLENNIUM, OFFICE NO-408, FOURTH FLOOR, OPP. SILVER HEIGHTS, NEAR MAVA CIRCLE, 150 FEET RING ROAD, TA & DIST-RAJKOT",22.2958887,70.7980622
GUJARAT,Rajpipla,RAJPIPLA,"SURYA PLAZA, IN THE COMPRISED IN OFFICE NO.-34, FIRST FLOOR, MV ROAD, RENTON VILLAGE, RAJPIPLA, TAL.-NANDOD, DISTT.-NARMADA, GUJARAT",21.871598,73.507609
GUJARAT,Sanand,SANAND,"SHOP NO. 9, FIRST FLOOR, MADHAV COMPLEX, NEAR SANAND POLICE STATION, SANAND, AHMEDABAD",22.98771,72.387353
GUJARAT,Santrampur,SANTRAMPUR,"OFFICE NO.-931, SECOND FLOOR, OPP. RAJ TRACTOR & SAIMAND HOTEL,NEAR MRF TYRE SHOWROOM, NUIRSINGPUR COLLEGE ROAD, SANTRAMPUR",23.180348,73.894672
GUJARAT,Satlasana,SATLASANA,"JB Complex, Office No.- 3, First Floor, Block –A, Opp. Nayara Petrol Pump, Ambaji Highway Road, Satlasana Di :- Mehsana",24.017958,72.789286
GUJARAT,Surat,SURAT,"OFFICE NO.- 307 & 308, THIRD FLOOR, TIMES GALARIYA, BARDOLI ROAD, CHAROLI GAM, SURAT, DISTT.-SURAT",21.190075,72.886706
GUJARAT,Surendranagar,SURENDRANAGAR,"354, THIRD FLOOR, MEGA MALL, NEAR MILAN CINEMA, SURENDRA NAGAR",22.722673,71.642979
GUJARAT,Tharad,THARAD,"SHOP NO. 4, FIRST FLOOR, K.R. PLAZA, THARADS CHAR RASTA, TEH. THARAD, DISTT.-BANASKANTHA",24.384878,71.632479
GUJARAT,Una,UNA,"Office No.-104, First Floor, Satyam Complex, Opp. Bus Stand, Near Bank Of India, At- Una, Distt.-Gir Somanth",20.827308,71.043478
GUJARAT,Upleta,UPLETA,"SHOP NO.-105, STAR PLATINUM, FIRST FLOOR, DHORAJI-PORBANDAR HIGHWAY, OPP. NEW LIFE HOSPITAL, UPLETA, DISTT.-RAJKOT",21.743052,70.278279
GUJARAT,Vapi,VAPI,"SHOP NO.-E-114, FIRST FLOOR, M CUBE, NEAR BOMBAY RESTAURENT, OPP. TALUKA SEVA SADAN, NH-8, BALITHA, TALUKA-VAPI",20.396382,72.912422
GUJARAT,Veraval,VERAVAL,"SHOP NO. 4&3, FIRST FLOOR, AANAD DHAM COMPLEX, S.T. ROAD, VERAVAL",20.912434,70.362421
GUJARAT,Vijapur,VIJAPUR,"FF-14, FIRST FLOOR, AKSHAR ARCADE COMPLEX, T B ROAD, VIJAPUR, DISTT.-MEHSANA",23.55582,72.741044
GUJARAT,Viramgam,VIRAMGAM,"OFFICE NO.-11, FIRST FLOOR, MARUTI AVENUE, BECHARJI ROAD, POPAT CHOKDI, TEH.-VIRAMGAM, DISTT.- AHMEDABAD",23.144959,72.050796
GUJARAT,Vis Nagar,VIS NAGAR,"RAJMILAN COMPLEX, OFFICE NO.-203 & 204, SECOND FLOOR, KRUPA CORNER, DHAROI COLONY ROAD, VISNAGAR, DISTT.-MEHSANA",23.694309,72.535448
GUJARAT,Vyara,VYARA,"OFFICE NO.-B-114, AMBAJI COMPLEX, FIRST FLOOR, UNAI CHARRASTA, TEHS.-VYARA, DISTT.-TAPI",21.107463,73.392511
HARYANA,Adampur,ADAMPUR,"Khewat no. 98, Ground Floor, Near Bus stand, Thana road, Mandi Adampur, Adampur, Dist. Hisar",29.286954,75.477264
HARYANA,Ambala,AMBALA,"S-8, PLOT NO.-30, SECOND FLOOR, WARD NO.-7, BLOCK NO.-7, JAIN NAGAR, AMBALA, DISTT.-AMBALA",30.370169,76.785557
HARYANA,Ateli Mandi,Ateli Mandi,"First Floor, Above Icici Bank, New Anaj Mandi, Near New Bus Stand Ateli Mandi, Tehsil : Narnaul, Dist.: Mahendragarh",28.103646,76.250724
HARYANA,Badhra,Badhra,"FIRST FLOOR, JANGRA COMPLEX VPO SATNALI ROAD, NEAR BUS STAND TEHSIL BADARA, DIST-CHARKHI DADRI",28.5109177,75.9419
HARYANA,Bahadurgarh,BAHADURGARH,"J. R. PLAZA, PLOT NO.-11/12, SHOP NO.-4, SECOND FLOOR, DAYANAND NAGAR, OPPOSITE BUS STAND, NAJAFGARH ROAD, BAHADURGARH, DISTT.-JHAJJHAR",28.689782,76.935737
HARYANA,Barara,Barara,"Plot/ Situated At Khewat No 570 Khatoni No.779 Khasra No.34/17/2,18,22/1,24,25 Kita 06 Totally 38 Kanal, Barara, Dist-Ambala",30.22812414,77.05171419
HARYANA,Barwala,BARWALA,"SHOP Khasara no. 523, First Floor, Jai Bajarang Colony, Opposite LIC Office, Hansi road, Barwala, Tehsil Barwala, Dist. Hisar",29.359336,75.892765
HARYANA,Bhiwani,BHIWANI,"CROWN PLAZA, PLOT NO.-44, SHOP NO.-410, SECOND FLOOR, CIRCULAR ROAD, OLD BUS STAND, BHIWANI, DISTT.-BHIWANI",28.800228,76.140545
Haryana,Charkhi Dadri,Charkhi Dadri,"First Floor, Above ICICI Bank, Revenue Estate, Hari Nagar, Loharu road, Near Railway Station, Tehsil & District Charkhi Dadri",28.6004923,76.2728852
Haryana,Cheeka,Cheeka,"Khewat no.439 min, Muraba no. 53, Killa no. 5//2(2-2) 6(8-0) 15/1(4-9) ,Cheeka, Tehsil Guhla, Dist. Kaithal",30.0474,76.3333
HARYANA,Ellenabad,ELLENABAD,"FIRST FLOOR, JHORAR TOWER, OPP PWD REST HOUSE, NEAR BUS STAND, SIRSA ROAD, ELLENABAD, DIST-SIRSA",29.4419,74.672826
HARYANA,Fatehabad,FATEHABAD,"FIRST FLOOR, NEAR DCB BANK, OLD BUS STAND, GT ROAD, FATEHABAD, DIST-FATEHABAD",29.507051,75.463562
HARYANA,Gohana,Gohana,"Ground Floor, Shop No. 16-17, Gajraj Hospital Road, Near Bus Stand, Gohana Dist- Sonipat",29.132312,76.702062
HARYANA,Gurugram,GURUGRAM,"SCO-4, SECOND FLOOR, SITE NO.-41, 42 & 43, SECTOR-31-32-A, HUDA MARKET, GURGAON (GURUGRAM)",28.45396,77.051359
HARYANA,Hansi,HANSI,"FIRST FLOOR, MODEL TOWN, ABOVE ANKUSH BEEZ BHANDAR, DELHI-ROHTAK-HISAR ROAD, SHANTI NIKETAN COLONY, HANSI, DISTT.-HISAR",29.091544,75.97817
HARYANA,Hisar,HISAR,"Om Complex, Second Floor, Plot No. 2828, The Hisar Adarsh Shanti Niketan Cop. Society Ltd., Model Town extension, Tosham Road, Hisar",29.135789,75.745195
HARYANA,Jhajjar,Jhajjar,"First Floor, Plot No-Jjr/W01/904B, Ward No-01, Rohtak Road, Bhagat Singh Chowk, Jhajjar",28.611136,76.645609
Haryana,Jhajjar Arya Nagar,JHAJJAR ARYA NAGAR,"Khasra no. 1031, First Floor, In Opposite Omkar Hospital, Arya Nagar, Ward No. 19, Jhajjar-",28.611285,76.645578
HARYANA,Jind,JIND,"FIRST FLOOR, SCO-28, HUDA GROUND, URBAN ESTATE, JIND, DISTT.-JIND",29.313257,76.338016
HARYANA,Kaithal,KAITHAL,"SHOP NO.-11-C & 11-D, FIRST FLOOR, MITC COLONY, SECTARIAL-HUDA ROAD, OPPOSITE MINI SECRETARIATE, NEAR DISTRICT COURT COMPLEX, TEHSIL-KAITHAL, DISTT.-KAITHAL",29.800781,76.416305
HARYANA,Kanina,KANINA,"FIRST FLOOR, PRINCIPLE MARKET, NEAR STATE BANK OF INDIA, WARD NO.-12, REWARI-MAHENDRAGARH ROAD, KANINA, DISTT.-MAHENDRAGARH",28.33566,76.307784
HARYANA,Karnal,KARNAL,"First Floor, Sco No.-170, Urban Estate, Near Namaste Chowk, Old G.T. Road, Sector-16, Karnal, Distt.-Karnal",29.6714469,76.9911221
HARYANA,Karnal Pritam Nagar,KARNAL PRITAM NAGAR,"869, GROUND FLOOR, ADJOINING HDFC CURRENCY CHEST, PRITAM NAGAR, G. T. ROAD, KARNAL, DISTT.-KARNAL",29.674101,76.993387
HARYANA,Kurukshetra,Kurukshetra,"First Floor, Sco 61P, Sector 17, Near Kessel Mall, Kurukshetra",29.970689,76.836935
HARYANA,Ladwa,LADWA,"PLOT NO.-203, GROUND FLOOR, WARD NO.-13, NEAR HINORI CHOWK, LADWA, DISTT.-KURUKSHETRA",29.993701,77.048135
HARYANA,Loharu,LOHARU,"NEAR DIST.COURT, PILANI ROAD, LOHARU",28.431936,75.802765
HARYANA,Mahindergarh,MAHINDERGARH,"CHAUHAN COMPLEX, GROUND FLOOR, NEAR RAILWAY FLYOVER, FRIENDS COLONY, KHATONI NO.-321, NARNAUL ROAD, MOHINDERGARH, DISTT.-MAHINDERGARH",28.277684,76.139735
HARYANA,Mandi Dabwali,MANDI DABWALI,"FIRST FLOOR, ABOVE IDFC BANK, CHAUTALA ROAD, MANDI DABWALI, SIRSA, HARYANA",29.961072,74.705585
HARYANA,Meham,MEHAM,"FIRST FLOOR, BALAJI COMPLEX, NH-9, DELHI-HISAR ROAD, MEHAM, DISTT.-ROHTAK",28.964282,76.300264
HARYANA,Naraingarh,NARAINGARH,"FIRST FLOOR, ABOVE UTKARSH SMALL FINANCE BANK, NEAR VISHWAKARMA CHOWK, SANDHOURA ROAD, NARAINGARH, DISTT.-AMBALA",30.472007,77.121827
HARYANA,Narnaul,NARNAUL,"GROUND FLOOR, OPPOSITE PUNJAB & SINDH BANK, KHASRA NO.-2091/2, KAILASH NAGAR, REWARI ROAD, NARNAUL, DISTT.-MAHENDRAGARH",28.054609,76.118391
HARYANA,Narwana,NARWANA,"GROUND FLOOR, NEAR NEW BUS STAND & DAV SCHOOL BASTI, JIND-PATIALA ROAD, NARWANA DIST-JIND",29.590107,76.129953
HARYANA,Palwal,Palwal,"First Floor, Vijay Market, Behind Palwal Jail, Dist-Palwal",28.131336,77.328796
HARYANA,Panipat,PANIPAT,"3673/2, KAMAL CINEMA COMPLEX, AXEL TOWER, NETAJI COLONY, SANJAY CHOWK, PANIPAT, DISTT.-PANIPAT",29.38516,76.971952
HARYANA,Pehowa,PEHOWA,"FIRST FLOOR, SIKANDARA COLONY, OPPOSITE RELIANCE JIO OFFICE, KURUKSHETRA ROAD, PEHOWA, DISTT.-KURUKSHETRA",29.980453,76.591388
HARYANA,Rewari,REWARI,"PLOT NO.-128, FIRST FLOOR, OPPOSITE BMG MALL, SECTOR-5, REWARI, DISTT.-REWARI",28.195483,76.622639
HARYANA,Satnali,Satnali,"FIRST FLOOR, KHASRA NO.-2091/2, OPPOSITE POWER HOUSE ROAD, NEAR LOHARU CHOWK, SATNALI, DISTT.-MAHENDRAGARH",28.381236,75.960546
HARYANA,Sirsa,SIRSA,"FIRST FLOOR, ABOVE INDIAN BANK, JANTA BHAWAN ROAD, OPP.SHYAM BAGICHA, SIRSA",29.545078,75.0282
Haryana,Siwani,SIWANI,"First Floor, Khasra no. 531, Ward no. 12, Near Vishwa Karma Mandir, Siwani, Tehsil Siwani Dist. Bhiwani",28.905371,75.607572
HARYANA,Tohana,TOHANA,"538/12, FIRST FLOOR, KRISHNA COLONY, NEAR MEHTA HOSPITAL, WARD NO.-12, TOHANA RURAL, TOHANA, DISTT.-FATEHABAD",29.706853,75.905229
HARYANA,Yamunanagar,YAMUNANAGAR,"First Floor, Near PNB Bank, Gobindpuri Road, Professor Colony, Madhu Chowk, Yamuna Nagar",30.14322468,77.30305999
HIMACHAL PRADESH,Baddi,BADDI,"BIG B COMPLEX, SHOP NO. A-13, FIRST FLOOR, ABOVE STATE BANK OF INDIA, HARIPUR-SANDOLI BYPASS ROAD, BADDI, DISTT.-SOLAN",30.933874,76.798609
HIMACHAL PRADESH,Bilaspur-Hp,BILASPUR-HP,"FIRST FLOOR, NEAR RAJ ANJALI CONFERENCE HALL, SHIMLA-MANALI ROAD, VPO-BAMTA, TEH. & DISTT.- BILASPUR",31.355003,76.760905
HIMACHAL PRADESH,Chamba,CHAMBA,"JBM TOWER, FIRST FLOOR, GOVT. COLLEGE ROAD, NEAR BALOO BRIDGE, SULTANPUR, CHAMBA, DISTT.-CHAMBA",32.565132,76.11779
Himachal Pradesh,Darlaghat,Darlaghat,"Khasra no. 744, First Floor, Near PNB Bank, Village Syar, PO. Daralaghat, Tehsil Arki, Dist. Solan",31.2345015,76.927217
HIMACHAL PRADESH,Hamirpur,HAMIRPUR,"FIRST FLOOR, KHASRA NO.-2485, NEAR GLODA HOSPITAL, ROOP NAGAR, WARD NO.-9, UNA-HAMIRPUR ROAD, HAMIRPUR, DISTT.-HAMIRPUR",31.677687,76.52439
HIMACHAL PRADESH,Kangra,KANGRA,"ABOVE AGGARWAL GALARY, FIRST FLOOR, AGGARWAL'S MARKET, NEAR FORTIS HOSPITAL, KHASRA NO.-548,DHARAMSHALA ROAD, VILL.-BIRTA, KANGRA, DISTT.-KANGRA",32.117356,76.283779
HIMACHAL PRADESH,Karsog,KARSOG,"First Floor, Nand Bhawan, Village Sanarli, PO Banthal, Tehsil Karsog, Dist. Mandi",31.4058583,77.2020989
HIMACHAL PRADESH,Kullu,KULLU,"FIRST FLOOR, NEAR SHAMSHI POST OFFICE, BHUNTAR-RAMSHILA ROAD, JAWALA COLONY, VPO-SHAMSHI, TEH.-BHUNTER, KULLU, DISTT.-KULLU",31.894036,77.139456
HIMACHAL PRADESH,Mandi,MANDI,"GROUND FLOOR, OPPOSITE RELIANCE PETROLEUM, NEAR DEV BHUMI HYUNDAI, NH-21, GUTKAR, TEH. & amp; DISTT.-MANDI",31.6552085,76.94485001
Himachal Pradesh,Nurpur,Nurpur,"Khewat no. 96/85, First Floor, Near Auto Mahindra, NH-154, Village Jachh, PO Jassur, Tehsil Nurpur, Dist. Kangra",32.2844465,75.8556783
HIMACHAL PRADESH,Palampur,PALAMPUR,"FIRST FLOOR, KHASRA NO.-422, OPPOSITE ROTARY EYE HOSPITAL, MOHALBANGHIAR,PO-MARANDA(258), PALAMPUR, DIST-KANGRA",32.08226,76.512794
Himachal Pradesh,Paonta Sahib,Paonta Sahib,"First floor, Above Lenskart, ward no. 5,Shamsedpur, NH-72, Paonta Sahib, District Sirmaur-",,
HIMACHAL PRADESH,Rampur Bushahr,Rampur Bushahr,"FIRST FLOOR, KHASRA NO.-2879/152, OPPOSITE BRCC OFFICE, NEAR PATAWAR CIRCLE SINGLE, DAKOLAR ROAD, RAMPUR BUSHAHR, DISTT.-SHIMLA",31.4264607818246,77.6222962291841
Himachal Pradesh,Reckong Peo,Reckong Peo,"First Floor, Near Canara Bank, Pangi Road, VPO Reckong Peo, Tehsil Kalpa, Dist. Kinnaur,",31.54222,78.27614
Himachal Pradesh,Rohru,Rohru,"JD Complex, First Floor, Above Mahindra Auto, Near Raja Ji Park, Rohru, Dist. Shimla",31.198386,77.746702
HIMACHAL PRADESH,Shimla,SHIMLA,"THAKUR NIWAS, SECOND FLOOR, NEAR SRI SANKAT MOCHAN TEMPLE, OPPOSITE HOTEL PINE CONE, KALKA-SHIMLA ROAD, PO-TARA DEVI, TEH.-SHIMLA, SHIMLA URBAN(T), DISTT.-SHIMLA",31.087261,77.140528
HIMACHAL PRADESH,Solan,SOLAN,"KRISHAN COMPLEX, FIRST FLOOR, NEAR MC OFFICE, RAJGARH ROAD, SOLAN, DISTT.-SOLAN",30.907831,77.104026
HIMACHAL PRADESH,Una-Hp,UNA-HP,"1123 & 1124, FIRST FLOOR, ADJOINING JAGAT HOSPITAL, NEAR GOVT. COLLEGE, NANGAL ROAD, UNA, DISTT.-UNA",31.461888,76.280352
JAMMU AND KASHMIR,Kathua,KATHUA,"Ground Floor, Khasra No.107/7, Ward No.-14, Hatli Morh, Village- Chack Shekhan, Kathua, Jammu & Kashmir",32.37986,75.54702
KARNATAKA,Athani,ATHANI,"Laxmi Arcade, 2nd Floor, Nr Laxmi Tyre ,Halyal Road, At Athani Ta :- Athani Di :- Belagavi",16.717557,75.058641
Karnataka,Badami,BADAMI,"Sawalagimath Building, First Floor, Near Kabbalageri Cross, Opp. More Market, Savalaghimath Building, At:- Badami, Ta:-Badami, Dist. Bagalkot",15.92571,75.678327
KARNATAKA,Bagalkot,Bagalkot,"Melligeri Towers, in the comprised in Office No. FF 27, TP No. 48/11/B, First Floor, Block-C, Station Road, Ward No. 10, Ta&Dist-Bagalkot",16.2780762,75.3815362
KARNATAKA,Basavakalyan,BASAVAKALYAN,"BIRADAR COMPLEX, 02ND FLOOR,CMC NO.29/951/2020, SURVEY NO.66,PLOT NO.20, 0PP.SBI BANK, TRIPURANTH, TA :- BASAVAKALYAN",15.038815,76.336895
KARNATAKA,Belgavi,BELGAVI,"F.S PLAZA, OFFICE NO.CTS NO.1049/A2, R.S NO.86/2, SECOND FLOOR, NEAR DATTA MANDIR, KHANPUR ROAD,TILAKWADI BELGAVI & DI & TA, BELGAVI",15.838091,74.507568
KARNATAKA,Bellary,BELLARY,"SRI LAKSHMI NARASIMHA COPLEX, OFFICE NO-CTS, WARD NO.18, SECOND FLOOR, NEAR SAI HOSPITAL, SG COLLEGE ROAD, TA & DISTT-BELLARY",15.152933,76.929672
KARNATAKA,Bidar,BIDAR,"Aadhya Arcade, 2nd Floor, Plot no. 23, CMC no. 8-9-293/1 (N), Gurunagar Colony, Opposite Jheera Function Hall, Near new Bus Stand, Tehsil Bidar, District Bidar",17.923496,77.508432
KARNATAKA,Davanagere,Davanagere,"First Floor, Door No .868/1 & Survey No.211 & 212 ,Ward No.5 ,09th A Division, Shree Shankar Vihar Badavane, P B Road, Davanagere, Distt- Davanagere",14.4710492,75.8979831
KARNATAKA,Gadag,GADAG,"SHRI HUBLIMATH COMPLEX,OFFICE NO. 3, GROUND FLOOR, YAMAHA SHOW ROOM BUILDING, NEW BUS STAND ROAD, AT GADAG, TEHSIL & DIST. :- GADAG",15.421007,75.635953
KARNATAKA,Haveri,Haveri,"Sri Banashankari Complex, Second Floor, Vidya Nagar, P B Road, Near Shiva Shanker Palace, Taluka & Dist-Haveri",14.79608874,75.39478885
KARNATAKA,Hospet,HOSPET,"PARWAZ PLAZA, OFFICE - NA , 03RD FLOOR, NO.11/103,MCA NO.110 ,COLLEGE ROAD, NR JABBAL CIRCLE, TALUKA & DIST :- VIJAYNAGAR (HOSPET / HOSAPETE)",15.27528347,76.38304556
KARNATAKA,Hubballi,HUBBALLI,"OFFICE NO.F2 & F3, FIRST FLOOR, OPPOSITE SBI ZONAL OFFICE,KESHWAPUR, KUSUGAL ROAD, HUBBALLI",15.361434,75.1497
Karnataka,Kalaburagi,Kalaburagi,"Ground Floor, Office Number GF- 05&06, Near Chakkarkatta, Gazipura, Kalaburagi, Tehsil * Distt. Kalaburagi",17.3364934,76.8347945
KARNATAKA,Koppal,Koppal,"Malteshwara Complex, Office No-7A8A, First Floor, Opp. D C Office, Hospet-Hubbali Road, Ta & Di- Koppal",15.348406,76.181394
Karnataka,Manvi,MANVI,"14-4-381/1, 14-4-381/2 & 15-7-519, Manasa Arcade, First Floor, Near Valmiki Circle, Sindhnoor Road, Manvi, Dist. Raichur",15.999259,77.043016
Karnataka,Mysore,MYSORE,"Diya Arcade, 1/A, CH-69, 03rd Floor, Near Fire Brigade Road, Kanthraj URS Road, Saraswathipuram",12.30501,76.635297
Karnataka,Raichur,Raichur,"SLV Tourist Hotel, 2nd floor, H&D No. 1-10-84, At Raichur, Station road, Tehsil & District Raichur",16.1984841,77.3415082
KARNATAKA,Shivamogga,Shivamogga,"Sree Karthik Plaza, Third Floor, Main Road, Gopi Circle, Durgidudi, Taluka & Dist-Shivamogga",13.93453766,75.57223555
Karnataka,Sindhanur,Sindhanur,"Netekal Complex, 1st Floor, Near Basha Tiles, Gangavati Road, Sindhanur, Distt. Raichur, Tehsil Sindhanur",15.755534,76.7512872
KARNATAKA,Vijayapura,Vijayapura,"Sankalp Building, Office No - P3, Second Floor, Solapur Road, Beside Siddeshwa Co Operative Bank Ltd, Vijayapura, Dist- Bijapur(Vijayapura)",16.846639,75.709708
KARNATAKA,Yadgir,Yadgir,"MAHALAXMI COMPLEX, OFFICE NO :- NA. 02ND FLOOR,PLOT NO.13,SURVEY NO.382, CHITTAPUR ROAD, NR RTO OFFICE, TA - YADGIR, DIST:- GULBARGA",16.755493,77.125827
MADHYA PRADESH,Agar,AGAR,"MALWA ARCADE, FIRST FLOOR, CHAWANI SUSNER ROAD, OPP. IDBI BANK, AGAR, DISTT.-AGAR MALWA",23.722209,76.020109
Madhya Pradesh,Alirajpur,ALIRAJPUR,"First Floor, Khasra no. 15, Balaji Complex, Above Nexa Showroom, Village Lakhankot, Near Alirajpur Nagar Nigam, Indore-Baroda Highway Road, Alirajpur",22.299736,74.372234
MADHYA PRADESH,Alot,ALOT,"MAKAN NO.-01/258, FIRST FLOOR, WARD NO.-01, MOHAL STATION ROAD, (MAL GODAM ROAD), ALOT, DISTT.-RATLAM",23.767303,75.543687
MADHYA PRADESH,Anuppur,ANUPPUR,"SB HEIGHTS, GROUND FLOOR, OFFICE NO. B-2, PLOT NO. 138, KHASRA NO. 566/1, WARD NO.-7, NEAR RAILWAY CROSSING, BEHIND GANESH TALKIES, SAMATPUR, ANUPPUR, DISTT.- ANUPPUR",23.11896,81.702113
MADHYA PRADESH,Ashoknagar,Ashoknagar,"Second Floor, Om Bhawan In Plot/House On Survey No.861/1 Min, Patwari Halka No.28, Ward No.7, Rajendra Prasad Ward, Sen Chouraha, Vidisha Bye Pass Road, Dist- Ashok Nagar",24.570103,77.736413
MADHYA PRADESH,Ashta,ASHTA,"MU no.-396, Khasra no.-18/4, 1st Floor, In front of Petrol Pump, Ward no. 18, Bhopal Road, Tehsil Ashta, Dist. Sehore",23.0147719,76.724567
MADHYA PRADESH,Badnagar,BADNAGAR,"194, SHREE JAGANNATH ARCADE, FIRST FLOOR, JAWAHAR MARG, DIVERSION ROAD, BADNAGAR, DISTT.-UJJAIN",23.04272,75.373909
MADHYA PRADESH,Badnawar,BADNAWAR,"GROUND FLOOR, OPP. BSNL TOWER & MID MALWA INSTITUTE, WARD NO.-1, BADNAGAR ROAD, BADI CHAWPATI, BADNAWAR, DISTT.-DHAR",23.022805,75.255449
MADHYA PRADESH,Bagli,Bagli,"First Floor, Plot/House No.2/1 Peki, Patwari Halka No.34, Nemawar Road, Front Of Civil Court, Village Bagali, Tehsil Bagali & Dist-Dewas",22.649378,76.337929
MADHYA PRADESH,Bareli,BARELI,"FIRST FLOOR, H. NO. 85, KASBA-BARELI, NAGAR PANCHAYAT, WARD NO.4, SAKET NAGAR, J. J. ROAD, BARELI, DISTT.-RAISEN",23.007253,78.235859
MADHYA PRADESH,Barwani,BARWANI,"415, FIRST FLOOR, COLLECTOR CHOURAHA, WARD NO.-10, SENGAON BARWANI, OLYMPIC CHOURAHA, BARWANI",22.029834,74.920797
MADHYA PRADESH,Beohari,BEOHARI,"MAKAN NO.-2/111, FIRST FLOOR, KHASRA NO.-153/10/2, WARD NO.-02, MUDARIYA, NEAR M.P.E.B OFFICE, BEOHARI, DIST. SHAHDOL",24.029714,81.378174
MADHYA PRADESH,Betul,BETUL,"GROUND FLOOR, KHASRA NO.-257/23, NH-69, OLD NAGPUR ROAD, BAJPUR, IN FRONT OF MAHARAJA GARAGE, BADORA, BETUL, DISTT.-BETUL",21.887751,77.902122
MADHYA PRADESH,Bhanpura,BHANPURA,"SURVEY NO.1648, PATWARI HALKA NO.10, KASBA BHANPURA, TEHSIL BHANPURA & DIST- MANDSAUR",24.512561,75.752954
MADHYA PRADESH,Bhikangaon,Bhikangaon,"First Floor, Plot No. 187/1 & 188/1, Soni Colony, Bandobast No.-185, Sanawad Road, Bhikangaon, Dist-Khargone",21.867613,75.96116
MADHYA PRADESH,Bhopal,BHOPAL,"“MANYA IMPERIAL”, PLOT NO.-04, FIRST FLOOR, OFFICE NO.-101, INTER STATE BUS TERMINUS (ISBT), HOSHANGABAD ROAD, BHOPAL, DISTT.-BHOPAL",23.230755,77.4428
MADHYA PRADESH,Biaora,BIAORA,"PLOT NO.-9, FIRST FLOOR, WARD NO.-03, SERVEY NO. 138/3/2, OLD A.B. ROAD, NEAR GUNA NAKA, BIAORA, DISTT.-RAJGARH",23.929465,76.914076
MADHYA PRADESH,Burhanpur,BURHANPUR,"GROUND FLOOR, BALAJI NAGAR, AMRAVATI ROAD, NEAR NIMAR HOSPITAL BURHANPUR",21.299516,76.222805
MADHYA PRADESH,Chhatarpur,CHHATARPUR,"NARAYAN PLAZA, KHASRA NO.-3126/1, FIRST FLOOR, OPPOSITE ICICI BANK, JAWAHAR MARG, CHHATARPUR, DISTT.-CHHATARPUR",24.911249,79.582858
MADHYA PRADESH,Chhindwara,CHHINDWARA,"FIRST FLOOR, DHOKE COMPLEX, WARD NO.-45, SANCHAR COLONY, PARASIA ROAD, NEAR PARASIA NAKA, CHHINDWARA, DISTT.-CHHINDWARA",22.063334,78.916391
MADHYA PRADESH,Damoh,DAMOH,"62/6, FIRST FLOOR, CIVIL WARD-8, TANDON BAGICHA, BEHIND STATE BANK OF INDIA, NEAR BUS STAND, DAMOH, DISTT.-DAMOH",23.832415,79.437333
MADHYA PRADESH,Depalpur,DEPALPUR,"PLOT NO.-810, FIRST FLOOR, WARD NO.-08, MAHATMA GANDHI MARG, DEPALPUR, DISTT.-INDORE",22.848478,75.543641
MADHYA PRADESH,Dewas,DEWAS,"FIRST FLOOR, MALWA SHAHNI COMPLEX, ABOVE INDIAN OVERSEASE BANK, INDORE ROAD, DEWAS",22.958672,76.042114
MADHYA PRADESH,Dhamnod,DHAMNOD,"GROUND FLOOR, WARD NO.-15, AB ROAD, NEAR SOMYA VEHICLE, DHAMNOD, TEH:-DHARAMPURI, DISTT.-DHAR",22.204184,75.470694
Madhya Pradesh,Dhamnod Sme,DHAMNOD SME,"Khasra no. 483/1/2, First Floor, Ward No 15, Old AB Road Near by Cool Point, Above Aavas Finance Ltd, Dhamnod, Tehsil Dharampuri, Dist. Dhar-",,
MADHYA PRADESH,Dhar,DHAR,"PLOT NO.-34, FIRST FLOOR, SILVER HILLS COLONY, NAUGAON BUJURG, INDORE-AHMEDABAD ROAD, DHAR, DISTT.-DHAR",22.603964,75.31624
MADHYA PRADESH,Gadarwara,GADARWARA,"First Floor, Beside IIFL office, Mouza- Gadarwara N.B. 119, P.C. no. 18/99 In Front of Government Hospital, Indra Ward, Tehsil- Gadarwara, District Narsinghpur",22.915628,78.782808
MADHYA PRADESH,Ganj Basoda,GANJ BASODA,"PLOT NO 46/1, FIRST FLOOR, WARD NO.-7, VIVEKANAND WARD, BARETH ROAD, GANJ BASODA, DISTT.-VIDISHA",23.860282,77.942068
MADHYA PRADESH,Guna,GUNA,"THIRD FLOOR, AB ROAD, HOUSE NO.-11, PATWARI HALKA NO.75, WARD NO.14 (OLD GALLA MANDI), NAGAR PALIKA GUNA, KRSHI UPAJ MANDI, DIST-GUNA",,
MADHYA PRADESH,Gwalior,GWALIOR,"PLOT NO.-34, PACIFIC TOWER, OFFICE NO.-302, THIRD FLOOR, CITY CENTRE, WARD NO.-30, GWALIOR, DISTT.-GWALIOR",26.2065,78.191135
MADHYA PRADESH,Harda,HARDA,"GROUND FLOOR, PLOT NO.-MIG 11, JAWAHAR LAL NEHRU COLONY, WARD NO.-18, DR. RAJENDRA PRASAD WARD, HARDA, DISTT.-HARDA",22.343609,77.089937
MADHYA PRADESH,Hoshangabad,HOSHANGABAD,"PLOT NO.-4, FIRST FLOOR, INFRONT OF SAHNAI GARDEN, RAGHAV NAGAR FACE-2, RASULIYA, NH-69, HOSHANGABAD, DISTT.-HOSHANGABAD",22.730818,77.724735
MADHYA PRADESH,Indore,INDORE,"BENCHMARK BUSINESS PARK, OFFICE NO.-405, 406, 407, 424, 425, 426 & 427, FOURTH FLOOR, PLOT NO.-A-3, P.U.-4, SCHEME NO.-54, VIJAY NAGAR, INDORE, DISTT.-INDORE",22.754564,75.898448
MADHYA PRADESH,Indore Basant Vihar,INDORE BASANT VIHAR,"VIDHYARAJ ANNEXE, SECOND FLOOR, B-1, BASANT VIHAR, NIRANJANPUR, A.B. ROAD, INDORE, DISTT.-INDORE",22.748302,75.890192
MADHYA PRADESH,Indore Bhawarkua,INDORE BHAWARKUA,"Samiksh Landmark, Shop no. 306, 3rd Floor, Near Rajiv Gandhi Square, Bhawarkuan, Indore",22.6785496,75.8488716
MADHYA PRADESH,Indore Vijaynagar,INDORE VIJAYNAGAR,"FIRST FLOOR, UNIT NO.-108, VIKRAM URBANE, BEHIND SAYAJI HOTEL, VIJAY NAGAR, INDORE, DISTT.-INDORE",22.748302,75.890192
MADHYA PRADESH,Jabalpur,JABALPUR,"PLOT NO. 1001, SCHEME NO. 11, GAJANAN SOCIETY, MR4 ROAD, VIVEKANAND WARD, JABALPUR, DISTT.-JABALPUR",23.171236,79.910053
MADHYA PRADESH,Jaora,JAORA,"PLOT NO. 7 & 8, FIRST FLOOR, NEAR HONDA SHOWROOM, MHOW-NEEMUCH ROAD, GRAM?BANNAKHEDA, JAORA, DISTT.-RATLAM",23.633888,75.114358
MADHYA PRADESH,Jhabua,JHABUA,"SHOP NO.-107, FIRST FLOOR, SARDAR PATEL MARG, JHABUA, DISTT.- JHABUA",22.765134,74.599885
MADHYA PRADESH,Karond Mandi,KAROND MANDI,"FIRST FLOOR, HAJI J.K MANJIL NEW JAIL ROAD KAROND BHOPAL, DIST-BHOPAL",23.302831,77.400076
MADHYA PRADESH,Katni,KATNI,"FIRST FLOOR, MADHUVAN COMPLEX, ABOVE SBI EVENING BRANCH, NH-7, JABALPUR ROAD, BARGAWAN, KATNI, DISTT.-KATNI",23.82317,80.383147
MADHYA PRADESH,Khandwa,KHANDWA,"SECOND FLOOR, PLOT NO.4/1, SOHRAB MARG, WARD NO.11, PANDHANA ROAD, BESIDE HYUNDAI SHOW ROOM, KHANDWA",21.824752,76.340773
MADHYA PRADESH,Khargone,KHARGONE,"FIRST FLOOR, PHASE-1, MAYA DEVIKA COMPLEX, BISTAN ROAD, KHARGONE",21.831673,75.61276
MADHYA PRADESH,Khategaon,KHATEGAON,"FIRST FLOOR, WARD NO.-5, NARMADA MARG, KHATEGOAN, DISTT.-DEWAS",22.595078,76.907737
MADHYA PRADESH,Kukshi,KUKSHI,"INDRAPRASTHA TOWER, GROUND FLOOR, SHOP NO.-9, OPPOSITE TATA MOTORS, BARWANI BYPASS ROAD, KUKSHI, DISTT.-DHAR",22.195362,74.75954
MADHYA PRADESH,Maihar,MAIHAR,"PANDEY COMPLEX, GROUND FLOOR, WARD NO.-15, REWA ROAD, MAIHAR, DISTT.-SATNA",24.259532,80.770353
MADHYA PRADESH,Manasa,MANASA,"PLOT NO.-261, LAXMI NARAYAN PLAZA, FIRST FLOOR, OPP. BSNL, ABOVE CANARA BANK, NEEMUCH-JHALAWAR ROAD, MANASA, DISTT.-NEEMUCH",24.472678,75.14307
MADHYA PRADESH,Mandideep,MANDIDEEP,"PLOT NO.-202, SECOND FLOOR, WARD NO.-11, INDRA NAGAR, MANDIDEEP, DISTT.-RAISEN",23.097156,77.516639
MADHYA PRADESH,Mandla,MANDLA,"Ashriwad Bhawan, First Floor, Above Canara Bank, Tilak Ward Nehru Smarak, Raipur Road, Mandla, Distt- Mandla",22.60456,80.365327
MADHYA PRADESH,Mandsaur,MANDSAUR,"PLOT NO.-09, FIRST FLOOR, CHANDAN MARKET, ABOVE YES BANK, STATION ROAD, MANDSAUR, DISTT.- MANDSAUR",24.074133,75.075236
MADHYA PRADESH,Mauganj,MAUGANJ,"GROUND FLOOR, SONI COMPLEX, NEAR MADHYANCHAL GRAMIN BANK, MIRJAPUR ROAD, NH-7, MAUGANJ, TEHSIL-MAUGANJ, DISTT.-REWA",24.67255,81.861414
MADHYA PRADESH,Multai,MULTAI,"FIRST FLOOR, KHASRA NO.-207, AMBEDKAR WARD-13, BETUL-NAGPUR ROAD, MULTAI, DISTT.-BETUL",21.782308,78.252321
MADHYA PRADESH,Nagda,Nagda,"Plot No.57, Ward No.12, Jawahar Marg, Tehsil&Dist- Nagda",23.456175,75.416349
MADHYA PRADESH,Narsinghpur,NARSINGHPUR,"FIRST FLOOR, NEAR BHAGAT SINGH WARD, ABOVE SYNDICATE BANK, BAHRI ROAD, KANDELI, NURSINGHPUR, DISTT.-NURSINGHPUR",22.950274,79.197229
MADHYA PRADESH,Nasrullaganj,NASRULLAGANJ,"DUDI COMPLEX, FIRST FLOOR, KHASRA NO. 165/3/1/1, SHOP NO. 101 AND 102, DURGA MANDIR CHOURAHA, NASRULLAGANJ, DISTT.-SEHORE",22.685187,77.271126
MADHYA PRADESH,Neemuch,NEEMUCH,"FIRST FLOOR, ANANTA TOWER, MHOW ROAD, NEAR NEXA SHOWROOM, NEEMUCH",24.467208,74.868735
MADHYA PRADESH,Pachore,PACHORE,"GROUND FLOOR, ANAND NAGAR COLONY, WARD NO.-4, P. H . NO.-16, A. B. ROAD, PACHORE, DISTT.-RAJGARH",23.724628,76.740487
MADHYA PRADESH,Pandhurna,PANDHURNA,"PLOT NO.-120, SHOP NO.-9 & 10, GURUNANAK WARD, ABOVE UNION BANK OF INDIA, AMRAVATI ROAD, PANDHURNA, DISTT.-CHHINDWARA",21.59333,78.523111
MADHYA PRADESH,Panna,PANNA,"First Floor, House No. 219, Jagat Chowky, In Front of Science College, Village Mohan Purva, Dist. Panna",24.7013733,80.1799224
MADHYA PRADESH,Pithampur,PITHAMPUR,"PLOT NO.-35, FIRST FLOOR, NEAR CHATRA CHAYA COLONY, RAM RATAN PATEL NAGAR, WARD NO.-7, MHOW-NEEMUCH ROAD, PITHAMPUR, DISTT.-DHAR",22.605053,75.686573
MADHYA PRADESH,Raisen,RAISEN,"KHASRA NO.-4/12, FIRST FLOOR, NEAR M.P.E.B. NAGAR COLONY, OPP. CETRAL BANK OF INDIA, ARJUN NAGAR, SAGAR ROAD, RAISEN, DISTT.-RAISEN",23.330083,77.793114
MADHYA PRADESH,Rajgarh-Mp,Rajgarh-Mp,"Plot No 73/16, Situated At First Floor, Ward No.06, Chandrashekhar Marg, Tehsil& Dis Rajgad(Dhar)",23.676757,76.947356
MADHYA PRADESH,Ratlam,RATLAM,"First Floor, Railway Station Road, Freeganj, Ratlam",23.0317606,72.9294125
MADHYA PRADESH,Rewa,REWA,"Ashirwad Complex, Dr. Adarsh Awasthi Line, Third floor, Above SBI Regional Office, Near Geeta Jyoti School Campus, Urrahat, Rewa",26.9091397,75.8185984
MADHYA PRADESH,Sagar,SAGAR,"Survey no. 159/8, 159/9, 159/10 (New Number 159/62), First Floor, Patwari halka No. 72, Village Makroniya Bujurg, Jabalpur road, Tehsil & District Sagar",23.833587,78.757489
MADHYA PRADESH,Sanawad,SANAWAD,"PLOT NO.-51, GROUND FLOOR, WARD NO.-16, GOSWAMI TULSIDAS ROAD, SANAWAD, DISTT.-KHARGONE",22.179586,76.070196
MADHYA PRADESH,Satna,SATNA,"SECOND FLOOR, NEAR OLD MAHATMA GANDHI COLLEGE, PANNA ROAD SOUTH, PATERI, SATNA, DISTT.-SATNA",24.575623,80.808974
MADHYA PRADESH,Sehore,SEHORE,"GROUND FLOOR, KHASRA NO. 439/3, SEKHDA KHEDI ROAD, CHAVANI, SEHORE, DISTT.-SEHORE",23.198668,77.088032
MADHYA PRADESH,Sendhwa,SENDHWA,"GROUND FLOOR, OLD AB ROAD NEAR INCOME TAX OFFICE, SENDHWA, DISTT.-BARWANI",21.679026,75.091663
MADHYA PRADESH,Seoni,SEONI,"FIRST FLOOR, BHARGAVA BHAWAN, INFRONT OF TILAK SCHOOL, CHHINDWARA CHOWK, SEONI, DISTT.-SEONI",22.076921,79.543983
MADHYA PRADESH,Shahdol,SHAHDOL,"PLOT NO.-25, FIRST FLOOR, NEAR BUS STAND, BALPURVA COLONY, BUDRAR ROAD, SHAHDOL, DISTT.-SHAHDOL",23.301447,81.371202
MADHYA PRADESH,Shajapur,SHAJAPUR,"FIRST FLOOR, IRRIGATION COLONY, NH-3, A B ROAD, SHAJAPUR, DISTT.-SHAJAPUR",23.421659,76.286254
MADHYA PRADESH,Shamgarh,SHAMGARH,"FIRST FLOOR, DIMPLE CHOURAHA, GAROTH ROAD, SHAMGARH, DIST-MANDSAUR",24.193943,75.632685
MADHYA PRADESH,Sheopur,SHEOPUR,"GULABRAM HEIGHTS, FIRST FLOOR, OPPOSITE NURSERY, NEAR CANAL, PALI ROAD, SHEOPUR, DISTT.-SHEOPUR",25.683809,76.690016
MADHYA PRADESH,Shivpuri,SHIVPURI,"JAI BHILARI BUILDING, SECOND FLOOR, NEAR KALI MATA TEMPLE, SHIV SAGAR COLONY, WARD NO.-37, KALARBAGH, AB ROAD, SHIVPURI, DISTT.-SHIVPURI",25.435711,77.660701
MADHYA PRADESH,Shujalpur,SHUJALPUR,"FIRST FLOOR, GANDHI COLONY MG ROAD, INFRONT OF SDM BANGLAW, SHUJALPUR",23.386111,76.718369
MADHYA PRADESH,Singoli,SINGOLI,"SHOP NO.-106 AND 107, FIRST FLOOR, OPPOSITE DHAKAD COMPLEX, WARD NO.-01, CHITTORGARH MAIN ROAD, SINGOLI, DISTT.-NEEMUCH",24.969959,75.286208
MADHYA PRADESH,Sitamau,Sitamau,"Plot/House No.8/1, On Survey No.140/5 Peki, Ward No.01, Behind Sethia Hospital, Ghundia Bagh, Gaw Shala Road, Kasba Sitamau, Tehsil Sitamau, Dist.- Mandsaur",24.013258,75.349298
Madhya Pradesh,Tikamgarh,Tikamgarh,"Khasra no. 1511, First Floor, In Front of Arena Maruti Suzuki Showroom, Ward No. 27, Near New Bus Stand, Chhatarpur Road",24.753435,78.85789
MADHYA PRADESH,Ujjain,UJJAIN,"A-6/3, FIRST FLOOR, MAHAKAL VINIJAK KENDRA, NEAR HOTEL SUDDH SHREE, UJJAIN, DISTT.-UJJAIN",23.157069,75.790414
MADHYA PRADESH,Umaria,UMARIA,"PLOT NO.-298/750, FIRST FLOOR, WARD NO.-9, ARJUN NAGAR, KHALESAR NAKA, UMARIA, DISTT.-UMARIA-484661 (MADHYA PRADESH)",23.521071,80.845823
MADHYA PRADESH,Vidisha,VIDISHA,"THIRD FLOOR, GAURAV BUSINESS SQUARE, WARD NO.-8, SANCHI ROAD, VIDISHA, DISTT.-VIDISHA",23.519593,77.799306
MAHARASHTRA,Ahmednagar,AHMEDNAGAR,"OFFICE NO.-207, SECOND FLOOR, NEAR DAULE HOSPITAL, BEHIND ICICI BANK, SAVEDI, AHMEDNAGAR",19.121677,74.728016
MAHARASHTRA,Akola,AKOLA,"PLOT NO.-02, YAMUNA TARAG COMPLEX, UNIT NO.-33, FIRST FLOOR, MURTIZAPUR ROAD, UMARKHED, AKOLA, DISTT.-AKOLA",20.699027,77.01505
MAHARASHTRA,Ambajogai,Ambajogai,"VivekSindhu complex, Plot no. 1, First Floor, MCH no. 9/560, Survey no. 371, Varsha Housing Society, Gathal press road, Jaywanti Nagar (Prashant Nagar), Ambajogai, Tehsil Ambajogai, District Beed",18.7297595,76.3923099
MAHARASHTRA,Baramati,BARAMATI,"Ratna Height, Plot no. 1, First Floor, S. No.-41/1/B/2, Near Mahalaxmi Petrol Pump, Laxmi Narayan Nagar, Nira-Baramati Road, Baramati, Dist. Pune",18.144397,74.564766
MAHARASHTRA,Barshi,Barshi,"Rana Commercial Complex, CTS no.- 4068/2, 4069 Palki Gala & Office no. 08 & 09, Ground floor, B/H S.T Stand, Near SBI Bank, At- Barshi, Tehsil Barshi, District Solapur",18.23311,75.69758
MAHARASHTRA,Belapur,BELAPUR,"PLOT NO.-21, SHIV CHAMBER, GROUND FLOOR, OFFICE NO.-15, SECTOR-11 CBD, BELAPUR, NEW MUMBAI, TAL. DISTT.-THANE",19.017734,73.04211
MAHARASHTRA,Chalisgaon,CHALISGAON,"OFFICE NO.- 6, SHIVRAJE SHOPPING COMPLEX, FIRST FLOOR, OPP. WANI MANGAL KARYALAYA, BHADGAON ROAD, CHALISGAON, DISTT.-JALGAON",20.467505,75.011926
MAHARASHTRA,Chandrapur,Chandrapur,"Yergude Complex , First Floor, Nanaji Nagar, Nagpur Road, Chandrapur, Ta & Di.- Chandrapur",19.97531156,79.28404701
MAHARASHTRA,Chhatrapati Sambhaji Nagar,CHHATRAPATI SAMBHAJI NAGAR,"SHOP NO.-6 & 7, GROUND FLOOR, GOLD FIELD BUILDING, GOLDEN CITY CENTER, NEAR POROZONE MALL, MIDC CHIKALTHANA, AURANGABAD, DISTT.-AURANGABAD",19.875359,75.373296
MAHARASHTRA,Chiplun,CHIPLUN,"Office No.-08, Ground Floor, Krushnashwar Nagar, Mumbai - Goa Hwy, beside TVS Showroom, Krishneshwar Nagar, Pag, Dist, Chiplun",17.5183,73.5075267
MAHARASHTRA,Dharashiv,Dharashiv,"SHOP NO.-06, GROUND FLOOR, SWAPNRAJ COMPLEX, NEAR DNYANSHWAR MANDIR, YEDSI ROAD, OSMANABAD, DISTT.-OSMANABAD",18.210075,76.041135
MAHARASHTRA,Dhule,DHULE,"Survey No. 40/1, Plot No 10 , CTS 181 Mumbai Agra Highway, Nr Challisgaon Dhule Highway Road, Opp. Bafna Transport, At :- Mohadi Ta & Di :- Dhule",20.874783,74.77939
MAHARASHTRA,Gondia,Gondia,"Radhika Complex, OFFICE NO.-3, FIRST FLOOR, Plot No. 11/1068, Care Manu Medical Store, Gondia City, Fulchur Road, Bajrang Nagar, Dis. Gondia, At. Gondia",21.448761,80.200921
MAHARASHTRA,Ichalkaranji,ICHALKARANJI,"OFFICE NO.-7, GROUND FLOOR, BHARGAVI COMPLEX, SANGLI NAKA, SANGLI ROAD, BESIDE APALA LUCKY BAZAR, ICHALKARANJI, TA.-HATAKANANGALE, DISTT.-KOLHAPUR",16.704197,74.478203
MAHARASHTRA,Jalgaon,JALGAON,"OFFICE NO:- 47, FIRST FLOOR, SURESHDADA JAIN SHOPPING COMPLEX, NR. AJANTHA SQUARE, AJINTHA ROAD, JALGAON - 425001 (MAHARASHTRA)",21.00111,75.577859
MAHARASHTRA,Jalna,JALNA,"KRISHNA ARCADE, SECOND FLOOR, OFFICE NO.-F/3, NEAR NAGAR PARISHAD BUILDING, RAILWAY STATION ROAD, JALNA, DISTT.-JALNA",19.834609,75.891609
MAHARASHTRA,Kalyan,KALYAN,"SEASONS BUSINESS CENTER”, CTS NO.-3497 & 3515, SHOP NO.-103, FIRST FLOOR, A WING, OPP KALYAN DOMBIVALL MUNCIPAL CORPORATION, KALYAN, DISTT.-THANE",19.241062,73.128649
MAHARASHTRA,Kankavali,KANKAVALI,"Office No.-F-9, A Wing, Second Floor, Manohar Shilp, Near Jaltarang Hotel, Bkg Road, Post-Kalmath, Tal.-Kankavli, Distt.-Sindhudurg",16.272209,73.707724
MAHARASHTRA,Karad,KARAD,"OFFICE NO.-5, FIRST FLOOR, VYANKTESH PLAZA, NEAR KOYANA KHAT KARKHANA, PUNE-BANGLORE HIGHWAY, MALKAPUR, KARAD, TALUKA-KARAD, DISTT.-SATARA",17.268085,74.178862
MAHARASHTRA,Kedgaon,KEDGAON,"OFFICE NO.-1, SECOND FLOOR, KALE COMPLEX, NEAR SADHANA SAHAKARI BANK LTD., PUNE-SOLAPUR ROAD, KEDGAON CHAUFULA, TA.-DAUND, DISTT.-PUNE",18.453262,74.381646
MAHARASHTRA,Khamgaon,KHAMGAON,"OFFICE NO.-04, PLOT NO.-13/3, GROUND FLOOR DEVENDRA COMPLEX, NANDURA ROAD, DISTT, NH. 6, Madhav Nagar, Khamgaon",26.9091397,75.8185984
MAHARASHTRA,Khopoli,KHOPOLI,"JINYASH, OFFICE NO.-06, FIRST FLOOR, WING C, OLD MUMBAI-PUNE HIGHWAY, SHIL KHOPOLI, TAL.-KHALAPUR, DISTT.-RAIGAD",18.79873,73.326982
MAHARASHTRA,Kolhapur,KOLHAPUR,"C.S. NO.-1411, SECOND FLOOR, MAYA CHAMBERS, ‘C’ WARD, LAXMIPURI, KOLHAPUR, TALUKA-KARVEER, DISTT.-KOLHAPUR",16.699936,74.230716
MAHARASHTRA,Latur,LATUR,"OFFICE NO.-1, FIRST FLOOR, GANESH ARCADE, SOLAPUR-NANDED RING ROAD, ABOVE GANESH TYRE, OPP. SHANI MANDIR, SHRINIVAS NAGAR, LATUR, TA & DISTT.-LATUR",18.384541,76.568358
MAHARASHTRA,Malegaon,MALEGAON,"OFFICE NO:- 18, FIRST FLOOR, OLD AGRA ROAD, OPP. GAYATRI HOSPITAL, MALEGAON",20.54781,74.524422
MAHARASHTRA,Mumbai,MUMBAI,"D-111, FIRST FLOOR, KANAKIA ZILLION, LBS MARG, KURLA West, MUMBAI",19.07548931,72.87651493
MAHARASHTRA,Mumbai Sakinaka,MUMBAI SAKINAKA,"815 B WING, EIGHTH FLOOR, PRANIK CHAMBER OWMERS CO-OP PREMISES SOCIETY LTD, SAKI VIHAR ROAD, SAKINAKA, ANDHERI (EAST), TEHSIL-KURLA, DISTT.-MUMBAI",19.105379,72.887368
MAHARASHTRA,Nagpur,NAGPUR,"Brijbhumi Commercial Complex, Block No 301, 2nd Floor, Plot 263/264, Central Avenue Road, Near Telephone Exchange Square, Nagpur",21.148684,79.121672
MAHARASHTRA,Nanded,NANDED,"PLOT NO.-131, GEETA TOWER, THIRD FLOOR, BLOCK NO -1, NEW MONDHA, VIP ROAD, TA & DISTT.-NANDED",19.166609,77.312952
MAHARASHTRA,Narayangaon,NARAYANGAON,"OM JAIBOLE PRESTIGE BUILDING, KHODAD ROAD, RAMKRUSHNA CHOCK, NARAYANGAON, DISTT.-PUNE-410504 (MAHARASHTRA)",19.116887,73.978243
MAHARASHTRA,Nashik,NASHIK,"MALPANI ARCADE, OFFICE NO.-303, THIRD FLOOR, SURVEY NO.-617/1/3/A, TIDKE COLONY, NEAR SOPAN HOSPITAL, NASHIK, DISTT.-NASHIK",19.9914375,73.77881518
MAHARASHTRA,Pandharpur,Pandharpur,"Sadanand ” Office No.-6, Ground Floor, Gat No.-103, Plot No.-01, Ladnagar, College Chouk, Pandharpur, Ta.-Pandharpur, Dis.-Solapur,",17.6801857,75.3130689
MAHARASHTRA,Panvel,PANVEL,"NEELKANTH LANDMARK, PLOT NO.-365/1, OFFICE NO.-403, BEHIND ORION MALL, PANVEL-MATHERAN ROAD, PANVEL, NAVI MUMBAI",18.994656,73.116329
MAHARASHTRA,Pen,PEN,"REDWOOD CITY PLAZA, PLOT NO.-C-13, OFFICE NO.-216, SECOND FLOOR, SURVEY NO.-242/B, PEN, TAL.-PEN, DISTT.-RAIGAD",18.740297,73.090709
MAHARASHTRA,Pimpalgaon,PIMPALGAON,"GROUND FLOOR, GALA NO.-16, UDYOG BHAVAN, SURVEY NO.-522/3, MUMBAI-AGRA NATIONAL HIGHWAY, PIMPALGAON BASANT, TAL.-NIPHAD, DISTT.-NASHIK",20.164834,73.987085
MAHARASHTRA,Pimpri,Pimpri,"Office No.-A-22, First Floor, Jewel Of Pimpri, Opp. Pcmc, Mumbai-Pune Road, Pimpri, Pune",18.62851292,73.8029531
MAHARASHTRA,Pune,PUNE,"OFFICE NO.-202, MODI PLAZA, SECOND FLOOR, SURVEY NO.-408/3, PUNE SATARA ROAD, SWARGATE, GULTEKADI",18.49726459,73.8582459354073
MAHARASHTRA,Roha,ROHA,"DATTPRABHA BUILDING”, OFFICE NO.-3, FIRST FLOOR, SURVEY NO.- 52 (26 A 2), ROHA-KOLAD ROAD, ROHA, DISTT.-RAIGARH",18.437905,73.121044
MAHARASHTRA,Sangamner,SANGAMNER,"SURVEY NO. 127 (3/1), PLOT NO. 24, 25, 26, 27, OFFICE NO.-A-11/1, GROUND FLOOR, ORANGE CORNER, NASHIK PUNE HIGHWAY, SANGAMNER",19.584784,74.20189
MAHARASHTRA,Sangli,SANGLI,"OFFICE NO.-S-6, SECOND FLOOR, VENKATESH EMBASSY, EXT. C.T.S. NO.-520, OPP. ZILA PARISHAD, SANGLI-MIRAJ ROAD, SANGLI, TALUKA-MIRAJ, DISTT.-SANGLI",16.85469645,74.57801596
MAHARASHTRA,Satara,SATARA,"OFFICE NO.-13, FIRST FLOOR, SENTURY BAZAR, OPP. JILA PANCHAYAT OFFICE, TALUKA & DISTT.-SATARA",17.6869426,74.01559334
MAHARASHTRA,Shahada,SHAHADA,"OFFICE NO.-16/B, GROUND FLOOR, SUR SANKUL COMPLEX, NEAR KHARIDE BIKRI, TALUKA-SHAHADA, DISTT.-NAN DURBAR",21.538235,74.473578
MAHARASHTRA,Shevgaon,SHEVGAON,"OFFICE NO.-1, GROUND FLOOR, SAMRUDHI COMPLEX, MIRI ROAD, SHEVGAON, TAL.-SHEVGAON, DISTT.-AHMEDNAGAR",19.349664,75.209741
MAHARASHTRA,Shirpur,SHIRPUR,"OFFICE NO:- 5, FIRST FLOOR, NAGARPALIKA COMPLEX, AMBICA NAGAR, MARKET ROAD, SHIRPUR",21.350683,74.884016
MAHARASHTRA,Shrirampur,SHRIRAMPUR,"FIRST FLOOR, DHRUVI COMPLEX, OPP. JEEVAN RADIO HOUSE, MAIN ROAD, SHRIRAMPUR, DISTT.-AHMEDNAGAR",19.61526223,74.6572911
MAHARASHTRA,Sinnar,SINNAR,"OFFICE NO.-A-21, FIRST FLOOR, YELMAME COMPLEX, NEAR CHOLAMANDALAM OFFICE, ADAVA PHATA, SINNAR, TA.-SINNAR, DISTT.-NASHIK",19.848082,73.989952
MAHARASHTRA,Solapur,SOLAPUR,"OFFICE NO.-4, SECOND FLOOR, GURUSHARAN SANKUL, C.T.S. NO.-8396/B-1, RAILWAY LINE, OPP, BUS DEPO, SOLAPUR SITY, TEHSIL-UTTAR SOLAPUR, DISTT.-SOLAPUR",17.661102,75.9062
MAHARASHTRA,Tembhurni,TEMBHURNI,"PLOT NO.-1, SHOP NO.-7, GROUND FLOOR, AKLUJ ROAD, TEMBHURNI, DISTT.-SOLAPUR",18.03141,75.1894
MAHARASHTRA,Thane,THANE,"PLOT NO.-C 1, OPAL SQUARE IT PARK, OFFICE NO.-806, EIGHTH FLOOR, WAGLE INDUSTRIAL ESTATE, PADWAL NAGAR, THANE WEST, TALUKA AND DISTRICT-THANE",19.190552,72.954854
MAHARASHTRA,Udgir,UDGIR,"PRAKASH TOWER, FIRST FLOOR, ADJOINING HDFC BANK, OPP. GOVT. MILK DAIRY AND KHATIBAN MASJID, NANDED-BIDAR ROAD, UDGIR, TAL-UDGIR, DISTT.-LATUR",18.38394,77.119862
MAHARASHTRA,Vaijapur,VAIJAPUR,"OFFICE NO.-7, FIRST FLOOR, MUSTAFA PARK, NEAR AADHAR HOSPITAL, LADGAON ROAD, VAIJAPUR, DISTT.-AURANGABAD",19.922681,74.726825
MAHARASHTRA,Vasai,VASAI,"ROYAL SHOPPING CENTRE”, PLOT NO.-31, SECOND FLOOR, OFFICE NUMBER 21, NAVGHAR, VASAI, DISTT.-THANE",19.38608054,72.82729422
MAHARASHTRA,Vashi,VASHI,"PLOT NO.-14/15, THE CORPORATE PARK, OFFICE NO.-303, THIRD FLOOR, SECTOR-18, VASHI, NAVI MUMBAI",19.06863714,73.00706906
Maharashtra,Wardha,WARDHA,"Sukhkarta Complex, Ground Floor, Office No. 5, Ward No. 8 ,Survey No. 34, 34/1K/1G, Arvi Naka, Wardha, Tehsil Wardha, District Wardha",20.754185,78.601078
MAHARASHTRA,Washim,WASHIM,"Patni Commercial Complex, Office No.-36, First Floor, Wing C, Risod Naka, Risod Road, Washim Distt.-Washim",20.109657,77.126514
MAHARASHTRA,Yavatmal,YAVATMAL,"PLOT NO.-38, GROUND FLOOR, NAZUL SHEET NO.-39 A, VIDHARDH HOUSING SOCIETY, YAVATMAL, DISTT.-YAVATMAL",20.383832,78.127923
MAHARASHTRA,Yeola,YEOLA,"SHOP NO. 06, UTTAMRAO SHINDE COMPLEX, PRASHANT SHINDE NAGAR, PAREGAON ROAD, YEOLA, DISTT",20.039922,74.482232
PUNJAB,Abohar,ABOHAR,"CHOUDHARY COMPLEX, FIRST FLOOR, STREET NO.-12-13, SUNDER NAGRI, ABOHAR-HANUMANGARH ROAD, ABOHAR, DISTT.-FAZILKA",30.146859,74.20436
PUNJAB,Amritsar,Amritsar,"Third Floor, Sumanglam Buildings, The Mall Road, Near Tata Motors, Amritsar",31.641608,74.869084
Punjab,Bagha Purana,BAGHA PURANA,"Khewat No. 581, Khatoni no. 850, Khasra No. 524//2(3-17), First Floor, Moga Road, Near Gurudwara Baba Mastan Singh, Bagha Patti, Bagha Purana, Dist. Moga",30.693212,75.094771
PUNJAB,Barnala,BARNALA,"PLOT NO.-BX/311, FIRST FLOOR, ABOVE IDBI BANK, NEAR OLD BUS STAND, PAKKA COLLAGE ROAD, BARNALA, DISTT.-BARNALA-148101 (PUNJAB)",30.369586,75.544476
Punjab,Batala,Batala,"First Floor, Qadian Chungi, Jalandhar Road, Batala, DIST. Gurdaspur",31.8097361,75.2163449
PUNJAB,Bathinda,BATHINDA,"SCO- 1 & 2, SECOND FLOOR, PUDA COMMERCIAL COMPLEX, 100 FEET ROAD, CIVIL LINE, BATHINDA, DISTT.-BATHINDA",30.205064,74.954063
PUNJAB,Faridkot,FARIDKOT,"PLOT NO.-B-X1-3, FIRST FLOOR, ADJOINING IDFC BANK, CIRCULAR ROAD, DOGAR BASI CHOWK, FARIDKOT, DISTT.-FARIDKOT",30.666051,74.762669
PUNJAB,Fazilka,FAZILKA,"WADHWA'S BUILDING, FIRST FLOOR, ABOVE WADHWA MOTORS, OPP. MODI PETROL PUMP, ABOHAR ROAD, FAZILKA, DISTT.-FAZILKA",30.393585,74.032921
PUNJAB,Ferozepur,FEROZEPUR,"BUILDING NO-1, FIRST FLOOR, ABOVE HUMBURG SHOWROOM, NAMDEV CHOWK, MALWAL ROAD DISTT.-FEROZEPUR",30.952832,74.616487
PUNJAB,Hoshiarpur,Hoshiarpur,"SCO NO.-4, FIRST FLOOR, SCHEME NO.-11, IMPROVE TRUST BUILDING, SANT HARCHAND SINGH LONGOWAL NAGAR, HOSHIARPUR-CHANDIGARH ROAD, HOSHIARPUR",31.521685,75.924311
PUNJAB,Jagraon,JAGRAON,"368/C, FIRST FLOOR, KAPOOR BUILDING, TEHSIL ROAD, JAGRAON, DISTT.-LUDHIANA",30.808685,75.476138
PUNJAB,Jalandhar,JALANDHAR,"SCO-36, THIRD FLOOR, PUDA COMPLEX, RAJINDER NAGAR, JALANDHAR, DISTT.-JALANDHAR",31.31968521,75.59426152
Punjab,Kapurthala,Kapurthala,"Sco-8, First Floor, Puda Complex, Near London Hotel, Kapurthala",31.37555105,75.38033078
PUNJAB,Khanna,Khanna,"First Floor, Shivam Complex, Near Pspcl Board, Main Gt Road, Khanna, Dist-Ludhiana",30.70031,76.230077
PUNJAB,Ludhiana,LUDHIANA,"SCO-14, FIRST FLOOR, BACK HALL, SKYLAND TOWER, FEROZE GANDHI MARKET, JILA KACHERI AREA, MODEL GRAM, LUDHIANA, DISTT.-LUDHIANA",30.900305,75.833879
Punjab,Ludhiana Sme Zo Branch,LUDHIANA SME ZO Branch,"Khewat no. 741, Khatoni no. 744, 2nd floor (Back side area), B-28/1339/PN/118C, Infinity Tower, Passi Nagar, 200 ft. Bypass Road, Phullanwal,",30.8701601815507,75.8172656946391
PUNJAB,Malerkotla,MALERKOTLA,"PLOT NO. 12 & 13, GROUND FLOOR, MAJOR GENERAL MAHINDER SINGH ENCLAVE, DHURI ROAD, MALERKOTLA, DISTT.-MALERKOTLA",30.515964,75.888621
PUNJAB,Malout,MALOUT,"FIRST & SECOND FLOOR, NEAR LIC BUILDING, GT ROAD, NH-10, MALOUT, DISTT.-MUKTSAR SAHIB",30.20208808,74.48973395
PUNJAB,Mansa,MANSA,"FIRST FLOOR, GILL COMPLEX, NEAR TEEN KONI CHOWK, BARNALA ROAD, MANSA",29.9998137,75.40669
PUNJAB,Moga,MOGA,"IMPROVEMENT TRUST BUILDINGS, SCO NO.-30, FIRST FLOOR, SCHEME-3, MAIN GT ROAD, MOGA, DISTT.-MOGA, PUNAB-142001 (PUNJAB)",30.824397,75.163352
PUNJAB,Mohali,MOHALI,"SCO-66, SECOND FLOOR, PHASE- 11, SECTOR- 65, NEAR STATE BANK OF INDIA AND GURUDWARA SINGH SABHA, S.A.S. NAGAR (MOHALI), CHANDIGARH",30.680383,76.744821
PUNJAB,Mukerian,MUKERIAN,"FIRST FLOOR, OPP.AV TVS BIKE, PATHANKOT ROAD, MUKERIAN, DIST- HOSHIARPUR",,
PUNJAB,Muktsar,MUKTSAR,"GROUND FLOOR, CHAHAL MARKET, NEAR CHAHAL PALACE, MALOUT ROAD, MUKTSAR, DISTT.-MUKTSAR SAHIB",30.4688529,74.518286
PUNJAB,Nabha,NABHA,"KHASRA NO. 454/2/1(0-17), FIRST FLOOR, OPP. ROYAL ESTATE MAIN GATE, CIRCULAR ROAD, NABHA, DISTT.-PATIALA",30.36674,76.152554
PUNJAB,Nakodar,NAKODAR,"FIRST FLOOR, IP COMPLEX, OPPOSITE KARTAR CLUB, SHANKAR ROAD, NAKODAR, DISTT.-JALANDHAR",31.129256,75.487387
PUNJAB,Nawanshahar,NAWANSHAHAR,"SECOND FLOOR, HIGH CLASS TOWER, BANGA ROAD, NAWANSHAHAR, DISTT.-SHAHID BHAGAT SINGH NAGAR",31.13126223,76.11617002
PUNJAB,Pathankot,PATHANKOT,"SAINI TOWER, FIRST FLOOR, KHASRA NO.-2917/1761/5(21-1), NEAR SHANI TEMPLE, DALHOUSIE ROAD, PATHANKOT, DISTT.-PATHANKOT",32.273259,75.675695
PUNJAB,Patiala,PATIALA,"SECOND FLOOR, SCB NO -07, CHOTTI BARDARI, THE MALL, NEAR AXIS BANK, PATIALA, PUNJAB-147001",30.331928,76.392669
PUNJAB,Patran,PATRAN,"GROUND FLOOR, SHOP NO. 14, 15, 16 & 17, GARG PLAZA, JAKHAL ROAD, PATRAN, DISTT.-PATIALA",29.949453,76.052328
PUNJAB,Rampura Phul,RAMPURA PHUL,"FIRST FLOOR, NEAR BANSAL HOSPITAL, MAIN GT ROAD, RAMPURA PHUL, DISTT.-BATHINDA",30.262955,75.243893
PUNJAB,Rupnagar,RUPNAGAR,"FIRST FLOOR, ABOVE VERMA HARDWARE, MAIN BELA CHOWK, RUPNAGAR, DISTT.-RUPNAGAR",30.966286,76.523265
PUNJAB,Sangrur,SANGRUR,"SCF-18, FIRST FLOOR, OUTSIDE OF SUNAMI GATE, ROXY ROAD, SANGRUR, DISTT.-SANGRUR",30.239156,75.837894
PUNJAB,Sardulgarh,SARDULGARH,"FIRST FLOOR, ABOVE RELIANCE MART, WARD NO.4, SARDULGARH, DIST-MANSA",29.679626,75.238609
PUNJAB,Sirhind,SIRHIND,"GROUND FLOOR, KHASRA NO. 67/1/2/1(1-14), NEAR AAM KHAS BAGH, OPPOSITE BABA PEER, BASSI ROAD, SIRHIND, DISTT.-FATEHGARH SAHIB",30.642957,76.400794
PUNJAB,Zira,Zira,"First Floor, Above HBFC Bank, Ferozpur Road, Near Bus stand, Zira, Distt. Ferozpur",30.970569,74.980724
RAJASTHAN,Abu Road,ABU ROAD,"FIRST FLOOR, SAJJAN COMPLEX, OPPOSITE SAI BABA TEMPLE, MOUNT-ABU ROAD, ABU ROAD, DISTT. SIROHI",24.4942,72.793736
RAJASTHAN,Achrol,ACHROL,"GROUND FLOOR, OPPOSITE VEER TEJA JI MANDIR, NH-8, VILLAGE-ACHROL, TEH. AMER, DISTT.-JAIPUR",27.127185,75.96058
RAJASTHAN,Ajeetgarh,AJEETGARH,"GROUND FLOOR, NEAR HOTEL RANAT BHANWAR, CROWN PLAZA, INDIRA COLONY, NEEMKATHANA ROAD, AJEETGARH, DIST-NEEMKATHANA",27.42171,75.82516
RAJASTHAN,Ajmer,AJMER,"PLOT NO.-01, SHALIMAR COLONY, FIRST FLOOR, SECTOR-A, NASIRABAD ROAD, ADARSH NAGAR, AJMER",26.41665,74.652984
RAJASTHAN,Ajmer Bihariganj,AJMER BIHARIGANJ,"AMC NO. 1226-A/28, NASIRABAD ROAD, BIHARIGANJ DIST-AJMER",26.43041,74.647923
RAJASTHAN,Aklera,AKLERA,"GROUND FLOOR, NEAR SUKH BIHAR GUEST HOUSE, BHOPAL BYPASS HIGHWAY, AKLERA, DISTT.-JHALAWAR",24.414884,76.564078
RAJASTHAN,Alwar,ALWAR,"PLOT NO.-A-4, FIRST FLOOR, KAILASH TOWER, AGRASEN CIRCLE, ANAND VIHAR, INFRONT OF ALWAR BLOOD BANK, ALWAR, DISTT.-ALWAR-301001 (RAJASTHAN)",27.566872,76.625846
RAJASTHAN,Amet,Amet,"Ground Floor, Plot no. 17, Nearby Honda Showroom, Bhilwara Road, Amet, Rajasmand",25.304336,73.931266
RAJASTHAN,Andhi,ANDHI,"GROUND FLOOR, NEAR BHARAT PETROL PUMP, DAUSA ROAD, ANDHI, TESHSIL-JAMWARAMGARH, DISTT.-JAIPUR",27.050611,76.177631
RAJASTHAN,Anupgarh,ANUPGARH,"PLOT NO.-1, FIRST FLOOR, OPPOSIT NEW DHAN MANDI, BIKANER ROAD, ANUPGARH, DISTT.-SRI GANGANAGAR",29.17905731,73.20613171
RAJASTHAN,Arain,ARAIN,"GROUND FLOOR, NEAR INDIAN OIL PETROL PUMP, KISHANGARH ROAD, ARAIN, TEHSIL-ARAIN, DISTT.-AJMER",,
RAJASTHAN,Asind,ASIND,"RAYKA, GROUND FLOOR, NEAR SAHU PROPERTY POINT, BEAWAR ROAD, CHUNGI NAKA, ASIND, TEHSIL-ASIND, DISTT.-BHILWARA",25.743085,74.328546
RAJASTHAN,Bagru,BAGRU,"FIRST FLOOR, BABA MARKET, NEAR DAKWELL, TEHSIL-SANGANER, BAGRU, DISTT.-JAIPUR",26.820984,75.542858
Rajasthan,Bagru Baba Market,BAGRU BABA MARKET,"FIRST FLOOR, BABA MARKET, NEAR DAKWELL, TEHSIL-SANGANER, BAGRU, DISTT.-JAIPUR-303007 (RAJASTHAN)",26.8211357033028,75.5428274291746
RAJASTHAN,Balesar,BALESAR,"FIRST & SECOND FLOOR, NEAR OLD MINING OFFICE, JAISALMER ROAD, BALESAR SATTA, TEHSIL-BALESAR, DISTT.-JODHPUR",26.392135,72.492982
RAJASTHAN,Balotra,BALOTRA,"DARA COMPLEX, FIRST FLOOR, NEAR SARAS DAIRY, PACHPADRA ROAD, BALOTRA, DISTT.-BARMER",25.845058,72.250548
RAJASTHAN,Bandikui,Bandikui,"GROUND FLOOR, OPPOSITE KRISHI MANDI, WARD NO.-09, SIKANDARA ROAD, BANDIKUI, DISTT.-DAUSA",27.03053509,76.56426407
RAJASTHAN,Bansur,BANSUR,"RK MALL, FIRST FLOOR, SHASTRI COLONY GANV, OPPOSITE WATERBOX, NARAYANPUR ROAD, BANSUR, TEHSIL-BANSUR, DISTT.-ALWAR",27.682211,76.351249
RAJASTHAN,Banswara,BANSWARA,"BHARTI SQUIRE, FIRST FLOOR, UDAIPUR ROAD, MOHAN COLONY, BANSWARA, DISTT.-BANSWARA",23.555409,74.441484
RAJASTHAN,Baran,BARAN,"FIRST FLOOR, OPPOSITE PUBLIC PARK, KOTA ROAD, BARAN",25.097806,76.509824
RAJASTHAN,Barmer,BARMER,"FIRST FLOOR, SIYAG MARKET, OPPOSITE THAR HOSPITAL, SHASTRI NAGAR, NH-68, BARMER, DISTT.-BARMER",25.733435,71.401069
RAJASTHAN,Bassi,BASSI,"TUNGA ROAD, NEAR DHRAMKANTA, TEHS.-BASSI, DISTT.- JAIPUR",26.85491402,76.05210404
RAJASTHAN,Beawar,BEAWAR,"PLOT NO.-7 & 8, FIRST FLOOR, NEAR RIICHO COMMERCIAL INDUSTRIAL AREA, AJMER ROAD, BEAWAR, DISTT.-AJMER",26.117709,74.333731
RAJASTHAN,Begun,BEGUN,"FIRST FLOOR, NEAR PARSHURAM CIRCLE, SHREE RAM MARKET, CHITTOR ROAD, BEGUN TEHSIL-BEGUN, DIST- CHITTORGARH",,
RAJASTHAN,Behror,BEHROR,"TIRUPATI TOWER, NEAR RAJASTHAN AUTO MOBILE, NH-8, JAIPUR HIGHWAY ROAD, MAIN ROAD, BEHROR",27.892334,76.295016
RAJASTHAN,Bhadra,BHADRA,"PLOT NO.-36-A, GROUND FLOOR, MAHADEV NAGAR COMMERCIAL COLONY, NEAR VDS PALACE, 8 BARANI, QUILA NO.-13, 28 & 23 OF M-91, BHADRA, DISTT.-HANUMANGARH",29.10943788,75.17670243
RAJASTHAN,Bhankrota,BHANKROTA,"Ground Floor, Khasra No.-1497, Jaisinghpura Chauraha, Ajmer Hi-Way, Bhankrota, Distt.-Jaipur",26.869707,75.693421
RAJASTHAN,Bhawanimandi,BHAWANIMANDI,"GROUND FLOOR, SHREE GANESH NAGAR AWASIYA COLONY, KHASRA NO.-245/1, JHALAWAR ROAD, BHAWANIMANDI, TEHSIL-PACHPAHAD, DISTT.-JHALAWAR",24.410575,75.847732
RAJASTHAN,Bhilwara,BHILWARA,"FIRST FLOOR, UDAI BHANU COMPLEX, EXTENSION-77, PASCHIM VISTAR, SHUBHASH NAGAR, AJMER ROAD, BHILWARA, DISTT.-BHILWARA",25.364305,74.627273
RAJASTHAN,Bhim,BHIM,"K. K. PLAZA, FIRST FLOOR, GOVT. HOSPITAL ROAD, BHIM, DISTT.-RAJSAMAND",25.735178,74.079062
RAJASTHAN,Bhinder,BHINDER,"CHAWDA COMPLEX, FIRST FLOOR, RAMPOLE BUS STAND, SARANGPURA, UDAIPUR ROAD, BHINDER, DISTT.-UDAIPUR",24.5087872,74.1872392
RAJASTHAN,Bhinmal,BHINMAL,"SHREE MAN COMPLEX, FIRST FLOOR, ABOVE STATE BANK OF INDIA, RAMSEEN ROAD, BHINMAL, DISTT.-JALORE",25.00235,72.276792
RAJASTHAN,Bhinyad,Bhinyad,"Ground Floor, Near Gs Kishan Agro, Sh-65, Maukhab Road, Bhiyar, The Sho- Barmer",26.314305,71.464131
RAJASTHAN,Bhiwadi,Bhiwadi,"PLOT NO.-1, UNIT NO. 206-208, SECOND FLOOR, ALWAR BYPASS ROAD, NEAR SUKHAM TOWER, BHAGAT SINGH COLONY, U.I.T., BHIWADI, DISTT.-ALWAR",28.207851,76.808203
RAJASTHAN,Bhopalgarh,BHOPALGARH,"FIRST FLOOR, NEAR TEHSIL OFFICE, OPPOSITE GOVERNMENT HOSPITAL, TEHSIL MARG, BHOPALGARH, DISTT.-JODHPUR",26.648605,73.491538
RAJASTHAN,Bidasar,BIDASAR,"FIRST FLOOR, OLD BUS STAND, WARD NO.-07, BIDASAR, DISTT.-CHURU",27.830015,74.317412
RAJASTHAN,Bijainagar,BIJAINAGAR,"FIRST FLOOR, ABOVE PNB BANK, OLD ROADWAYS BUS STAND ROAD, VIJAYNAGAR, DISTT.-AJMER",25.93022125,74.64739864
RAJASTHAN,Bijaynagar-Ajmer,BIJAYNAGAR-AJMER,"1ST FLOOR, ABOVE PNB BANK, OLD ROADWAYS BUS STAND ROAD, VIJAYNAGAR, DISTT.-AJMER",25.93022125,74.64739864
RAJASTHAN,Bijolia,BIJOLIA,"FIRST FLOOR, JAIN AUTOMOBILE, NEAR GOVT. SCHOOL, MANIKYA NAGAR, MALIPURA CHORAHA, BIJOLIA, TEHSIL-BIJOLIA, DISTT.-BHILWARA",25.150728,75.314101
RAJASTHAN,Bikaner,BIKANER,"CHANJAM, FOURTH FLOOR, OLD GINANI, JUNAGARH ROAD, BIKANER, DISTT.-BIKANER",28.024535,73.318421
RAJASTHAN,Bissau,BISSAU,"GROUND FLOOR, PAHARSARIA COMPLEX, SAHID MUSTAK KHAN CIRCLE, NEAR BY PASS, VILL.-BISSAU, TEHS.-JHUNJHUNUN, DISTT.-JHUNJHUNUN",28.240362,75.076575
RAJASTHAN,Bundi,BUNDI,"PLOT NO.-11, 2ND FLOOR, OPPOSITE GAYATRI NAGAR AGREECULTURE OFFICE, LANKA GATE, BUNDI",25.434303,75.638435
RAJASTHAN,Bundi Gayatri Nagar,BUNDI GAYATRI NAGAR,"FIRST FLOOR WARD, PLOT NO. 11, 25, Lanka Gate Rd, Gayatri Nagar, Bundi",25.434272,75.6360961
RAJASTHAN,Chaksu,CHAKSU,"GROUND FLOOR, OPP. GANGAURI MAIDAAN, TONK ROAD, CHAKSU, DISTT.-JAIPUR",26.603834,75.946921
RAJASTHAN,Chhabra,CHHABRA,"MADAN LAL MENAWAT BHAWAN, PLOT NO.-6 & 7, FIRST FLOOR, PALIWAL GARDEN, INFRONT OF ADJ COURT, CHHABRA-KUMBHRAJ ROAD, CHHABRA, DISTT.-BARAN",24.664313,76.840482
Rajasthan,Chhatargarh,Chhatargarh,"Ground Floor, Near RMGB Bank, Ward No 4, Behind Tehsil, Chhatargarh, Dist. Bikaner",28.670541,73.1201951
Rajasthan,Chhatargarh,Chhatargarh,"Ground Floor, Near RMGB Bank, Ward No 4, Behind Tehsil, Chhatargarh, Dist. Bikaner",28.670541,73.1201951
RAJASTHAN,Chhoti Khatu,CHHOTI KHATU,"Ground Floor, Jagdamba Niwas, Batha Choraha, Chhoti Khatu, Tehsil Didwana, Dist. Nagaur",27.150329,74.346674
RAJASTHAN,Chirawa,CHIRAWA,"FIRST FLOOR, OPPOSITE DIPTY OFFICE, ABOVE HDFC BANK, PILANI ROAD, CHIRAWA, DISTT.-JHUNJHUNUN",28.246682,75.650565
RAJASTHAN,Chittorgarh,CHITTORGARH,"1ST FLOOR, GALAXY D.S., NEAR INDUSAND BANK, COLLECTRY CHORAHA, CHITTORGARH, DISTT.-CHITTORGARH",24.887804,74.625014
RAJASTHAN,Chohtan,CHOHTAN,"FIRST FLOOR, OPPOSITE SG MART, VIRATRA CIRCLE, KELNOR ROAD, CHOHTAN, DISTT.-BARMER",25.490675,71.075575
RAJASTHAN,Chomu,CHOMU,"GROUND FLOOR, NEAR NAV DURGA TEMPLE, JAIPUR ROAD, TEHSIL-CHOMU, DISTT.JAIPUR",27.161328,75.724859
RAJASTHAN,Chomu Shri Ram Plaza,Chomu SHRI RAM PLAZA,"SHRI RAM PLAZA, FIRST FLOOR, NEAR OF BABA DARGAH, OPPOSITE RK FRACTURE HOSPITAL & TROMA CENTER, JAIPUR ROAD, CHOMU, DISTT.-JAIPUR",27.15600688,75.72595541
RAJASTHAN,Churu,CHURU,"FIRST FLOOR, NEAR PANKHA CIRCLE, OPPOSITE CHOUDHARY DHARAM KANTA, CHURU DISTT.-CHURU-331001 (RAJ.)",28.298899,74.953376
RAJASTHAN,Danta Ramgarh,DANTA RAMGARH,"FIRST FLOOR, NEAR ROADWAYS BUS STAND, DANTARAMGARH, TEHSIL & DISTT.-SIKAR",27.289785,75.191483
RAJASTHAN,Dausa,DAUSA,"PLOT NO.-22, SECOND FLOOR, RAMNAGAR COLONY, SANTHAL MODE, NEAR POWER HOUSE, WARD NO.-5, JAIPUR-DAUSA ROAD, DAUSA, DISTT.-DAUSA",26.898279,76.320419
RAJASTHAN,Deedwana,DEEDWANA,"First Floor, Subhash Colony, Opposite Pandit Bachchh Raj Vyas Adarsh Vidhya Mandir, Kuchaman-Sikar-Didwana Road, Didwana, Distt.-Nagaur",27.399851,74.584607
RAJASTHAN,Degana,DEGANA,"SHOP NO.-10 & 11, GROUND FLOOR, BLOCK-A, MARUTI NANDAN MARKET, NEAR RAMDEV MANDIR, MAIN HARSOR ROAD, DEGANA, DISTT.-NAGAUR",26.894701,74.323825
RAJASTHAN,Deogarh,DEOGARH,"1ST FLOOR, OPPOSITE OF ROADWAYS AND PRIVATE BUS STAND, DEOGARH, DISTT.-RAJSAMAND",25.528883,73.903674
RAJASTHAN,Deoli,DEOLI,"GROUND FLOOR, KHASRA NO.-5181/4366, PLOT NO.10, NEAR JYOTI KIRAN HOSPITAL, JAIPUR ROAD DEOLI,DIST-TONK",25.759935,75.385391
RAJASTHAN,Dhariawad,Dhariawad,"Patta No.50, Village- Dhariyawad, Dist-Pratapgarh",24.099335,74.446234
RAJASTHAN,Dhorimana,DHORIMANA,"FIRST FLOOR, NEAR POWER HOUSE, MAHADEV NAGAR, NH-68, DHORIMANNA, DISTT.-BARMER",25.21108,71.436855
RAJASTHAN,Dhuleshwar Garden,DHULESHWAR GARDEN,"PLOT NO. 36, DHULESHWAR GARDEN, C-SCHEME, JAIPUR",26.914432,75.797857
RAJASTHAN,Dudu,DUDU,"GROUND FLOOR, VRINDAVAN DHAM, NEAR K S MOTORS, JAIPUR AJMER ROAD, DUDU, JAIPUR",26.680803,75.235922
RAJASTHAN,Dungargarh,DUNGARGARH,"First Floor, Above Indusind Bank, Near Pani ki Tanki, Station road, Shri Dungargarh, District- Bikaner",28.087685,74.010187
RAJASTHAN,Dungarpur,DUNGARPUR,"MANSI PLAZA COMPLEX, PLOT NO.–2, FIRST FLOOR, NEW HOSPITAL ROAD, NEAR DISHA HOSPITAL, DUNGARPUR, DISTT.- DUNGARPUR",23.855159,73.705515
RAJASTHAN,Fatehnagar,FATEHNAGAR,"GROUND FLOOR, NEAR DHULI MATA MANDIR, UDAIPUR ROAD, FATEHNAGAR, DISTT-UDAIPUR",24.808685,74.082516
RAJASTHAN,Fatehpur,FATEHPUR,"SHOP NO.-2 & 3, GROUND FLOOR, PANCHAYAT SAMITI, FATEHPUR, DISTT.-SIKAR",27.987881,74.962889
RAJASTHAN,Gangapur,GANGAPUR,"A-02, KRISHNA COMPLEX, GROUND FLOOR, OPPOSITE VIDHYA ITI & GOKUL COMPLEX, SAHADA CHAURAHA ROAD, GANGAPUR, DISTT.-BHILWARA",25.208413,74.250927
RAJASTHAN,Gangapur City,GANGAPUR CITY,"PLOT NO.-36, GROUND FLOOR, FCI GOUDAM ROAD, ADARSH COLONY, GANGAPUR ROAD, DISTT.-SAWAI MADHOPUR",26.488956,76.7346
RAJASTHAN,Gharsana,GHARSANA,"FIRST FLOOR, NEAR SANDHU MOTERS, 3 STR, GHARSANA, DISTT.-SRIGANGANAGAR",29.020734,73.068734
RAJASTHAN,Gogunda,GOGUNDA,"GROUND FLOOR, BYE PASS CHOURAHA, UDAIPUR ROAD, GOGUNDA, DISTT.-UDAIPUR",24.750184,73.535766
RAJASTHAN,Gola Ka Bas,GOLA KA BAS,"FIRST FLOOR, SHOP NO.-75, 76 & 97, 98, AMBIKA MARKET SCHEME, NARAYANI MATA MANDIR ROAD, GOLA KA BAS, DISTT.-ALWAR",27.09141,76.312547
RAJASTHAN,Govindgarh,GOVINDGARH,"GROUND FLOOR, KALU KA BAAS, SAANWARIYA MARKET, NEAR POLICE STATION, GOVINDGARH, TEHSIL-CHOMU, DISTT.-JAIPUR",27.250903,75.653703
RAJASTHAN,Govindpura,GOVINDPURA,"OFFICE NO. 15-16, JAI BHAWANI SINGH VISTAR, KALWAR ROAD, GOVINDPURA, JAIPUR",26.953183,75.697828
RAJASTHAN,Gudamalani,Gudamalani,"Shop No.-4, 5 & 6, Ground Floor, Shri Jambheshwar Sewa Sansthan, Opposite Jaldayak Vibhag (Psed), Sanchar Main Road, Gudamalani, Distt.-Barmer",25.1944,71.710369
RAJASTHAN,Gudha Gorji,GUDHA GORJI,"First Floor, Gudha Big Bazar, Near Bus Stand, Guda Gaurji, Tehsil-Udaipurwati, Distt.-Jhunjhunun",27.875942,75.526378
RAJASTHAN,Hanumangarh,HANUMANGARH,"B-2 & B-3, FIRST FLOOR, BABA SHYAM SINGH COLONY, OPP. STATE BANK OF INDIA, WARD NO.-17, PEERKHANA ROAD, HANUMANGARH JUNCTION, TEHSIL & DISTT.-HANUMANGARH",29.605535,74.290548
RAJASTHAN,Harsore,Harsore,"PATTA NO.90, ADARSH NAGAR CHORHA, PARBATSAR ROAD HARSORE, GRAM PANCHAYAT HARSORE, TEHSIL-DEGANA, DIST-NAGAUR",26.738358,74.470704
RAJASTHAN,Itawa,ITAWA,"GROUND FLOOR, KHATOLI ROAD, VILL.-ITAWA, TEHSIL-PIPALDA, DISTT.-KOTA",25.547483,76.385578
RAJASTHAN,Jaipur Branch,JAIPUR BRANCH,"G-1 & G-2, ADARSH PLAZA, KHASA KOTHI, JAIPUR",26.9209928,75.7934366
RAJASTHAN,Jaipur Dcm,JAIPUR DCM,"PLOT NO.-86, ARHAM PLAZA, FIRST FLOOR, TAGORE NAGAR, AJMER ROAD, JAIPUR",26.8913561,75.7424589
RAJASTHAN,Jaipur Ho,JAIPUR HO,"G-1 & G-2, NEW MARKET, KHASA KOTHI CIRCLE, JAIPUR",26.920912,75.79356
RAJASTHAN,Jaipur Kalwar Road,JAIPUR KALWAR ROAD,"PLOT NO.-136-C, FIRST FLOOR, BAL VIHAR COLONY, KALWAR ROAD, JHOTWARA, JAIPUR, DISTT.-JAIPUR",26.945757,75.732828
RAJASTHAN,Jaipur Khora Bhisal,JAIPUR KHORA BHISAL,"SHOP NO.-7 & 8, PAWAN PURI EXTENSION, BENAD ROAD, NEAR SITAWALI PHATAK, KHORA BISAL, DISTT.-JAIPUR",26.9839244,75.7427929
RAJASTHAN,Jaipur Malviya Nagar,JAIPUR MALVIYA NAGAR,"PLOT NO.-S-2 & S-3, GROUND FLOOR, SHRI HANUMAN COLONY, OPP. JAGATPURA RAILWAY STATION, JAGATPURA, JAIPUR, DISTT.-JAIPUR",26.838768,75.832924
RAJASTHAN,Jaipur New Sanganer Road,Jaipur New Sanganer Road,"Sankhala Arcade, Plot No.-10A, Govardhan Colony, New Sanganer Road, Jaipur",26.887833,75.768601
RAJASTHAN,Jaipur Nirman Nagar,JAIPUR NIRMAN NAGAR,"75, First Floor, Parwati Nagar Vistar, T. N. Mishra Marg, Nirman Nagar, Jaipur",26.887907,75.754358
RAJASTHAN,Jaipur Rajapark,JAIPUR RAJAPARK,"SHOWROOM NO.-7, GROUND FLOOR, BLOCK A, JANTA COLONY, ADARSH NAGAR, RAJAPARK, JAIPUR, DISTT.-JAIPUR",26.902332,75.836296
Rajasthan,Jaipur Sahkar Marg,JAIPUR SAHKAR MARG,"PLOT NO.-12, THIRD & FOURTH FLOOR, SCHEME NO.-1, GOLIMAR GARDEN, SUDARSHANPURA, JAIPUR, DISTT.-JAIPUR",26.900852,75.792507
RAJASTHAN,Jaipur Vki,JAIPUR VKI,"First Floor, Spca-1 (A), Opposite Road No.-12, Near Uco Bank, Vki Road, Jaipur",26.991734,75.771861
RAJASTHAN,Jaitaran,JAITARAN,"GROUND FLOOR, OPP. PANCHAYAT SAMITI, NIMAJ ROAD, JAITARAN, DISTT.-PALI",26.202108,73.944547
RAJASTHAN,Jaitsar,Jaitsar,"Plot No.1 At Jetsar, Tehsil-Sri Bijay Nagar, Dist- Sri Ganganagar",29.347235,73.660735
RAJASTHAN,Jalore,JALORE,"SOLANKI COMPLEX, FIRST FLOOR, SHIVAJI NAGAR, AHORE CIRCLE, OPP. POLICE LINES, JALORE, DISTT. -JALORE",25.346089,72.625358
RAJASTHAN,Jamwa Ramgarh,JAMWA RAMGARH,"Ground Floor, Shop No.-38, Ashok Nagar, Thana Mode, Sh-55, Jamwaramgarh, Distt.-Jaipur",27.01898,75.999325
Rajasthan,Jayal,Jayal,"First floor, Choudhary Medicos Jayal Opp. Government Hospital, Jayal, Station road, Jayal",27.2201457,74.1895265
RAJASTHAN,Jhadol,JHADOL,"SHOP NO.-3, SIYARAM COMPLEX, GROUND FLOOR, NEAR OLD PETROL PUMP, VILLAGE-JHADOL, TEHSIL-JHADOL, DISTT.-UDAIPUR",24.415041,73.485725
RAJASTHAN,Jhalawar,JHALAWAR,"PLOT NO.-1, FIRST FLOOR, NEAR GAYATRI TEMPLE, GAYATRI COLONY, KOTA ROAD, JHALAWAR , TEHS.-JHALRAPATAN, DISTT.-JHALAWAR",24.58621,76.166109
RAJASTHAN,Jhunjhunu,JHUNJHUNU,"FIRST FLOOR, WATERWORKS COLONY, NEAR TETARWAL DHARAMKANTA, ROAD NO.-3, LOHARU-SIKAR ROAD, JHUNJHUNUN, DISTT.-JHUNJHUNUN",28.111184,75.391812
RAJASTHAN,Jobner,JOBNER,"GROUND FLOOR, OPPOSITE R R PLAZA, NEAR GOVERNMENT SCHOOL, DHANI NAGAN, JOBNER, TEHSIL-PHULERA, DISTT.-JAIPUR",26.976964,75.398461
RAJASTHAN,Jodhpur,JODHPUR,"SUN TOWER, FIFTH FLOOR, MAIN PAL ROAD, NEAR LUNI PANCHAYAT SAIMITY, JODHPUR, DISTT.-JODHPUR",26.262442,72.989932
RAJASTHAN,Jodhpur Sardarpura,JODHPUR SARDARPURA,"317, 1ST FLOOR, 4-A ROAD, BEHIND ANUPAM TOWER, NEAR OLD KOHINOOR AND SAMSUNG SERVICE CENTRE, JODHPUR",26.280033,73.006827
RAJASTHAN,Kalwar,KALWAR,"SHOP NO.-51 & 52, GROUND FLOOR, SHRI RAM NAGAR, AT KALWAR ROAD, VILLAGE-KALWAR, JAIPUR",26.98296,75.596984
RAJASTHAN,Kapasan,Kapasan,"First Floor, Shyam Dham, Station Road, Opp. Main Post Office, Kapasan, Dist- Chittorgarh",24.878316,74.310528
RAJASTHAN,Katar,KATAR,"GROUND FLOOR, NEAR SBI BANK, KATAR CHHOTI, NOKHA-SANDWA-BIDASAR ROAD, TEHSIL-BIDASAR, DISTT.-CHURU",27.6915559,73.9319579
RAJASTHAN,Kekri,KEKRI,"PLOT NO.-4, GROUND FLOOR, GANPATI NAGAR, SAWAR ROAD, KEKRI, DISTT.-AJMER",25.959431,75.157737
Rajasthan,Kelwara,Kelwara,"Baran-shivpuri road, near police station kelwara, Distt. Baran",25.1327487,76.8768017
RAJASTHAN,Khairthal,Khairthal,"Ward No.-4, Nai Anaj Mandi Byepass, Khairthal, Dist- Alwar",27.8033161,76.6304894
RAJASTHAN,Khajuwala,KHAJUWALA,"FIRST FLOOR, OPPOSITE BISNOI DHARMSHALA, MANDI BERIYANWALI, NEAR ROADWAYS BUS STAND, KHAJUWALA, DISTT.-BIKANER",28.700291,72.595149
RAJASTHAN,Khandela,KHANDELA,"GROUND FLOOR, LAXMI NARAYAN PARADISE, KALAWATIYA MARRIAGE GARDEN, KAWAT ROAD, NEAR BAS STAND, KHANDELA, DISTT.-SIKAR",27.600959,75.506047
RAJASTHAN,Khanpur,Khanpur,"GROUND FLOOR, OPP.ICICI BANK, FAVVARA CIRCLE, JHALAWAR ROAD, KHANPUR, DIST-JHALAWAR",24.726931,76.369457
RAJASTHAN,Khatu Shyamji,KHATU SHYAMJI,"Danta Ramgarh Road, Police Thana Mode, Khatu Shyam Ji, Distt-Sikar",27.366934,75.398452
RAJASTHAN,Kherli,Kherli,"GROUND FLOOR, WARD NO.-13, NEAR AHINSA CIRCLE, SONKHAR ROAD, KHERLI, DISTT.-ALWAR",27.21279636,77.03641358
RAJASTHAN,Kherwara,KHERWARA,"GROUND FLOOR, NEAR JAIN DAL BATI, MAIN ROAD, NH-8, OPP. BHAGYODAY, BADALA, TEHSIL-KHERWARA, DISTT.-UDAIPUR",23.976848,73.590081
Rajasthan,Khetari,KHETARI,"GROUND FLOOR, NEAR BANK OF BARODA, KHETRI SINGHANA ROAD, NANOOWALI BAWADI, KHETRI, DIST-JHUNJHUNU",28.02841,75.800578
RAJASTHAN,Khinvsar,Khinvsar,"Khasra no. 638, First Floor, Above Adesh Agro Agency, Ward no. 5, Padamsar Choraya, Khinvsar, Nagaur",26.973586,73.415109
RAJASTHAN,Kishangarh,KISHANGARH,"PLOT NO.-5, FIRST FLOOR, “SHREE” COLONY, NEAR MIRZA CAR BAZAR, RAMNER ROAD, MADANGANJ, KISHANGARH, DISTT.-AJMER",26.595946,74.84395
RAJASTHAN,Kolayat,KOLAYAT,"GROUND FLOOR, MAIN SADAR BAZAR, NEAR LIC OFFICE & ROADWAYS BUS STAND, TEHSIL-KOLAYAT, DISTT.-BIKANER",27.840528,72.960354
RAJASTHAN,Kota,KOTA,"PLOT NO.-779, FIRST FLOOR, SHASTRI NAGAR, DADABARI, KOTA, DISTT.-KOTA",25.15892293,75.83370359
RAJASTHAN,Kotputli,KOTPUTLI,"OPPOSITE SHYAM HOSPITAL, NH-8, KOTPUTLI, DISTT.-JAIPUR",27.698223,76.189539
RAJASTHAN,Kuchaman City,KUCHAMAN CITY,"SECOND FLOOR, WARD NO.-13, NEAR STATE BANK OF INDIA, STATION ROAD, KUCHAMAN CITY, DISTT.-NAGAUR",27.145834,74.858399
RAJASTHAN,Kuchera,KUCHERA,"OPPOSITE OF SEWAGON KI PANCHAYAT, KUCHERA, TEHS.-NAGAUR, DISTT.-NAGAUR",26.98743577,73.9673906475209
RAJASTHAN,Lakheri,LAKHERI,"WARD NO.-19, BUS STAND ROAD, AU BANK, LAKHERI, DIST- BUNDI",25.670405,76.183297
RAJASTHAN,Lalsot,LALSOT,"FIRST FLOOR, NEAR P.W.D CHOKI. WARD NO.-16, GANGAPUR ROAD, TEHSIL-LALSOT, DISTT.-DAUSA",26.552935,76.335109
RAJASTHAN,Lawan,LAWAN,"GROUND FLOOR, NEAR GOPAL JI TEMPLE, INFRONT OF GOVERNMENT HOSPITAL, LAWAN, DISTT.-DAUSA",26.77392351,76.21051694
RAJASTHAN,Laxmangarh,Laxmangarh,"Ground Floor, Ashirwad Plaza, Near Clock Tower, Laxmangarh, Distt.-Sikar",27.820782,75.027393
RAJASTHAN,Losal,LOSAL,"SHOP NO.05, FIRST FLOOR, SUKH SAGAR PLAZA, MAIN BUS STAND, VILL.-LOSAL, TEHS.-DANTA RAMGARH, DISTT-SIKAR",27.406009,74.917922
RAJASTHAN,Luniyawas,LUNIYAWAS,"SHOP NO.-S-3 & S-4, GROUND FLOOR, GANGA SAGAR, NEAR BUS STAND, LUNIYAWAS, DISTT.-JAIPUR",26.863085,75.892014
RAJASTHAN,Lunkaransar,LUNKARANSAR,"2ND FLOOR, NH-15, SURATGARH ROAD, OPP. MAHVEER PETROL PUMP, LUNKARANSAR DISTT.-BIKANER-334603",28.491935,73.739108
RAJASTHAN,Mahajan,MAHAJAN,"GROUND FLOOR, OPP. BABA RAMDEV HOTEL, NH-15, SURATGARH ROAD, MAHAJAN, DISTT.-BIKANER",28.789409,73.846673
RAJASTHAN,Makrana,MAKRANA,"First Floor, Khasra number 604, Near Bus Stand, Manglana road, Makrana, Dist. Nagaur",27.030909,74.746577
RAJASTHAN,Malpura,MALPURA,"PLOT NO.-8, FIRST FLOOR, OPPOSITE SARAS DAIRY, MALPURA-JAIPUR ROAD, MALPURA, DISTT.-TONK",26.295963,75.372198
RAJASTHAN,Malsisar,MALSISAR,"GROUND FLOOR, WARD NO.-12, JHUNJHUNUN-MALSISAR ROAD, VILL.-MALSISAR, TEHS.-ALSISAR, DISTT.-JHUNJHUNU",28.345732,75.296485
RAJASTHAN,Mandal Garh,MANDAL GARH,"GROUND FLOOR, WARD NO.-3, OPP. AVVNL OFFICE, BYE PASS ROAD, MANDALGARH, DISTT.-BHILWARA",25.19465,75.088516
RAJASTHAN,Mangalwad,MANGALWAD,"NEAR GOVT. HOSPITAL, DUNGLA ROAD, MANGALWAD CHOURAHA, MANGALWAR, CHITTORGARH",24.605332,74.298133
RAJASTHAN,Manoharpur,MANOHARPUR,"GROUND FLOOR, BELOW BAJAJ SHOWROOM, NH-8, JAIPUR ROAD, MANOHARPUR, TEHSIL-SHAHPURA, DISTT.-JAIPUR",27.3022044,75.9556626
RAJASTHAN,Mehandipur Balaji,MEHANDIPUR BALAJI,"GROUND FLOOR, NEAR POLICE STATION, NH-11, MANPUR, TEHSIL-SIKARAI, DISTT.-DAUSA",26.958135,76.681016
RAJASTHAN,Merta City,MERTA CITY,"SHREE NATH COMPLEX, SHOP NO.-22 & 23, FIRST FLOOR, CIVIL LINES, KRISHI MANDI ROAD, MERTA CITY, DISTT.-NAGAUR",26.651485,74.030237
RAJASTHAN,Muhana Mandi,MUHANA MANDI,"GROUND FLOOR, 53, OPP. GOVERNMENT HIGH SCHOOL, NEAR H P PETROL PUMP, MAIN MUHANA MANDI ROAD, MUHANA MANDI, TEHSIL-SANGANER, DISTT-JAIPUR",26.828976,75.753476
RAJASTHAN,Nagaur,NAGAUR,"FIRST FLOOR, ABOVE SYNDICATE BANK, VIJAY VALLABH CHOURAHA, DEH ROAD, NAGAUR, DISTT.-NAGAUR",27.198721,73.749357
RAJASTHAN,Nainwa,NAINWA,"SHOP NO. 5, GROUND FLOOR, NEAR PRIVATE BUS STAND, UNIYARA ROAD, NAINWA, DISTT.-BUNDI",25.773833,75.862923
Rajasthan,Narayanpur,NARAYANPUR,"Ground Floor, Near Dharm Kanta, Shahidon Ka Bas, Narayanpur, Tehsil-Thanagazi, Distt.-Alwar",27.518785,76.302328
RAJASTHAN,Nathdwara,NATHDWARA,"FRONT OF LAL BAGH ROADWAYS BUS STAND, NEAR HOTEL GOKAUL DHAM, N.H-8, NATHDWARA, DIST-RAJSAMAND",,
RAJASTHAN,Nawalgarh,NAWALGARH,"SHOP NO.-21 & 22, FIRST FLOOR, WARD NO.-02, GHUMCHAKKAR CIRCLE, STATION ROAD, NAWALGARH, TEHSIL-NAWALGARH, DISTT.-JHUNJHUNUN",27.845109,75.254424
RAJASTHAN,Neem Ka Thana,NEEM KA THANA,"PLOT NO.-11 A, GROUND FLOOR, ADARSH NAGAR COLONY, WARD NO.-7, OPP. BSNL TOWER, SHAHPURA ROAD, NEEM KA THANA, DISTT.-SIKAR",27.739151,75.783323
RAJASTHAN,Neemrana,Neemrana,"First Floor, Shop No.-9,10, R Tech Capital Galeria, Near Krishna Plaza, Neemrana, Dist-Alwar",27.985961,76.390391
RAJASTHAN,Newai,NEWAI,"1ST FLOOR, ABOVE JAI SHREE EYE AND SKIN CARE CENTER, JAIPUR ROAD, NAGAR PALIKA MANDAL NEWAI, DISTRICT TONK",26.37236,75.926731
RAJASTHAN,Nh-8 Shahpura Road,NH-8 SHAHPURA ROAD,"FIRST FLOOR, ABOVE SBI, NEAR LIC OFFICE, JAIPUR TIRAYA, NH 48, SHAHPURA, TEHSIL-SHAHPURA, DISTT.-JAIPUR",27.37962,75.962023
RAJASTHAN,Nimbahera,NIMBAHERA,"PLOT NO.-B-10 & B-19, FIRST FLOOR, RATNARAJ JAYANTSEN NAGAR, OPPOSITE GOVERNMENT HIGH SCHOOL, TEHSIL-NIMBAHERA, DISTT.-CHITTORGARH",24.618559,74.677935
RAJASTHAN,Nohar,NOHAR,"SHOP NO.-2, GROUND FLOOR, DHAN MANDI EXTENSION, WARD NO. 12, NOHAR, DISTT.-HANUMANGARH",29.19006,74.767546
RAJASTHAN,Nokha,NOKHA,"668, 1ST FLOOR, ABOVE SBI BANK, PIPLI CHOWK, NOKHA, BIKANER",27.55986,73.471984
RAJASTHAN,Osian,OSIAN,"GROUND FLOOR, NEAR NEW BUS STAND, OSIAN, DISTT.-JODHPUR",26.728785,72.907425
RAJASTHAN,Padampur,PADAMPUR,"PLOT NO.-2, MALE SQURE BUILDING, FIRST FLOOR, MANDI PADAMPUR PETROL PUMP BLOCK, PADAMPUR-GAJSINGHPUR ROAD, PADAMPUR, DISTT.- SRIGANGANAGAR",29.703108,73.631201
RAJASTHAN,Pali,PALI,"NAJU PLAZA, PLOT NO.-173, THIRD FLOOR, ADHINATH NAGAR, NEAR NEW BUS STAND, MAIN SUMERPUR ROAD, PALI, DISTT.-PALI",25.757683,73.32426
RAJASTHAN,Pallu,PALLU,"GROUND FLOOR, OPPOSITE JAAT DHARAMSHALA , NEAR HDB FINANCIAL SERVICES, PALLU SARDARSHAHAR HIGHWAY, PALLU, RAWATSAR, DISTT.- HANUMANGARH",28.936783,74.215859
RAJASTHAN,Palsana,PALSANA,"First Floor, Near Gehlot Motors, Jaipur road, Palsana, Dist. Sikar",27.482059,75.38286
RAJASTHAN,Paota,Paota,"Khasra no. 1954/ 2748, 1st Floor, Opposite Govt. Hospital, Yadhuvanshi Plaza, NH-8, Paota, Nagar Palika, Paota, Pragpura, Jaipur",27.581632,76.074639
RAJASTHAN,Paota Anand Tower,PAOTA ANAND TOWER,"FIRST FLOOR, ANAND TOWER, NEAR POST OFFICE, NH-08, PAOTA, TEHSIL-KOTPUTLI, DISTT.-JAIPUR",27.585632,76.075582
RAJASTHAN,Parbatsar,PARBATSAR,"494, FIRST FLOOR IN FRONT OF TEHSIL, NAGAR PALIKA MANDAL PARBATSAR, MANGLANA ROAD, PARBATSAR, DIST.NAGUAR",26.89286728,74.76848495
RAJASTHAN,Phagi,PHAGI,"GROUND FLOOR, OPPOSITE SAWAI MAAN FILLING STATION, JAIPUR-MALPURA ROAD, PHAGI, DISTT.-JAPUR",26.58453,75.569272
RAJASTHAN,Phalodi,PHALODI,"FIRST FLOOR, SHALIMARG TOWER, WATER WORKS PUMP NO.2, NEAR KAKA MARKET, NAGORE ROAD, PHALODI",27.125534,72.371421
RAJASTHAN,Phulera,PHULERA,"PLOT NO.-19 & 20, FIRST FLOOR, NEAR GOVERNMENT HOSPITAL, WARD NO.-1, JOBNER ROAD, PHULERA, DISTT.-JAIPUR",26.878071,75.239181
RAJASTHAN,Pilani,PILANI,"GROUND FLOOR, NEAR BHAGAT SINGH CIRCLE, LOHARU-PILANI ROAD, PILANI, TEHSIL-SURAJGARH, DISTT.-JHUNJHUNU",28.361773,75.60645
RAJASTHAN,Pilibanga,PILIBANGA,"PLOT NO.-44, FIRST FLOOR, WARD NO.-26, NEAR BIJLI BOARD OFFICE, RAILWAY PHATAK, HANUMANGARH ROAD, PILIBANGA",29.489133,74.088018
RAJASTHAN,Pipar City,PIPAR CITY,"GROUND FLOOR, NEAR GURU HASTI EYE HOSPITAL, MUNDRA PARK CIRCLE, PIPAR CITY, TEHSIL-BILARA, DISTT.JODHPUR",26.402423,73.532554
RAJASTHAN,Pokaran,POKARAN,"MAJISA COMPLEX, FIRST FLOOR, PHALSUND ROAD, POKARAN, DISTT- JAISALMER",26.918305,71.921805
RAJASTHAN,Pratapgarh,PRATAPGARH,"Block ‘D’, Plot no. 16, First Floor, KBC Building , Bada Baag Colony, Main road, Zero mail Chouraha, Pratapgarh",24.03265,74.783232
RAJASTHAN,Pratapgarh-Viratnagar,PRATAPGARH-VIRATNAGAR,"MAIN TAXI STAND, THANAGAJI ROAD, PRATAPGARH, THANAGAJI, ALWAR",,
RAJASTHAN,Pugal,PUGAL,"FIRST FLOOR, OPPOSITE OF RAJASTHAN MARUDHARA GRAMIN BANK & BANK OF BARODA, MAIN BUS STAND, KHAJUWALA- BIKANER ROAD, PUGAL, DISTT- BIKANER",28.510435,72.807172
RAJASTHAN,Railmagra,Railmagra,"SHOP NO -02, KHASRA NO-4450/2170, GN COMPLEX, KANKROLI ROAD VILLAGE-RAILMAGRA, THE-RAILMAGRA, DIST-RAJSAMAND",25.029511,74.107766
RAJASTHAN,Raisinghnagar,RAISINGHNAGAR,"PLOT NO.-81 & 82, FIRST FLOOR, OLD GRAIN MARKET, RAISINGHNAGAR, DISTT.-GANGANAGAR",29.534551,73.447698
RAJASTHAN,Rajgarh,RAJGARH,"First Floor, Khasra no. 1796, Plot no. 1, Near panchayat Samiti, railway station Road, Karoth, Rajgarh, DIST.-Alwar",27.24111,76.608012
RAJASTHAN,Rajsamand,RAJSAMAND,"FIRST FLOOR, 100 Feet Rd, beside KRISHNA DAIRY, Meera Nagar, UDAIPUR, Rajsamand",25.0569377,73.7286884
RAJASTHAN,Ramganjmandi,RAMGANJMANDI,"GROUND FLOOR, NEAR TEHSIL COURT & KALI MATA TEMPLE, INDRAPRASTHA COLONY, UNDWA ROAD, RAMGANJMANDI, DISTT.-KOTA-333026 (RAJASTHAN)",24.650809,75.941358
RAJASTHAN,Ramgarh Pachwara,RAMGARH PACHWARA,"GROUND FLOOR, NEAR VETENARY HOSPITAL, TUNGA ROAD, RAMGARH PACHWARA, TEHSIL-LALSOT, DISTT.-DAUSA",26.624858,76.261703
RAJASTHAN,Ratangarh,RATANGARH,"First Floor, Ward no. 3, Near Mahesh Ice Factory, Link road, Ratangarh, Dist. Churu",28.065909,74.610484
RAJASTHAN,Rawatsar,RAWATSAR,"FIRST FLOOR, OPPOSIT PUNJAB NATIONAL BANK, MEHGA HI-WAY, RAWATSAR, DISTT.-HANUMANGARH",29.25926,74.402298
RAJASTHAN,Reengus,REENGUS,"FIRST FLOOR, BY-PASS MILL CHAURAHA, NEAR PWD OFFICE, NH-52, RINGUS, DISTT.-SIKAR",27.376809,75.558105
RAJASTHAN,Renwal,RENWAL,"GROUND FLOOR, NEAR IOCL PERTOL PUMP, CHOMU ROAD, KISHANGARH RENWAL, DISTT.JAIPUR",27.152408,75.360818
RAJASTHAN,Reodar,REODAR,"GROUND FLOOR, UDAY PLAZA, NEAR SHIV SUPER MARKET, MANDAR HIGHWAY ROAD, REODAR, DISTT.-SIROHI",24.615338,72.521703
RAJASTHAN,Sadri,SADRI,"FIRST FLOOR, ABOVE MARUDHARA BANK, NEAR SBI BANK, RANAKPUR ROAD, SADRI, DISTT.-PALI",25.181701,73.45217
RAJASTHAN,Sadulpur,SADULPUR,"FIRST FLOOR, WARD NO.11, INFORNT OF KRISH UPAJ MANDI, SADULPUR, DIST-CHURU",28.632758,75.381048
RAJASTHAN,Sadulshahar,SADULSHAHAR,"SHOP NO.-171, GROUND FLOOR, GENERAL MARKET, NEAR BUS STAND, SADULSAHAR, DISTT.-SRI GANGANAGAR",29.909635,74.175485
RAJASTHAN,Sagwara,SAGWARA,"“KRISHIV COMPLEX”, FIRST FLOOR, NEAR CENTRAL BANK OF INDIA, PUNARWAS COLONY, DUNGARPUR-BANSWARA ROAD, SAGWARA, DISTT.-DUNGARPUR",23.664481,74.009549
RAJASTHAN,Sahawa,SAHAWA,"GROUND FLOOR, NEAR MG MARKET, BUS STAND, WARD NO.-14, SAHAWA, TEHSIL-TARANAGAR, DISTT.-CHURU",28.872451,74.850294
RAJASTHAN,Salasar,SALASAR,"GROUND FLOOR, NEAR RATANGARH CIRCLE, LAXMANGARH BYE-PASS, WARD NO.-9, SALASAR, DISTT.-CHURU",27.733383,74.722608
RAJASTHAN,Salumbar,SALUMBAR,"MAHAVEER VILLA, GROUND FLOOR, NEAR LUV KUSH SCHOOL, SALUMBAR-JHALLARA ROAD, SALUMBAR, DISTT.-UDAIPUR",24.130758,74.039514
Rajasthan,Sangaria,Sangaria,"1st Floor, Ward no.-05, Court Road, Sangaira, Dist. Hanumangarh",29.7938852,74.4579509
RAJASTHAN,Sangod,Sangod,"Khasra No.-808, Village-Sangod, Tehsil -Sangod, Dist-Kota",24.926911,76.281985
RAJASTHAN,Sardarsahar,SARDARSAHAR,"1ST FLOOR, OPP. MAIN GATE OF IASE UNIVERCITY, NEAR BHAWANI PALACE HOTEL, JAIPUR RAOD HIGHWAY,SARDARSHAHAR, DISTT.-CHURU",28.443234,74.515608
RAJASTHAN,Sattasar,SATTASAR,"FIRST FLOOR, ABOVE PNB BANK, BUS STAND, SATTASAR, TEHSIL-CHHATTARGARH, DISTT.-BIKANER",28.591684,73.079135
RAJASTHAN,Shahpura,SHAHPURA,"GROUND FLOOR, PALSANIYA PARADISE, NH-8, SHAHPURA, DISTT.-JAIPUR",27.385053,75.964234
RAJASTHAN,Shahpura-Bhilwara,SHAHPURA-BHILWARA,"SHOP NO.22 & 23, GROUND FLOOR, WELCOME PLAZA, BUS STAND, SHAHPURA, DISTT.-BHILWARA",25.620609,74.925513
Rajasthan,Shahpura-Bhilwara Sindi Colony,Shahpura-Bhilwara Sindi Colony,"Plot No. 102, First Floor, Sindhi Colony, Shahpura, Dist. Bhilwara",25.620609,74.925513
RAJASTHAN,Shivdaspura,SHIVDASPURA,"GROUND FLOOR, OPPOSITE PADAMPURA MODE, SHIVDASPURA, TEHSIL-CHAKSU, DISTT.-JAIPUR",26.705628,75.895859
RAJASTHAN,Sikar,SIKAR,"FIRST FLOOR, GOVIND PLAZA, NEAR CIRCUITE HOUSE, JAIPUR ROAD, SIKAR, DISTT.-SIKAR",27.591433,75.170764
RAJASTHAN,Silver Square Jaipur,SILVER SQUARE JAIPUR,"C-18, OFFICE NO.-3, FOURTH FLOOR, SILVER SQUARE, BHAGWAN DAS ROAD, C-SCHEME, JAIPUR",26.9149132,75.8099307
RAJASTHAN,Singhana,SINGHANA,"GROUND FLOOR, OPP. AYUSH CHILD HOSPITAL, MAIN BUS STAND, DELHI JHUNJHUNU HIGHWAY, SINGHANA, DISTT.-JHUNJHUNU",28.091832,75.832578
RAJASTHAN,Sirohi,SIROHI,"PLOT NO.-04, GROUND FLOOR, BLOCK-B, RAJ COLONY, OPPOSITE HOUSHING BOARD COLONY, NH-14, SIROHI, DISTT.-SIROHI",24.89438732,72.85339194
RAJASTHAN,Sitapura,SITAPURA,"SHOP NO. 110-112, FIRST FLOOR, NEAR TOLL TAX, TONK ROAD, SITAPURA, PRATAP NAGAR, TEHSIL-SANGANER, JAIPUR",26.79031,75.819061
RAJASTHAN,Sri Ganganagar,SRI GANGANAGAR,"03-A-8, FIRST FLOOR, JAWAHAR NAGAR, MEERA MARG, SRI GANGANAGAR, DISTT.-SRI GANGANAGAR",29.913714,73.885331
RAJASTHAN,Sri Karanpur,SRI KARANPUR,"GROUND FLOOR, SHOP NO 23, NAYA BAZAR, JP CHOWK, SRI KARANPUR, DIST-SRI GANGANAGAR",29.841875,73.456453
RAJASTHAN,Sri Vijaynagar,SRI VIJAYNAGAR,"SHOP NO.-64 & 64/1, FIRST FLOOR, GOVERNMENT HOSPITAL ROAD, NEAR GANDHI PARK, OLD DHAN MANDI, SRI VIJAYNAGAR, DISTT.-SRI GANGANAGAR",29.240358,73.522984
RAJASTHAN,Sujangarh,SUJANGARH,"FIRST FLOOR, J.B. ROAD, NEAR ASHOK CIRLCE, OPP. BDS HOTEL, SUJANGARH, DISTT.-CHURU",27.711498,74.468785
RAJASTHAN,Sumerpur,SUMERPUR,"FIRST FLOOR, JAWAI BANDH ROAD, ICICI BANK, BEHIND HOTEL JAWAI KAMBA, SUMERPUR, DIST-PALI",25.14721,73.086424
RAJASTHAN,Suratgarh,SURATGARH,"PLOT NO.-140, FIRST FLOOR, WORKSHOP TRUCK TRANSPORT COMPANY YOJNA, OPPOSITE NEW NAGAR PALIKA, SURATGARH, DISTT.-SRI GANGANAGAR",29.31295224,73.90446704
RAJASTHAN,Taranagar,TARANAGAR,"FIRST FLOOR, AUTO MARKET, NEAR BARODA RAJASTHAN KSHETRIYA GRAMIN BANK, AGARSEN CIRCLE, SAHAWA ROAD, TARANAGAR, DISTT.- CHURU",28.66886368,75.05060538
RAJASTHAN,Thanagazi,THANAGAZI,"Jagdamba Complex, Shop No. -3, Ground Floor, Near Purohit Petrol Pump, Alwar Road, Thanagazi, Tehsil-Thanagazi, Distt.- Alwar",27.40021,76.311828
RAJASTHAN,Thanwala,THANWALA,"MARUDHARA KESHRI COLONY, NEAR MANISHA HOTEL, AJMER ROAD, THANWALA, TEHSIL-RIYABADI, DISTT.-NAGAUR",26.55756,74.472203
RAJASTHAN,Tijara,Tijara,"First Floor, Khasra No. 899, Mi Complaex Holi Tiba Road, Ward No. 5, Main Road, Tijara Dist. Alwar",27.934211,76.850984
RAJASTHAN,Toda Raisingh,TODA RAISINGH,"Near New Roadways Bus Stand, Jaipur Road, Todaraisingh, Distt.-Tonk",26.03353,75.483954
RAJASTHAN,Todaraisingh,TODARAISINGH,"FIRST FLOOR, NEAR BUS STAND, JAIPUR ROAD, TODARAISINGH, DISTT.-TONK",26.03353,75.483954
RAJASTHAN,Tonk,TONK,"FIRST FLOOR, NEAR CHANDRBHAN HOSPITAL, INDRA COLONY, SAWAI MDHOPUR ROAD, TONK, DISTT.-TONK",26.155285,75.785327
RAJASTHAN,Udaipur,UDAIPUR,"FIRST FLOOR, DIAMOND PLAZA, SECTOR 5, HIRAN MANGRI, OPP-CHOUDHARY HOSPITAL, UDAIPUR",24.566075,73.721669
RAJASTHAN,Udaipur Hiran Mangri,Udaipur Hiran Mangri,"FIRST FLOOR, DIAMOND PLAZA, opp. CHOUDHARY HOSPITAL, Sector 5, Hiran Magri, Udaipur,",24.566075,73.7190887
RAJASTHAN,Udaipur Shobhagpura,UDAIPUR SHOBHAGPURA,"VINAYAK PLAZA, PLOT NO.-1, FIRST FLOOR, ARAJI NO.-882 ME., SHOBHAGPURA, UDAIPUR, DISTT.-UDAIPUR",24.603995,73.709091
RAJASTHAN,Udaipurwati,UDAIPURWATI,"FIRST FLOOR, SAFI COMPLEX, TEHSIL ROAD, OPP. SYNDICATE BANK, WARD NO.-12, UDAIPURWATI, DISTT.-JHUNJHUNU",27.726659,75.478485
RAJASTHAN,Virat Nagar,VIRAT NAGAR,"SRI SAGAR PALACE, GROUND FLOOR, SAGAR CITY, WARD NO.-06, NEAR BUS STAND, VIRAT NAGAR, DISTT.-JAIPUR",27.432134,76.176173
UTTAR PRADESH,Ambedkar Nagar,Ambedkar Nagar,"First Floor, Khasra no. 375a, Village Jauhardeeh, Behind Mehrotra Petrol Pump, Tehsil Akbarpur, District Ambedkar Nagar",26.42886,82.53439
UTTAR PRADESH,Auraiya,Auraiya,"Upper ground floor, Rishi Plaza, Kanpur Road, Auraiya",26.4594391,79.5100287
UTTAR PRADESH,Ayodhya,Ayodhya,"Pathak Plaza, Third Floor, Deokali, Ayodhya",26.76867824,82.17386327
Uttar Pradesh,Bahraich,BAHRAICH,"Khasra no 300/0.0136 Hect., First Floor,Narayani Complex, Lucknow road, Village Shedhdahir, Fakharpur, Mahsi, Bahraich",27.557334,81.583453
Uttar Pradesh,Bakshi Ka Talab,Bakshi Ka Talab,"1st floor , Above axis bank, Gate No. 21, Village Vargadi Magath, Nagar Panchayat BKT, In front of Railway Station, Bakshi ka Talab, Dist. Lucknow",26.9883227,80.9182299
Uttar Pradesh,Banda,BANDA,"First Floor, A-18 A Block, Avas Vikas, A-Block Banda, - 210001",25.491585,80.336671
UTTAR PRADESH,Barabanki,Barabanki,"First Floor, Sri Sai Plaza Obaree Opposite Dm Residence, Barabanki",26.923609,81.178111
UTTAR PRADESH,Bareilly,Bareilly,"First Floor, Ashok Complex, Bank Of Baroda Building, Sevadham Colony, Karamchari Nagar, Mini Bypass Road, Izzat Nagar, Bareilly",28.38286,79.398014
Uttar Pradesh,Basti,Basti,"Ground Floor, CBM Building 979 A, Village Rameshwarpuri Tappa Haveli, Ward no 8, Basti Purab Nagar Palika Parishad, Basti, Malviya Road, Gandi Nagar",26.7947859882717,82.7274826923493
UTTAR PRADESH,Bijnor,Bijnor,"Ground Floor, Shop No.-4, Krishna Plaza, Near Srs Mall, Shakti Chowk, Dist-Bijnor",29.3806267,78.1357384
UTTAR PRADESH,Dadri,Dadri,"Ground Floor, Chitehra, Near Canara Bank, Dadri, Gautam Buddha Nagar",28.539657,77.567913
UTTAR PRADESH,Deoria,Deoria,"House no 955/2, First Floor, Gorakhpur Road, In front of ICICI Bank, village Bharauli Bazar, Salempur Majhauli",26.506860553056,83.7777022768333
Uttar Pradesh,Dhampur,Dhampur,"Khasra no. 32 PVT plot no, 2 village alhepur ( nourangabad) Pargana seohara road near st. marry school tehsil Dhampur",29.30196,78.51539
Uttar Pradesh,Etawah,Etawah,"First Floor, Jawa Bike Showroom, Near old Agra Kanpur road, Mahera Chungi, Tehsil Sadar, District Etawah",26.7789049,79.0284469
Uttar Pradesh,Farrukhabad,Farrukhabad,"1/C-1, Second Floor, Lohia Complex, Avas Vikas, Sector 1, Lohiapuram, Farrukhabad",27.3802172,79.596472
Uttar Pradesh,Fatehpur-Up,Fatehpur-Up,"Plot number- 349A, 1st Floor, Rama Shyama Civil Iines, Fatehpur",26.5624846,80.2686089
Uttar Pradesh,Firozabad,Firozabad,"Plot no. 30, First Floor, Monapuram, Ganesh Nagar, Dist. Firozabad",27.1639969,78.3748346
UTTAR PRADESH,Ghaziabad,Ghaziabad,"Plot no.-B-11, Office No.-b-1, Second Floor, RDC, Raj Nagar, Distt.- Ghaziabad",28.674506,77.444189
Uttar Pradesh,Gola Gokarannath,Gola Gokarannath,"Ground Floor, Moh Jagdamba Colony , in front of CGNPG college, Lakhimpur road, Tehsil Gola, District Lakhimpur Kheri",28.0682172,80.4813782
Uttar Pradesh,Gonda,Gonda,"Upper Ground Floor, Pathwalia Porter Ganj, Lucknow Road, Gonda",27.1322107039837,81.923797233393
Uttar Pradesh,Gorakhpur,Gorakhpur,"Part of Khasra no. 184, First Floor, Silver Height Building, Jhungia Bazar, Gulhariya, Medical Collage Road, Tehsil Sadar, District Gorakhpur",26.8234859651272,83.407545382784
UTTAR PRADESH,Greater Noida,Greater Noida,"S L Tower, Plot No.-B-3, Shop No.-129, First Floor, Alpha Commercial Belt-1, Sector-Alpha-I, Greater Noida, Gautam Budh Nagar",28.472284,77.51436
UTTAR PRADESH,Hapur,Hapur,"245101House No.-1197, Ground Floor, In Front Of Police Station, Arjun Nagar, Delhi Road, Distt.-Hapur",28.728705,77.765236
UTTAR PRADESH,Hardoi,Hardoi,"First Floor, Siyaram Colony, Lucknow Chungi, Bilgram Road, Circular Road, Hardoi, Dist-Hardoi",27.38703466,80.1335469
UTTAR PRADESH,Jewar,Jewar,"Ground Floor, Mohalla Khauriya, Near Petrol Pump, Tappal Road, Jewar, Gautam Buddh Nagar",28.1147572,77.55670562
Uttar Pradesh,Jhansi,JHANSI,"Upper Ground Floor, 1044, Jhaokan Bagh, near Jail choraha, Christian Inter collage Compound",25.4453109209232,78.5760779442154
Uttar Pradesh,Kannauj,Kannauj,"Khasra no. 152, Mahavir Complex, 1st floor, Bala Ji Nagar, Nasarapur, Tirwa Road, Kannauj",29.63321,77.41173
Uttar Pradesh,Kanpur,Kanpur,"109/370, First Floor, RK Nagar, GT Road, District Kanpur",26.4665128,80.3165351
UTTAR PRADESH,Lakhimpur,Lakhimpur,"First Floor, Anand Nagar, Lrp Road, Lakhimpur Kheri",27.930954,80.777668
Uttar Pradesh,Lalganj,Lalganj,"Khasra No. 6/2, Ground Floor, Village Basu Ghari, Lalganj, Raebarelli",26.1793673,80.9552532
Uttar Pradesh,Lalitpur,LALITPUR,"First Floor, 4/2 Rawatyana, Patel Nagar, Hadbahar Nagar Palika",24.674485,78.437578
UTTAR PRADESH,Lucknow,Lucknow,"Second Floor, Shop No-23, Jb Emperor Square, Near Apollo Medics Hospital, Lucknow",26.797507,80.902171
UTTAR PRADESH,Lucknow Ro,Lucknow Ro,"4Th Floor Tower 10(T-10), Millenium Palace, Ibb-2, Sushant Golf City, Sultanpur Road, Dist-Lucknow",26.7825595054587,80.9900142586224
Uttar Pradesh,Mahoba,Mahoba,"First Floor, Gandhi Nagar, Near Navin Mandi, Charkhari Bypass road, Tehsil & District Mahoba",25.297437,79.877937
Uttar Pradesh,Maholi,Maholi,"Khasra no. 519, Upper Ground Floor, 06 Maholi Anadar Nagar Palika, Sonaran tola, Tehsil Maholi, District Sitapur",27.6616583411357,80.4753553764733
Uttar Pradesh,Mainpuri,Mainpuri,"Khasra No. 1612, Situated at First Floor, Kharpari (Bhanwat road), Pargana, Tehsil & District Mainpuri,",27.21536,79.04345
Uttar Pradesh,Mathura,Mathura,"Khasra No. 1312, 1306, 1314, 1309, 1308, 1st Floor, Summar Complex, Chandrlokh Colony, Bhuteshwar road, Mathura, Dist. Mathura",27.5000407,77.6509751
Uttar Pradesh,Meerut,Meerut,"Khasra no. 1759, Private Shop no. F-1, Shyam Plaza, First Floor, Baghpat Road, Meerut-",,
Uttar Pradesh,Moradabad,Moradabad,"3rd Floor, Khasra No.146, Majholi Choraha, Delhi Road, Near Mandir Tehsil & District Moradabad",28.8361481,78.7470071
UTTAR PRADESH,Muzzafarnagar,Muzzafarnagar,"Opp. Main Gate Shanti Nagar, Above Radhika Cement Agency, Bhopa Road, Muzzafarnagar",29.47198572,77.72985873
UTTAR PRADESH,Najibabad,Najibabad,"First Floor, Shree Sai Complex, Opposite All India Radio, Nh-74, Kotwali Road, Najibabad, Dist-Bijnor",29.600934,78.340736
Uttar Pradesh,Orai,ORAI,"605, First Floor, Arazi no. 591, Jail Road, Patel Nagar, Orai, District Jalaun",25.9909604799208,79.4419840217902
UTTAR PRADESH,Raebareli,Raebareli,"1-A Firoze Gandhi Nagar, Civil Lines, Dist-Raebareli",26.21838793,81.25476496
UTTAR PRADESH,Rampur,Rampur,"48A, First Floor, Shaukatali Road, Opp.Hdfc Bank, Rampur",28.794153,79.022239
UTTAR PRADESH,Saharanpur,Saharanpur,"First Floor, Above Samsung Store, 36, Kamal Colony, Kishore Bagh, Main Delhi Road, Saharanpur",29.945959,77.545953
Uttar Pradesh,Shahjahanpur,Shahjahanpur,"Second Floor, Prakash Tower, 2 Civil Lines, Shahjahanpur",27.891218,79.9113614
UTTAR PRADESH,Shamli,Shamli,"Khasra No. 4913, 1st Floor, Shree Amba Complex, Battery Market, Near Bus Stand, Meerut Karnal Road, Tehsil and Dist. Shamli-",29.44581,77.303205
Uttar Pradesh,Siddharth Nagar,Siddharth Nagar,"Khasra no. 346min, First Floor, Village-Tharauli Thappa, Tharauli, Pargana, Tehsil Naugarh, Dist. Siddharthnagar",27.2663898827063,83.0832973569639
UTTAR PRADESH,Sitapur,Sitapur,"First Floor, 25 Head Post Office Road, Near Eye Hospital Sitapur",27.562357,80.67561
Uttar Pradesh,Unnao,Unnao,"1st Floor, 874, gadan Khera, Bypass, Front Tata Motor, Dist. Unnao",26.5188658,80.4838151
UTTARAKHAND,Almora,ALMORA,"PLOT NO.-242/K, FIRST FLOOR, ABOVE UTKARSH SMALL FINANCE BANK, NEAR PITAMBER HOTEL, MALL ROAD, BAKSHI KHOLA, DHARNAULA, ALMORA, DISTT.-ALMORA",29.601705,79.662166
UTTARAKHAND,Bageshwar,BAGESHWAR,"Ground Floor, Bhagirathi Kanda road, Chandika Bypass, old RTO Office",,
Uttarakhand,Chamba Rishikesh Road,CHAMBA RISHIKESH ROAD,"First Floor, Rishikesh Road, Near Indian oil Petrol Pump, Chamba",30.34081,78.39761
UTTARAKHAND,Dehradun,DEHRADUN,"SHAKTI TOWER, SECOND FLOOR, KHASRA NO.-212, GMS ROAD, OPP. SANDHU BUSNIESS CENTER, TRANSPORT NAGAR, DEHRADUN, DISTT.- DEHRADUN",30.283406,77.991236
UTTARAKHAND,Haldwani,HALDWANI,"GURU NANAK TOWER, FIRST FLOOR, BLOCK-D, PROPERTY NO.-1158/3/1, DURGA CITY CENTER, BHOTIA PARAO, HALDWANI, DISTT.-NAINITAL",29.228589,79.530285
UTTARAKHAND,Haridwar,HARIDWAR,"PLOT NO.-1, SECOND FLOOR, SAKUNTALA SHYAMLAL, NEAR CHANDRACHARYA CHOWK, NEW HARIDWAR COLONY, HAIDWAR, TEHSIL & DISTT.-HARIDWAR",29.933903,78.135513
UTTARAKHAND,Kashipur,KASHIPUR,"257, FIRST FLOOR, MAHESHPURA, RAMNAGAR ROAD, KASHIPUR, DISTT.-UDHAM SINGH NAGAR",29.216244,78.964035
Uttarakhand,Khatima,Khatima,"Shop No. 2, First Floor, Sheetal Market, Near Reliance Petrol Pump, Sitarganj road, Khatima, Dist. Udham Singh Nagar-",28.9265857481079,79.9708585201776
Uttarakhand,Mussoorie,MUSSOORIE,"Ground Floor, Property no. 601, Ward no. 2,Barloganj, Mussoorie, Dist. Dehradun",30.439088,78.086657
UTTARAKHAND,Pithoragarh,PITHORAGARH,"JOSHI TOWER, FIRST FLOOR, NH-9, CHANDRABHAGA, AINCHOLI, PITHORAGARH, DISTT.-PITHORAGARH",29.571911,80.210015
UTTARAKHAND,Roorkee,ROORKEE,"SECOND FLOOR, ABOVE MUTHOOT FINANCE OFFICE, AAVAS VIKAS COLONY, RAMNAGAR, DEHRADUN ROAD, ROORKEE, TEHSIL & DISTT.-HARIDWAR",29.875961,77.876413
UTTARAKHAND,Rudrapur,Rudrapur,"Grover Developers, 3rd floor, SGAD Complex, Nainital Road, Rudrapur",28.9815875,79.3965051
UTTARAKHAND,Sitarganj,SITARGANJ,"GROUND FLOOR, KHASRA NO.-183/1/4, WARD NO.-3, RAM SHYAM INDUSTRIES, NEAR ORIENTAL BANK OF COMMERCE, KHATIMA ROAD, SITARGANJ, DISTT.-UDHAM SINGH NAGAR",28.928886,79.707421
UTTARAKHAND,Srinagar,SRINAGAR,"FIRST FLOOR, KHET NO.-1334, PADIYAR COMPLEX, NEAR HNB UNIVERSITY GATE, SRINAGAR, DISTT.-PAURI GARHWAL",30.221751,78.780648
Uttarakhand,Uttarkashi,UTTARKASHI,"Khasra no. 2277 & 2279 , Upper Ground floor, Nautiyal Bhawan, Anand Nagar, near Gangotri Rastriya Rajmarg, Gyansu, Patti- Badahat, Tehsilbhatwadi",30.73175,78.420966
UTTARAKHAND,Vikas Nagar,VIKAS NAGAR,"SIDDHI VINAYAK TOWER, FIRST FLOOR, CHAKARATA ROAD, JEEWANGARH, VIKAS NAGAR, DISTT.-DEHRADUN",30.48371,77.798453
