State,City,Branch,Address,Latitude,Longitude
Delhi -NCR,CORPORATE OFFICE,CORPORATE OFFICE,"CORPORATE OFFICE CSL FINANCE LIMITED Unit no. 716,717, 7th Floor,World Trade Tower, Sector 16,  Noida, Uttar Pradesh -  201301",28.5767307281494,77.3168792724609
Delhi -NCR,Karol Bagh,Karol Bagh,"CSL FINANCE LIMITED office -410-412, 18/12, 4th Floor, W.E.A. Arya Samaj Road Karol Bagh, New Delhi -110005",NA,NA
Delhi -NCR,Gurugram,Gurugram,"Gurugram CSL FINANCE LIMITED Shop No 144/7, 1st Floor, Verma Tower Bhim Nagar Chowk, Near Railway Road Gurugram, Haryana-122001 ",NA,NA
Delhi -NCR,Noida,Noida,"Noida CSL FINANCE LIMITED Khata no.-451, First floor, Sharma Market, Hoshiyarpur, Hoshiarpur Village, sector-51, Noida, Uttar Pradesh 201301 ",NA,NA
Delhi -NCR,Laxmi Nagar,Laxmi Nagar,"Laxmi Nagar CSL FINANCE LIMITED Office No. 301, 2nd Floor,Bhogal Complex, Plot No.3, Veer Savarkar Block, ​​​Shakarpur, Delhi-110092 ",NA,NA
Gujarat,Ahmedabad,Ahmedabad,"Ahmedabad CSL FINANCE LIMITED Office No. SF - 201, City Centre Arcade & Home NR. SRP Campus, Krishnanagar – Naroda Highway, Naroda, Ahmedabad - Gujarat-382346. ",NA,NA
Gujarat,Baroda,Baroda,Baroda CSL FINANCE LIMITED Csl Finance Limited Office NO/TF-307 Earth The Land Mark OPP.Satsang Party Plot Sun Pharma Road Vadodara – Gujarat- 390012 ,NA,NA
Gujarat,Bharuch,Bharuch,"Bharuch Premises No - T-06, Golden Square, Near D Mart, Old NH, ABC Chowkadi, Bharuch, Gujarat, 392001 . ",NA,NA
Gujarat,Mahesana,Mahesana,"Mahesana CSL FINANCE LIMITED Shop No. T-8, 3rd Floor, Orbit Small Center, Near Dena   Bank, Radhanpur Curcle, Mehsana, Gujrat - 384002. ",NA,NA
Gujarat,Siddhpur,Siddhpur,"Siddhpur CSL Finance Ltd - Office No. F-1, 1st Floor, Pramukh Plaza Sidhpur, Siddhraj Jaisinh Rd, near Laxmi Market, Patan, Gujarat 384151 ",NA,NA
Gujarat,Surat,Surat,"Surat CSL FINANCE LIMITED office No- 109,Palash Palladia, Near Galaxy Circle, Green   City Road, Pal, Surat, Gujarat - 395009 ",NA,NA
Gujarat,Navsari,Navsari,"Navsari CSL FINANCE LIMITED Shop no. 306, 3rd  Floor, Sai Darbar Boltigor chhapra Road B/H Technical School, Navsari- Gujarat - 396445 ",NA,NA
Gujarat,Anand,Anand,"Anand CSL FINANCE LIMITED T/6, 3rd   Floor, Radha Arcade, Opposite Indrapuri Society, Lambhvel Road, Near Indira   Statue, Anand, Gujarat – 388001 ",NA,NA
Gujarat,Dahegam,Dahegam,"Dahegam CSL FINANCE LIMITED Premises No 315/316, Balmukund Square, opp. Amin Society, Darshan Society, GIDC, Dahegam, Gujarat 382305 ",NA,NA
Gujarat,Himatnagar,Himatnagar,"Himatnagar CSL FINANCE LIMITED Shop No – 124, 1st Floor, One world, Polytechnic college Cross Road , Shamlaji highway, Motipura, Himatnagar, Sabarkantha, Gujarat - 383001 ",NA,NA
Gujarat,Vapi,Vapi,"Vapi CSL FINANCE LIMITED Shop No - 305, (TF-05), Third Floor, Girnar khusboo plaza, Opp. Vishal mega mart, Near Reliance Smart Mall, G I D C, Vapi, Dist. Valsad, Gujarat - 396195 ",NA,NA
Haryana,Sonipat,Sonipat,"Sonipat CSL FINANCE LIMITED, Corner Building   No. B-1, Second Floor, Indira Colony, Railway Station Gohana Road, Opp. HDFC   Bank - Sonipat - Haryana - 131001 ",NA,NA
Haryana,Ambala,Ambala,"Ambala CSL   FINANCE LIMITED SCO 91,2nd floor Prem Nagar, Above Bajaj Finance Ambala city   HR 134003 ",NA,NA
Haryana,Karnal,Karnal,"Karnal CSL FINANCE LIMITED Sco 150, First Floor, Mugal Canal Road, Karnal, Haryana-132001 ",NA,NA
Haryana,Panipat,Panipat,"Panipat CSL   FINANCE  LIMITED Shop No. 17, 2nd Floor, Mahabir Colony, B.M.K Market,   Behind Hive Hotel, G.T Road, Panipat, Haryana - 132103 ",NA,NA
Haryana,Faridabad,Faridabad,"Faridabad CSL FINANCE LIMITED Shop No - 128, Plot No 69,70,71 First Floor, Om Shubham Tower, Situated at Neelam Bata Road, NIT Faridabad Haryana - 121001 ",NA,NA
Haryana,Yamuna Nagar,Yamuna Nagar,"Yamuna Nagar CSL FINANCE LIMITED SCO - 179,  1st Floor, Sec 17, Jagadhari, Yamuna Nagar, Haryana - 135003 ",NA,NA
Punjab,Ludhiana,Ludhiana,"Ludhiana CSL Finance Limited, 1st Floor, SCO-15, San Plaza Building Feroze Gandhi Market Ludhiana Punjab -141001 ",NA,NA
Punjab,Patiala,Patiala,"Patiala CSL Finance Limited, Premises No- 2nd Floor SCO-15 New Leela Bhawan Market Patiala Punjab-147001 ",NA,NA
Punjab,Rajpura,Rajpura,"Rajpura Shop No.   15-C, Second Floor, Calibre Market, Patiala Road, Rajpura- Punjab –   140401. Click Me",NA,NA
Rajasthan,Ajmer,Ajmer,"Ajmer CSL FINANCE LIMITED AMC No. 419/11=463/10 , Part 2 & 3, Brahampuri, Ajmer –   Rajasthan -305001 ",NA,NA
Rajasthan,Jaipur,Jaipur,"Jaipur CSL FINANCE LIMITED Office No. Office No. 104, 1st Floor, ARG Complex, Sikar road, Jaipur, Rajasthan -302013 ",NA,NA
Rajasthan,Udaipur,Udaipur,Udaipur CSL FINANCE LIMITED Office   No. 205 2nd Floor Icon Tower Madhuban Udaipur- Rajasthan 313001 ,NA,NA
Rajasthan,Sikar,Sikar,"Sikar CSL FINANCE LIMITED Office No 01, 3rd Floor Ocean Plaza, Near Maruti Showroom, Jaipur Road, Sikar, Rajasthan -332001 ",NA,NA
Rajasthan,Rajsamand,Rajsamand,"Rajsamand CSL FINANCE LIMITED 1st Floor, Below Nataraj Namkeen, Near Sharma hospital,   Nathdwara Rd, opp. SBI ATM, Kankroli, Rajsamand -313324 ",NA,NA
Rajasthan,Srimadhopur,Srimadhopur,"Srimadhopur CSL FINANCE LIMITED Premises No Ward no 20, 1st Floor, Lucky Plaza Station Road Near Vrindavan Mart, Shrimadhopur, Sikar, Rajasthan - 332715",NA,NA
Rajasthan,Jobner,Jobner,"Jobner CSL FINANCE LIMITED Shop no 8 ,S.G. Plaza, Naga circle, Jobner bypass ,Jobner ,Jaipur ,Pin -303328 ",NA,NA
Rajasthan,Udaipurwati,Udaipurwati,"Udaipurwati CSL Finance Limited, Premises No 1st Floor,Near Ghumchakkar and AU Bank, Jhunjhunu Road, Udaipurwati,  Rajasthan -   333307 ",NA,NA
Rajasthan,Chittorgarh,Chittorgarh,"Chittorgarh CSL   Finance Limited, Premises No – Ground Floor ,C-3, Mohan Enclave, Meera Nagar,   Chittorgarh, Rajasthan - 312001 ",NA,NA
Rajasthan,Bhilwara,Bhilwara,"Bhilwara CSL   Finance Limited, Premises No – Shop No. 213, 2nd floor, BTC Complex, in front   of Harsh Palace Hotel, Old RTO Road, Bhilwara - 311001 (Raj.) ",NA,NA
Rajasthan,Dausa,Dausa,"Dausa CSL Finance Limited, Shop No 26, 1st Floor, First Tower Building, Agra Road, Dist. Dausa, Near PG Collage Dausa, Rajasthan – 303303 ",NA,NA
Rajasthan,Kuchaman,Kuchaman,"Kuchaman CSL Finance Limited, Shop No - 102, 1st Floor, Rathi Complex, Didwana Rd, Kuchaman City, Rajasthan 341508. ",NA,NA
Uttar Pradesh,Agra,Agra,Agra CSL FINANCE LIMITED Office   57/2 unit no 14 second floor kaveri building Sanjay place Agra pin- 282002 ,NA,NA
Uttar Pradesh,Mathura,Mathura,"Mathura CSL FINANCE LIMITED
Premises No ,Office no – G 17 A,  1st floor, Kaushiki Tower Opposite Roadways Workshop, Mathura, Uttar Pradesh - 281001 ",NA,NA
Uttarakhand,Dehradun,Dehradun,"Dehradun CSL   Finance Limited 92/72,   3rd Floor  Vrindavan Tower, New Cantonment Rd, Hathibarkala, Dehradun,  Uttarakhand 248001 ",NA,NA
Uttarakhand,Haridwar,Haridwar,"Haridwar CSL   Finance Limited Kumar’s building , shop no :-7 first floor , Ram Nagar  Colony Jwalapur , Haridwar 249407 ",NA,NA
